scenario,split,model,configuration,threshold_low,threshold_high,stage2_usage,n_stage2,accuracy,auc,f1,precision,recall,specificity,tn,fp,fn,tp
weak,1,Logistic Regression,Stage 1 only,,,0.0,0,0.6,0.7133333333333334,0.6363636363636364,0.5833333333333334,0.7,0.5,15,15,9,21
weak,1,Logistic Regression,Stage 1 + Stage 2,,,1.0,60,0.8166666666666667,0.8255555555555556,0.8135593220338984,0.8275862068965517,0.8,0.8333333333333334,25,5,6,24
weak,1,Logistic Regression,Cascade,0.2,0.8,0.6666666666666666,40,0.8,0.8122222222222223,0.7931034482758621,0.8214285714285714,0.7666666666666667,0.8333333333333334,25,5,7,23
weak,1,Logistic Regression,Cascade,0.3,0.7,0.48333333333333334,29,0.7833333333333333,0.8111111111111111,0.7868852459016393,0.7741935483870968,0.8,0.7666666666666667,23,7,6,24
weak,1,Logistic Regression,Cascade,0.4,0.6,0.26666666666666666,16,0.6666666666666666,0.7844444444444445,0.7058823529411765,0.631578947368421,0.8,0.5333333333333333,16,14,6,24
weak,1,Random Forest,Stage 1 only,,,0.0,0,0.8333333333333334,0.9133333333333333,0.8571428571428571,0.75,1.0,0.6666666666666666,20,10,0,30
weak,1,Random Forest,Stage 1 + Stage 2,,,1.0,60,0.8666666666666667,0.9466666666666668,0.875,0.8235294117647058,0.9333333333333333,0.8,24,6,2,28
weak,1,Random Forest,Cascade,0.2,0.8,0.6833333333333333,41,0.8666666666666667,0.9411111111111111,0.875,0.8235294117647058,0.9333333333333333,0.8,24,6,2,28
weak,1,Random Forest,Cascade,0.3,0.7,0.26666666666666666,16,0.8333333333333334,0.9233333333333333,0.8484848484848485,0.7777777777777778,0.9333333333333333,0.7333333333333333,22,8,2,28
weak,1,Random Forest,Cascade,0.4,0.6,0.13333333333333333,8,0.85,0.9199999999999999,0.8656716417910447,0.7837837837837838,0.9666666666666667,0.7333333333333333,22,8,1,29
weak,1,XGBoost,Stage 1 only,,,0.0,0,0.8333333333333334,0.931111111111111,0.84375,0.7941176470588235,0.9,0.7666666666666667,23,7,3,27
weak,1,XGBoost,Stage 1 + Stage 2,,,1.0,60,0.8333333333333334,0.9422222222222222,0.8387096774193549,0.8125,0.8666666666666667,0.8,24,6,4,26
weak,1,XGBoost,Cascade,0.2,0.8,0.3,18,0.9,0.9633333333333334,0.9032258064516129,0.875,0.9333333333333333,0.8666666666666667,26,4,2,28
weak,1,XGBoost,Cascade,0.3,0.7,0.18333333333333332,11,0.8833333333333333,0.9500000000000001,0.8888888888888888,0.8484848484848485,0.9333333333333333,0.8333333333333334,25,5,2,28
weak,1,XGBoost,Cascade,0.4,0.6,0.13333333333333333,8,0.8666666666666667,0.9411111111111112,0.875,0.8235294117647058,0.9333333333333333,0.8,24,6,2,28
weak,2,Logistic Regression,Stage 1 only,,,0.0,0,0.6333333333333333,0.6622222222222223,0.6206896551724138,0.6428571428571429,0.6,0.6666666666666666,20,10,12,18
weak,2,Logistic Regression,Stage 1 + Stage 2,,,1.0,60,0.7333333333333333,0.86,0.7333333333333333,0.7333333333333333,0.7333333333333333,0.7333333333333333,22,8,8,22
weak,2,Logistic Regression,Cascade,0.2,0.8,0.8666666666666667,52,0.7,0.8322222222222223,0.6896551724137931,0.7142857142857143,0.6666666666666666,0.7333333333333333,22,8,10,20
weak,2,Logistic Regression,Cascade,0.3,0.7,0.4666666666666667,28,0.7,0.7677777777777778,0.7096774193548387,0.6875,0.7333333333333333,0.6666666666666666,20,10,8,22
weak,2,Logistic Regression,Cascade,0.4,0.6,0.23333333333333334,14,0.6833333333333333,0.7222222222222223,0.6779661016949152,0.6896551724137931,0.6666666666666666,0.7,21,9,10,20
weak,2,Random Forest,Stage 1 only,,,0.0,0,0.8666666666666667,0.9277777777777778,0.875,0.8235294117647058,0.9333333333333333,0.8,24,6,2,28
weak,2,Random Forest,Stage 1 + Stage 2,,,1.0,60,0.8666666666666667,0.966111111111111,0.875,0.8235294117647058,0.9333333333333333,0.8,24,6,2,28
weak,2,Random Forest,Cascade,0.2,0.8,0.7166666666666667,43,0.8666666666666667,0.9444444444444444,0.875,0.8235294117647058,0.9333333333333333,0.8,24,6,2,28
weak,2,Random Forest,Cascade,0.3,0.7,0.36666666666666664,22,0.8666666666666667,0.94,0.875,0.8235294117647058,0.9333333333333333,0.8,24,6,2,28
weak,2,Random Forest,Cascade,0.4,0.6,0.16666666666666666,10,0.85,0.9222222222222223,0.8615384615384616,0.8,0.9333333333333333,0.7666666666666667,23,7,2,28
weak,2,XGBoost,Stage 1 only,,,0.0,0,0.85,0.9255555555555557,0.8524590163934426,0.8387096774193549,0.8666666666666667,0.8333333333333334,25,5,4,26
weak,2,XGBoost,Stage 1 + Stage 2,,,1.0,60,0.8666666666666667,0.9244444444444445,0.8666666666666667,0.8666666666666667,0.8666666666666667,0.8666666666666667,26,4,4,26
weak,2,XGBoost,Cascade,0.2,0.8,0.3,18,0.8833333333333333,0.9033333333333333,0.8852459016393442,0.8709677419354839,0.9,0.8666666666666667,26,4,3,27
weak,2,XGBoost,Cascade,0.3,0.7,0.16666666666666666,10,0.85,0.8877777777777778,0.8524590163934426,0.8387096774193549,0.8666666666666667,0.8333333333333334,25,5,4,26
weak,2,XGBoost,Cascade,0.4,0.6,0.06666666666666667,4,0.85,0.9033333333333333,0.8524590163934426,0.8387096774193549,0.8666666666666667,0.8333333333333334,25,5,4,26
weak,3,Logistic Regression,Stage 1 only,,,0.0,0,0.7166666666666667,0.7366666666666667,0.711864406779661,0.7241379310344828,0.7,0.7333333333333333,22,8,9,21
weak,3,Logistic Regression,Stage 1 + Stage 2,,,1.0,60,0.7666666666666667,0.8322222222222222,0.78125,0.7352941176470589,0.8333333333333334,0.7,21,9,5,25
weak,3,Logistic Regression,Cascade,0.2,0.8,0.7333333333333333,44,0.7666666666666667,0.8211111111111111,0.78125,0.7352941176470589,0.8333333333333334,0.7,21,9,5,25
weak,3,Logistic Regression,Cascade,0.3,0.7,0.4666666666666667,28,0.7833333333333333,0.8244444444444444,0.7936507936507936,0.7575757575757576,0.8333333333333334,0.7333333333333333,22,8,5,25
weak,3,Logistic Regression,Cascade,0.4,0.6,0.3,18,0.7666666666666667,0.7966666666666666,0.7666666666666667,0.7666666666666667,0.7666666666666667,0.7666666666666667,23,7,7,23
weak,3,Random Forest,Stage 1 only,,,0.0,0,0.9,0.9294444444444444,0.90625,0.8529411764705882,0.9666666666666667,0.8333333333333334,25,5,1,29
weak,3,Random Forest,Stage 1 + Stage 2,,,1.0,60,0.9,0.9472222222222222,0.9090909090909091,0.8333333333333334,1.0,0.8,24,6,0,30
weak,3,Random Forest,Cascade,0.2,0.8,0.5333333333333333,32,0.8833333333333333,0.9172222222222222,0.8955223880597015,0.8108108108108109,1.0,0.7666666666666667,23,7,0,30
weak,3,Random Forest,Cascade,0.3,0.7,0.2,12,0.9,0.9227777777777778,0.9090909090909091,0.8333333333333334,1.0,0.8,24,6,0,30
weak,3,Random Forest,Cascade,0.4,0.6,0.06666666666666667,4,0.9,0.9111111111111111,0.9090909090909091,0.8333333333333334,1.0,0.8,24,6,0,30
weak,3,XGBoost,Stage 1 only,,,0.0,0,0.8833333333333333,0.941111111111111,0.8923076923076924,0.8285714285714286,0.9666666666666667,0.8,24,6,1,29
weak,3,XGBoost,Stage 1 + Stage 2,,,1.0,60,0.8166666666666667,0.8922222222222222,0.835820895522388,0.7567567567567568,0.9333333333333333,0.7,21,9,2,28
weak,3,XGBoost,Cascade,0.2,0.8,0.21666666666666667,13,0.85,0.898888888888889,0.8695652173913043,0.7692307692307693,1.0,0.7,21,9,0,30
weak,3,XGBoost,Cascade,0.3,0.7,0.15,9,0.8666666666666667,0.8977777777777778,0.8823529411764706,0.7894736842105263,1.0,0.7333333333333333,22,8,0,30
weak,3,XGBoost,Cascade,0.4,0.6,0.08333333333333333,5,0.8833333333333333,0.9299999999999999,0.8955223880597015,0.8108108108108109,1.0,0.7666666666666667,23,7,0,30
weak,4,Logistic Regression,Stage 1 only,,,0.0,0,0.5833333333333334,0.6477777777777778,0.5901639344262295,0.5806451612903226,0.6,0.5666666666666667,17,13,12,18
weak,4,Logistic Regression,Stage 1 + Stage 2,,,1.0,60,0.7166666666666667,0.8311111111111111,0.711864406779661,0.7241379310344828,0.7,0.7333333333333333,22,8,9,21
weak,4,Logistic Regression,Cascade,0.2,0.8,0.8333333333333334,50,0.7,0.8033333333333333,0.7,0.7,0.7,0.7,21,9,9,21
weak,4,Logistic Regression,Cascade,0.3,0.7,0.65,39,0.7166666666666667,0.7833333333333333,0.7213114754098361,0.7096774193548387,0.7333333333333333,0.7,21,9,8,22
weak,4,Logistic Regression,Cascade,0.4,0.6,0.4,24,0.6666666666666666,0.73,0.6774193548387096,0.65625,0.7,0.6333333333333333,19,11,9,21
weak,4,Random Forest,Stage 1 only,,,0.0,0,0.85,0.8872222222222222,0.8695652173913043,0.7692307692307693,1.0,0.7,21,9,0,30
weak,4,Random Forest,Stage 1 + Stage 2,,,1.0,60,0.8333333333333334,0.9411111111111111,0.8484848484848485,0.7777777777777778,0.9333333333333333,0.7333333333333333,22,8,2,28
weak,4,Random Forest,Cascade,0.2,0.8,0.6,36,0.8333333333333334,0.918888888888889,0.8484848484848485,0.7777777777777778,0.9333333333333333,0.7333333333333333,22,8,2,28
weak,4,Random Forest,Cascade,0.3,0.7,0.35,21,0.85,0.895,0.8656716417910447,0.7837837837837838,0.9666666666666667,0.7333333333333333,22,8,1,29
weak,4,Random Forest,Cascade,0.4,0.6,0.21666666666666667,13,0.8333333333333334,0.8844444444444445,0.8529411764705882,0.7631578947368421,0.9666666666666667,0.7,21,9,1,29
weak,4,XGBoost,Stage 1 only,,,0.0,0,0.7833333333333333,0.8922222222222222,0.8115942028985508,0.717948717948718,0.9333333333333333,0.6333333333333333,19,11,2,28
weak,4,XGBoost,Stage 1 + Stage 2,,,1.0,60,0.8333333333333334,0.9366666666666668,0.8484848484848485,0.7777777777777778,0.9333333333333333,0.7333333333333333,22,8,2,28
weak,4,XGBoost,Cascade,0.2,0.8,0.2833333333333333,17,0.8333333333333334,0.9433333333333334,0.8484848484848485,0.7777777777777778,0.9333333333333333,0.7333333333333333,22,8,2,28
weak,4,XGBoost,Cascade,0.3,0.7,0.11666666666666667,7,0.8,0.9111111111111112,0.8235294117647058,0.7368421052631579,0.9333333333333333,0.6666666666666666,20,10,2,28
weak,4,XGBoost,Cascade,0.4,0.6,0.06666666666666667,4,0.7833333333333333,0.9077777777777778,0.8115942028985508,0.717948717948718,0.9333333333333333,0.6333333333333333,19,11,2,28
weak,5,Logistic Regression,Stage 1 only,,,0.0,0,0.6833333333333333,0.6977777777777778,0.6666666666666666,0.7037037037037037,0.6333333333333333,0.7333333333333333,22,8,11,19
weak,5,Logistic Regression,Stage 1 + Stage 2,,,1.0,60,0.7333333333333333,0.8122222222222223,0.7419354838709677,0.71875,0.7666666666666667,0.7,21,9,7,23
weak,5,Logistic Regression,Cascade,0.2,0.8,0.7166666666666667,43,0.7,0.7677777777777778,0.7,0.7,0.7,0.7,21,9,9,21
weak,5,Logistic Regression,Cascade,0.3,0.7,0.4666666666666667,28,0.7166666666666667,0.7244444444444443,0.7017543859649122,0.7407407407407407,0.6666666666666666,0.7666666666666667,23,7,10,20
weak,5,Logistic Regression,Cascade,0.4,0.6,0.2,12,0.7,0.6855555555555556,0.6896551724137931,0.7142857142857143,0.6666666666666666,0.7333333333333333,22,8,10,20
weak,5,Random Forest,Stage 1 only,,,0.0,0,0.85,0.9344444444444445,0.8695652173913043,0.7692307692307693,1.0,0.7,21,9,0,30
weak,5,Random Forest,Stage 1 + Stage 2,,,1.0,60,0.9,0.9622222222222222,0.90625,0.8529411764705882,0.9666666666666667,0.8333333333333334,25,5,1,29
weak,5,Random Forest,Cascade,0.2,0.8,0.55,33,0.9,0.9544444444444444,0.90625,0.8529411764705882,0.9666666666666667,0.8333333333333334,25,5,1,29
weak,5,Random Forest,Cascade,0.3,0.7,0.2,12,0.8833333333333333,0.9444444444444444,0.8955223880597015,0.8108108108108109,1.0,0.7666666666666667,23,7,0,30
weak,5,Random Forest,Cascade,0.4,0.6,0.08333333333333333,5,0.8666666666666667,0.9411111111111111,0.8823529411764706,0.7894736842105263,1.0,0.7333333333333333,22,8,0,30
weak,5,XGBoost,Stage 1 only,,,0.0,0,0.8166666666666667,0.9544444444444444,0.8307692307692308,0.7714285714285715,0.9,0.7333333333333333,22,8,3,27
weak,5,XGBoost,Stage 1 + Stage 2,,,1.0,60,0.8666666666666667,0.9333333333333333,0.8666666666666667,0.8666666666666667,0.8666666666666667,0.8666666666666667,26,4,4,26
weak,5,XGBoost,Cascade,0.2,0.8,0.23333333333333334,14,0.9,0.9722222222222223,0.90625,0.8529411764705882,0.9666666666666667,0.8333333333333334,25,5,1,29
weak,5,XGBoost,Cascade,0.3,0.7,0.18333333333333332,11,0.9,0.9566666666666668,0.90625,0.8529411764705882,0.9666666666666667,0.8333333333333334,25,5,1,29
weak,5,XGBoost,Cascade,0.4,0.6,0.1,6,0.8666666666666667,0.9644444444444444,0.875,0.8235294117647058,0.9333333333333333,0.8,24,6,2,28
weak,6,Logistic Regression,Stage 1 only,,,0.0,0,0.5833333333333334,0.6377777777777778,0.6153846153846154,0.5714285714285714,0.6666666666666666,0.5,15,15,10,20
weak,6,Logistic Regression,Stage 1 + Stage 2,,,1.0,60,0.7833333333333333,0.8177777777777778,0.7719298245614035,0.8148148148148148,0.7333333333333333,0.8333333333333334,25,5,8,22
weak,6,Logistic Regression,Cascade,0.2,0.8,0.75,45,0.75,0.7622222222222222,0.7368421052631579,0.7777777777777778,0.7,0.8,24,6,9,21
weak,6,Logistic Regression,Cascade,0.3,0.7,0.45,27,0.7,0.7333333333333334,0.7,0.7,0.7,0.7,21,9,9,21
weak,6,Logistic Regression,Cascade,0.4,0.6,0.25,15,0.6333333333333333,0.6599999999999999,0.6333333333333333,0.6333333333333333,0.6333333333333333,0.6333333333333333,19,11,11,19
weak,6,Random Forest,Stage 1 only,,,0.0,0,0.8666666666666667,0.9155555555555556,0.8823529411764706,0.7894736842105263,1.0,0.7333333333333333,22,8,0,30
weak,6,Random Forest,Stage 1 + Stage 2,,,1.0,60,0.9166666666666666,0.96,0.9206349206349206,0.8787878787878788,0.9666666666666667,0.8666666666666667,26,4,1,29
weak,6,Random Forest,Cascade,0.2,0.8,0.65,39,0.9166666666666666,0.9561111111111111,0.9206349206349206,0.8787878787878788,0.9666666666666667,0.8666666666666667,26,4,1,29
weak,6,Random Forest,Cascade,0.3,0.7,0.31666666666666665,19,0.9,0.9383333333333334,0.9090909090909091,0.8333333333333334,1.0,0.8,24,6,0,30
weak,6,Random Forest,Cascade,0.4,0.6,0.11666666666666667,7,0.9,0.928888888888889,0.9090909090909091,0.8333333333333334,1.0,0.8,24,6,0,30
weak,6,XGBoost,Stage 1 only,,,0.0,0,0.8166666666666667,0.9066666666666666,0.8253968253968254,0.7878787878787878,0.8666666666666667,0.7666666666666667,23,7,4,26
weak,6,XGBoost,Stage 1 + Stage 2,,,1.0,60,0.8166666666666667,0.8999999999999999,0.8253968253968254,0.7878787878787878,0.8666666666666667,0.7666666666666667,23,7,4,26
weak,6,XGBoost,Cascade,0.2,0.8,0.2833333333333333,17,0.85,0.9177777777777778,0.8615384615384616,0.8,0.9333333333333333,0.7666666666666667,23,7,2,28
weak,6,XGBoost,Cascade,0.3,0.7,0.16666666666666666,10,0.85,0.9288888888888889,0.8615384615384616,0.8,0.9333333333333333,0.7666666666666667,23,7,2,28
weak,6,XGBoost,Cascade,0.4,0.6,0.06666666666666667,4,0.8333333333333334,0.9266666666666666,0.84375,0.7941176470588235,0.9,0.7666666666666667,23,7,3,27
weak,7,Logistic Regression,Stage 1 only,,,0.0,0,0.5333333333333333,0.5855555555555556,0.5625,0.5294117647058824,0.6,0.4666666666666667,14,16,12,18
weak,7,Logistic Regression,Stage 1 + Stage 2,,,1.0,60,0.75,0.8655555555555556,0.7368421052631579,0.7777777777777778,0.7,0.8,24,6,9,21
weak,7,Logistic Regression,Cascade,0.2,0.8,0.6666666666666666,40,0.7166666666666667,0.8066666666666668,0.711864406779661,0.7241379310344828,0.7,0.7333333333333333,22,8,9,21
weak,7,Logistic Regression,Cascade,0.3,0.7,0.4666666666666667,28,0.7,0.7644444444444445,0.7,0.7,0.7,0.7,21,9,9,21
weak,7,Logistic Regression,Cascade,0.4,0.6,0.2,12,0.5833333333333334,0.6711111111111111,0.5901639344262295,0.5806451612903226,0.6,0.5666666666666667,17,13,12,18
weak,7,Random Forest,Stage 1 only,,,0.0,0,0.8333333333333334,0.8805555555555555,0.84375,0.7941176470588235,0.9,0.7666666666666667,23,7,3,27
weak,7,Random Forest,Stage 1 + Stage 2,,,1.0,60,0.9,0.9299999999999999,0.9032258064516129,0.875,0.9333333333333333,0.8666666666666667,26,4,2,28
weak,7,Random Forest,Cascade,0.2,0.8,0.8166666666666667,49,0.9,0.9216666666666666,0.9032258064516129,0.875,0.9333333333333333,0.8666666666666667,26,4,2,28
weak,7,Random Forest,Cascade,0.3,0.7,0.5333333333333333,32,0.9,0.91,0.9032258064516129,0.875,0.9333333333333333,0.8666666666666667,26,4,2,28
weak,7,Random Forest,Cascade,0.4,0.6,0.25,15,0.8833333333333333,0.8811111111111112,0.8852459016393442,0.8709677419354839,0.9,0.8666666666666667,26,4,3,27
weak,7,XGBoost,Stage 1 only,,,0.0,0,0.8166666666666667,0.8877777777777778,0.8253968253968254,0.7878787878787878,0.8666666666666667,0.7666666666666667,23,7,4,26
weak,7,XGBoost,Stage 1 + Stage 2,,,1.0,60,0.8666666666666667,0.9266666666666667,0.8787878787878788,0.8055555555555556,0.9666666666666667,0.7666666666666667,23,7,1,29
weak,7,XGBoost,Cascade,0.2,0.8,0.38333333333333336,23,0.8666666666666667,0.9077777777777778,0.8787878787878788,0.8055555555555556,0.9666666666666667,0.7666666666666667,23,7,1,29
weak,7,XGBoost,Cascade,0.3,0.7,0.2,12,0.8666666666666667,0.911111111111111,0.8787878787878788,0.8055555555555556,0.9666666666666667,0.7666666666666667,23,7,1,29
weak,7,XGBoost,Cascade,0.4,0.6,0.11666666666666667,7,0.8666666666666667,0.8877777777777778,0.8787878787878788,0.8055555555555556,0.9666666666666667,0.7666666666666667,23,7,1,29
weak,8,Logistic Regression,Stage 1 only,,,0.0,0,0.55,0.6288888888888888,0.5423728813559322,0.5517241379310345,0.5333333333333333,0.5666666666666667,17,13,14,16
weak,8,Logistic Regression,Stage 1 + Stage 2,,,1.0,60,0.7,0.8011111111111112,0.6785714285714286,0.7307692307692307,0.6333333333333333,0.7666666666666667,23,7,11,19
weak,8,Logistic Regression,Cascade,0.2,0.8,0.7166666666666667,43,0.7,0.7722222222222223,0.6785714285714286,0.7307692307692307,0.6333333333333333,0.7666666666666667,23,7,11,19
weak,8,Logistic Regression,Cascade,0.3,0.7,0.4,24,0.65,0.6866666666666666,0.6181818181818182,0.68,0.5666666666666667,0.7333333333333333,22,8,13,17
weak,8,Logistic Regression,Cascade,0.4,0.6,0.2,12,0.6,0.61,0.5555555555555556,0.625,0.5,0.7,21,9,15,15
weak,8,Random Forest,Stage 1 only,,,0.0,0,0.8166666666666667,0.9161111111111112,0.8307692307692308,0.7714285714285715,0.9,0.7333333333333333,22,8,3,27
weak,8,Random Forest,Stage 1 + Stage 2,,,1.0,60,0.85,0.9355555555555556,0.847457627118644,0.8620689655172413,0.8333333333333334,0.8666666666666667,26,4,5,25
weak,8,Random Forest,Cascade,0.2,0.8,0.6333333333333333,38,0.8666666666666667,0.92,0.8666666666666667,0.8666666666666667,0.8666666666666667,0.8666666666666667,26,4,4,26
weak,8,Random Forest,Cascade,0.3,0.7,0.3333333333333333,20,0.8833333333333333,0.9422222222222223,0.8852459016393442,0.8709677419354839,0.9,0.8666666666666667,26,4,3,27
weak,8,Random Forest,Cascade,0.4,0.6,0.18333333333333332,11,0.8666666666666667,0.9394444444444444,0.8709677419354839,0.84375,0.9,0.8333333333333334,25,5,3,27
weak,8,XGBoost,Stage 1 only,,,0.0,0,0.7833333333333333,0.8888888888888888,0.8,0.7428571428571429,0.8666666666666667,0.7,21,9,4,26
weak,8,XGBoost,Stage 1 + Stage 2,,,1.0,60,0.8166666666666667,0.9122222222222223,0.8135593220338984,0.8275862068965517,0.8,0.8333333333333334,25,5,6,24
weak,8,XGBoost,Cascade,0.2,0.8,0.23333333333333334,14,0.85,0.9166666666666667,0.8524590163934426,0.8387096774193549,0.8666666666666667,0.8333333333333334,25,5,4,26
weak,8,XGBoost,Cascade,0.3,0.7,0.13333333333333333,8,0.8333333333333334,0.9122222222222222,0.8387096774193549,0.8125,0.8666666666666667,0.8,24,6,4,26
weak,8,XGBoost,Cascade,0.4,0.6,0.03333333333333333,2,0.8,0.9033333333333333,0.8181818181818182,0.75,0.9,0.7,21,9,3,27
weak,9,Logistic Regression,Stage 1 only,,,0.0,0,0.5,0.5355555555555556,0.53125,0.5,0.5666666666666667,0.43333333333333335,13,17,13,17
weak,9,Logistic Regression,Stage 1 + Stage 2,,,1.0,60,0.7,0.7844444444444445,0.6666666666666666,0.75,0.6,0.8,24,6,12,18
weak,9,Logistic Regression,Cascade,0.2,0.8,0.7833333333333333,47,0.7,0.77,0.6785714285714286,0.7307692307692307,0.6333333333333333,0.7666666666666667,23,7,11,19
weak,9,Logistic Regression,Cascade,0.3,0.7,0.5166666666666667,31,0.65,0.6822222222222222,0.6440677966101694,0.6551724137931034,0.6333333333333333,0.6666666666666666,20,10,11,19
weak,9,Logistic Regression,Cascade,0.4,0.6,0.25,15,0.5666666666666667,0.6566666666666667,0.5666666666666667,0.5666666666666667,0.5666666666666667,0.5666666666666667,17,13,13,17
weak,9,Random Forest,Stage 1 only,,,0.0,0,0.8666666666666667,0.9205555555555556,0.875,0.8235294117647058,0.9333333333333333,0.8,24,6,2,28
weak,9,Random Forest,Stage 1 + Stage 2,,,1.0,60,0.85,0.9122222222222222,0.8571428571428571,0.8181818181818182,0.9,0.8,24,6,3,27
weak,9,Random Forest,Cascade,0.2,0.8,0.8166666666666667,49,0.85,0.8949999999999999,0.8571428571428571,0.8181818181818182,0.9,0.8,24,6,3,27
weak,9,Random Forest,Cascade,0.3,0.7,0.6,36,0.85,0.9033333333333333,0.8571428571428571,0.8181818181818182,0.9,0.8,24,6,3,27
weak,9,Random Forest,Cascade,0.4,0.6,0.26666666666666666,16,0.8333333333333334,0.9105555555555556,0.84375,0.7941176470588235,0.9,0.7666666666666667,23,7,3,27
weak,9,XGBoost,Stage 1 only,,,0.0,0,0.85,0.93,0.8615384615384616,0.8,0.9333333333333333,0.7666666666666667,23,7,2,28
weak,9,XGBoost,Stage 1 + Stage 2,,,1.0,60,0.8,0.8833333333333334,0.8,0.8,0.8,0.8,24,6,6,24
weak,9,XGBoost,Cascade,0.2,0.8,0.2833333333333333,17,0.8666666666666667,0.9222222222222222,0.875,0.8235294117647058,0.9333333333333333,0.8,24,6,2,28
weak,9,XGBoost,Cascade,0.3,0.7,0.18333333333333332,11,0.85,0.9222222222222222,0.8571428571428571,0.8181818181818182,0.9,0.8,24,6,3,27
weak,9,XGBoost,Cascade,0.4,0.6,0.03333333333333333,2,0.8333333333333334,0.92,0.84375,0.7941176470588235,0.9,0.7666666666666667,23,7,3,27
weak,10,Logistic Regression,Stage 1 only,,,0.0,0,0.5833333333333334,0.6033333333333333,0.6153846153846154,0.5714285714285714,0.6666666666666666,0.5,15,15,10,20
weak,10,Logistic Regression,Stage 1 + Stage 2,,,1.0,60,0.6666666666666666,0.8011111111111111,0.6774193548387096,0.65625,0.7,0.6333333333333333,19,11,9,21
weak,10,Logistic Regression,Cascade,0.2,0.8,0.7833333333333333,47,0.6166666666666667,0.7611111111111111,0.6229508196721312,0.6129032258064516,0.6333333333333333,0.6,18,12,11,19
weak,10,Logistic Regression,Cascade,0.3,0.7,0.6,36,0.5666666666666667,0.7033333333333334,0.5666666666666667,0.5666666666666667,0.5666666666666667,0.5666666666666667,17,13,13,17
weak,10,Logistic Regression,Cascade,0.4,0.6,0.25,15,0.6,0.6566666666666667,0.6129032258064516,0.59375,0.6333333333333333,0.5666666666666667,17,13,11,19
weak,10,Random Forest,Stage 1 only,,,0.0,0,0.8333333333333334,0.9372222222222222,0.8484848484848485,0.7777777777777778,0.9333333333333333,0.7333333333333333,22,8,2,28
weak,10,Random Forest,Stage 1 + Stage 2,,,1.0,60,0.9166666666666666,0.9594444444444444,0.9230769230769231,0.8571428571428571,1.0,0.8333333333333334,25,5,0,30
weak,10,Random Forest,Cascade,0.2,0.8,0.65,39,0.9166666666666666,0.9694444444444444,0.9230769230769231,0.8571428571428571,1.0,0.8333333333333334,25,5,0,30
weak,10,Random Forest,Cascade,0.3,0.7,0.43333333333333335,26,0.9,0.9616666666666667,0.9090909090909091,0.8333333333333334,1.0,0.8,24,6,0,30
weak,10,Random Forest,Cascade,0.4,0.6,0.11666666666666667,7,0.8666666666666667,0.9561111111111111,0.8823529411764706,0.7894736842105263,1.0,0.7333333333333333,22,8,0,30
weak,10,XGBoost,Stage 1 only,,,0.0,0,0.8666666666666667,0.9355555555555556,0.875,0.8235294117647058,0.9333333333333333,0.8,24,6,2,28
weak,10,XGBoost,Stage 1 + Stage 2,,,1.0,60,0.7833333333333333,0.9199999999999999,0.7868852459016393,0.7741935483870968,0.8,0.7666666666666667,23,7,6,24
weak,10,XGBoost,Cascade,0.2,0.8,0.45,27,0.8333333333333334,0.938888888888889,0.84375,0.7941176470588235,0.9,0.7666666666666667,23,7,3,27
weak,10,XGBoost,Cascade,0.3,0.7,0.3,18,0.85,0.9422222222222222,0.8615384615384616,0.8,0.9333333333333333,0.7666666666666667,23,7,2,28
weak,10,XGBoost,Cascade,0.4,0.6,0.08333333333333333,5,0.8833333333333333,0.9511111111111111,0.8888888888888888,0.8484848484848485,0.9333333333333333,0.8333333333333334,25,5,2,28
weak,11,Logistic Regression,Stage 1 only,,,0.0,0,0.6166666666666667,0.5944444444444444,0.5660377358490566,0.6521739130434783,0.5,0.7333333333333333,22,8,15,15
weak,11,Logistic Regression,Stage 1 + Stage 2,,,1.0,60,0.8,0.8222222222222222,0.8,0.8,0.8,0.8,24,6,6,24
weak,11,Logistic Regression,Cascade,0.2,0.8,0.75,45,0.7333333333333333,0.7933333333333333,0.7241379310344828,0.75,0.7,0.7666666666666667,23,7,9,21
weak,11,Logistic Regression,Cascade,0.3,0.7,0.45,27,0.7333333333333333,0.8088888888888889,0.7142857142857143,0.7692307692307693,0.6666666666666666,0.8,24,6,10,20
weak,11,Logistic Regression,Cascade,0.4,0.6,0.16666666666666666,10,0.6666666666666666,0.6811111111111111,0.6296296296296297,0.7083333333333334,0.5666666666666667,0.7666666666666667,23,7,13,17
weak,11,Random Forest,Stage 1 only,,,0.0,0,0.8833333333333333,0.8738888888888889,0.8923076923076924,0.8285714285714286,0.9666666666666667,0.8,24,6,1,29
weak,11,Random Forest,Stage 1 + Stage 2,,,1.0,60,0.85,0.9538888888888889,0.8615384615384616,0.8,0.9333333333333333,0.7666666666666667,23,7,2,28
weak,11,Random Forest,Cascade,0.2,0.8,0.8166666666666667,49,0.85,0.9277777777777778,0.8615384615384616,0.8,0.9333333333333333,0.7666666666666667,23,7,2,28
weak,11,Random Forest,Cascade,0.3,0.7,0.48333333333333334,29,0.85,0.8977777777777779,0.8615384615384616,0.8,0.9333333333333333,0.7666666666666667,23,7,2,28
weak,11,Random Forest,Cascade,0.4,0.6,0.23333333333333334,14,0.8666666666666667,0.8877777777777778,0.8787878787878788,0.8055555555555556,0.9666666666666667,0.7666666666666667,23,7,1,29
weak,11,XGBoost,Stage 1 only,,,0.0,0,0.85,0.9099999999999999,0.8615384615384616,0.8,0.9333333333333333,0.7666666666666667,23,7,2,28
weak,11,XGBoost,Stage 1 + Stage 2,,,1.0,60,0.8833333333333333,0.9633333333333334,0.8813559322033898,0.896551724137931,0.8666666666666667,0.9,27,3,4,26
weak,11,XGBoost,Cascade,0.2,0.8,0.36666666666666664,22,0.9166666666666666,0.9533333333333334,0.9180327868852459,0.9032258064516129,0.9333333333333333,0.9,27,3,2,28
weak,11,XGBoost,Cascade,0.3,0.7,0.2,12,0.8833333333333333,0.9422222222222222,0.8888888888888888,0.8484848484848485,0.9333333333333333,0.8333333333333334,25,5,2,28
weak,11,XGBoost,Cascade,0.4,0.6,0.1,6,0.8666666666666667,0.9222222222222222,0.875,0.8235294117647058,0.9333333333333333,0.8,24,6,2,28
weak,12,Logistic Regression,Stage 1 only,,,0.0,0,0.6333333333333333,0.6533333333333333,0.65625,0.6176470588235294,0.7,0.5666666666666667,17,13,9,21
weak,12,Logistic Regression,Stage 1 + Stage 2,,,1.0,60,0.7166666666666667,0.8288888888888889,0.746268656716418,0.6756756756756757,0.8333333333333334,0.6,18,12,5,25
weak,12,Logistic Regression,Cascade,0.2,0.8,0.8,48,0.7333333333333333,0.8411111111111111,0.7575757575757576,0.6944444444444444,0.8333333333333334,0.6333333333333333,19,11,5,25
weak,12,Logistic Regression,Cascade,0.3,0.7,0.4666666666666667,28,0.7,0.7755555555555556,0.7272727272727273,0.6666666666666666,0.8,0.6,18,12,6,24
weak,12,Logistic Regression,Cascade,0.4,0.6,0.25,15,0.6833333333333333,0.7211111111111111,0.7164179104477612,0.6486486486486487,0.8,0.5666666666666667,17,13,6,24
weak,12,Random Forest,Stage 1 only,,,0.0,0,0.8666666666666667,0.9327777777777777,0.8823529411764706,0.7894736842105263,1.0,0.7333333333333333,22,8,0,30
weak,12,Random Forest,Stage 1 + Stage 2,,,1.0,60,0.8666666666666667,0.9455555555555556,0.8823529411764706,0.7894736842105263,1.0,0.7333333333333333,22,8,0,30
weak,12,Random Forest,Cascade,0.2,0.8,0.6833333333333333,41,0.8666666666666667,0.9288888888888889,0.8823529411764706,0.7894736842105263,1.0,0.7333333333333333,22,8,0,30
weak,12,Random Forest,Cascade,0.3,0.7,0.3333333333333333,20,0.8666666666666667,0.9438888888888889,0.8823529411764706,0.7894736842105263,1.0,0.7333333333333333,22,8,0,30
weak,12,Random Forest,Cascade,0.4,0.6,0.15,9,0.8333333333333334,0.9444444444444444,0.8571428571428571,0.75,1.0,0.6666666666666666,20,10,0,30
weak,12,XGBoost,Stage 1 only,,,0.0,0,0.8333333333333334,0.9133333333333333,0.8529411764705882,0.7631578947368421,0.9666666666666667,0.7,21,9,1,29
weak,12,XGBoost,Stage 1 + Stage 2,,,1.0,60,0.85,0.9455555555555555,0.8656716417910447,0.7837837837837838,0.9666666666666667,0.7333333333333333,22,8,1,29
weak,12,XGBoost,Cascade,0.2,0.8,0.3333333333333333,20,0.8666666666666667,0.9277777777777778,0.8787878787878788,0.8055555555555556,0.9666666666666667,0.7666666666666667,23,7,1,29
weak,12,XGBoost,Cascade,0.3,0.7,0.2,12,0.8833333333333333,0.9355555555555556,0.8955223880597015,0.8108108108108109,1.0,0.7666666666666667,23,7,0,30
weak,12,XGBoost,Cascade,0.4,0.6,0.1,6,0.8666666666666667,0.9266666666666667,0.8823529411764706,0.7894736842105263,1.0,0.7333333333333333,22,8,0,30
weak,13,Logistic Regression,Stage 1 only,,,0.0,0,0.55,0.6177777777777778,0.5573770491803278,0.5483870967741935,0.5666666666666667,0.5333333333333333,16,14,13,17
weak,13,Logistic Regression,Stage 1 + Stage 2,,,1.0,60,0.75,0.8244444444444444,0.7540983606557377,0.7419354838709677,0.7666666666666667,0.7333333333333333,22,8,7,23
weak,13,Logistic Regression,Cascade,0.2,0.8,0.6333333333333333,38,0.7166666666666667,0.768888888888889,0.711864406779661,0.7241379310344828,0.7,0.7333333333333333,22,8,9,21
weak,13,Logistic Regression,Cascade,0.3,0.7,0.36666666666666664,22,0.65,0.7011111111111111,0.631578947368421,0.6666666666666666,0.6,0.7,21,9,12,18
weak,13,Logistic Regression,Cascade,0.4,0.6,0.13333333333333333,8,0.5833333333333334,0.6622222222222223,0.5614035087719298,0.5925925925925926,0.5333333333333333,0.6333333333333333,19,11,14,16
weak,13,Random Forest,Stage 1 only,,,0.0,0,0.8666666666666667,0.9377777777777778,0.875,0.8235294117647058,0.9333333333333333,0.8,24,6,2,28
weak,13,Random Forest,Stage 1 + Stage 2,,,1.0,60,0.8833333333333333,0.9511111111111111,0.8888888888888888,0.8484848484848485,0.9333333333333333,0.8333333333333334,25,5,2,28
weak,13,Random Forest,Cascade,0.2,0.8,0.6833333333333333,41,0.8833333333333333,0.9322222222222223,0.8888888888888888,0.8484848484848485,0.9333333333333333,0.8333333333333334,25,5,2,28
weak,13,Random Forest,Cascade,0.3,0.7,0.38333333333333336,23,0.8833333333333333,0.9405555555555556,0.8888888888888888,0.8484848484848485,0.9333333333333333,0.8333333333333334,25,5,2,28
weak,13,Random Forest,Cascade,0.4,0.6,0.16666666666666666,10,0.9,0.9494444444444444,0.9032258064516129,0.875,0.9333333333333333,0.8666666666666667,26,4,2,28
weak,13,XGBoost,Stage 1 only,,,0.0,0,0.8666666666666667,0.9355555555555556,0.875,0.8235294117647058,0.9333333333333333,0.8,24,6,2,28
weak,13,XGBoost,Stage 1 + Stage 2,,,1.0,60,0.8166666666666667,0.9044444444444445,0.8253968253968254,0.7878787878787878,0.8666666666666667,0.7666666666666667,23,7,4,26
weak,13,XGBoost,Cascade,0.2,0.8,0.3333333333333333,20,0.8166666666666667,0.9044444444444445,0.8253968253968254,0.7878787878787878,0.8666666666666667,0.7666666666666667,23,7,4,26
weak,13,XGBoost,Cascade,0.3,0.7,0.25,15,0.85,0.9133333333333333,0.8571428571428571,0.8181818181818182,0.9,0.8,24,6,3,27
weak,13,XGBoost,Cascade,0.4,0.6,0.08333333333333333,5,0.8333333333333334,0.9,0.84375,0.7941176470588235,0.9,0.7666666666666667,23,7,3,27
weak,14,Logistic Regression,Stage 1 only,,,0.0,0,0.55,0.6655555555555556,0.5714285714285714,0.5454545454545454,0.6,0.5,15,15,12,18
weak,14,Logistic Regression,Stage 1 + Stage 2,,,1.0,60,0.8333333333333334,0.8788888888888889,0.8333333333333334,0.8333333333333334,0.8333333333333334,0.8333333333333334,25,5,5,25
weak,14,Logistic Regression,Cascade,0.2,0.8,0.8333333333333334,50,0.8166666666666667,0.8566666666666667,0.8135593220338984,0.8275862068965517,0.8,0.8333333333333334,25,5,6,24
weak,14,Logistic Regression,Cascade,0.3,0.7,0.5,30,0.75,0.83,0.7457627118644068,0.7586206896551724,0.7333333333333333,0.7666666666666667,23,7,8,22
weak,14,Logistic Regression,Cascade,0.4,0.6,0.25,15,0.65,0.7644444444444444,0.6557377049180327,0.6451612903225806,0.6666666666666666,0.6333333333333333,19,11,10,20
weak,14,Random Forest,Stage 1 only,,,0.0,0,0.85,0.9683333333333333,0.8695652173913043,0.7692307692307693,1.0,0.7,21,9,0,30
weak,14,Random Forest,Stage 1 + Stage 2,,,1.0,60,0.8833333333333333,0.9877777777777778,0.8955223880597015,0.8108108108108109,1.0,0.7666666666666667,23,7,0,30
weak,14,Random Forest,Cascade,0.2,0.8,0.6666666666666666,40,0.8833333333333333,0.99,0.8955223880597015,0.8108108108108109,1.0,0.7666666666666667,23,7,0,30
weak,14,Random Forest,Cascade,0.3,0.7,0.31666666666666665,19,0.8833333333333333,0.9944444444444445,0.8955223880597015,0.8108108108108109,1.0,0.7666666666666667,23,7,0,30
weak,14,Random Forest,Cascade,0.4,0.6,0.08333333333333333,5,0.85,0.9811111111111112,0.8695652173913043,0.7692307692307693,1.0,0.7,21,9,0,30
weak,14,XGBoost,Stage 1 only,,,0.0,0,0.8833333333333333,0.9633333333333334,0.8923076923076924,0.8285714285714286,0.9666666666666667,0.8,24,6,1,29
weak,14,XGBoost,Stage 1 + Stage 2,,,1.0,60,0.9,0.9600000000000001,0.9090909090909091,0.8333333333333334,1.0,0.8,24,6,0,30
weak,14,XGBoost,Cascade,0.2,0.8,0.23333333333333334,14,0.9,0.9777777777777779,0.9090909090909091,0.8333333333333334,1.0,0.8,24,6,0,30
weak,14,XGBoost,Cascade,0.3,0.7,0.15,9,0.9,0.9733333333333334,0.9090909090909091,0.8333333333333334,1.0,0.8,24,6,0,30
weak,14,XGBoost,Cascade,0.4,0.6,0.08333333333333333,5,0.8833333333333333,0.9522222222222223,0.8923076923076924,0.8285714285714286,0.9666666666666667,0.8,24,6,1,29
weak,15,Logistic Regression,Stage 1 only,,,0.0,0,0.5833333333333334,0.6344444444444446,0.576271186440678,0.5862068965517241,0.5666666666666667,0.6,18,12,13,17
weak,15,Logistic Regression,Stage 1 + Stage 2,,,1.0,60,0.6666666666666666,0.7688888888888888,0.6551724137931034,0.6785714285714286,0.6333333333333333,0.7,21,9,11,19
weak,15,Logistic Regression,Cascade,0.2,0.8,0.75,45,0.6833333333333333,0.7433333333333333,0.6779661016949152,0.6896551724137931,0.6666666666666666,0.7,21,9,10,20
weak,15,Logistic Regression,Cascade,0.3,0.7,0.55,33,0.7,0.7033333333333334,0.6896551724137931,0.7142857142857143,0.6666666666666666,0.7333333333333333,22,8,10,20
weak,15,Logistic Regression,Cascade,0.4,0.6,0.31666666666666665,19,0.6666666666666666,0.68,0.6774193548387096,0.65625,0.7,0.6333333333333333,19,11,9,21
weak,15,Random Forest,Stage 1 only,,,0.0,0,0.9,0.98,0.9090909090909091,0.8333333333333334,1.0,0.8,24,6,0,30
weak,15,Random Forest,Stage 1 + Stage 2,,,1.0,60,0.85,0.9305555555555556,0.847457627118644,0.8620689655172413,0.8333333333333334,0.8666666666666667,26,4,5,25
weak,15,Random Forest,Cascade,0.2,0.8,0.7166666666666667,43,0.85,0.938888888888889,0.847457627118644,0.8620689655172413,0.8333333333333334,0.8666666666666667,26,4,5,25
weak,15,Random Forest,Cascade,0.3,0.7,0.25,15,0.9166666666666666,0.96,0.9206349206349206,0.8787878787878788,0.9666666666666667,0.8666666666666667,26,4,1,29
weak,15,Random Forest,Cascade,0.4,0.6,0.06666666666666667,4,0.9166666666666666,0.98,0.9230769230769231,0.8571428571428571,1.0,0.8333333333333334,25,5,0,30
weak,15,XGBoost,Stage 1 only,,,0.0,0,0.8833333333333333,0.971111111111111,0.8955223880597015,0.8108108108108109,1.0,0.7666666666666667,23,7,0,30
weak,15,XGBoost,Stage 1 + Stage 2,,,1.0,60,0.7833333333333333,0.9233333333333333,0.7796610169491526,0.7931034482758621,0.7666666666666667,0.8,24,6,7,23
weak,15,XGBoost,Cascade,0.2,0.8,0.26666666666666666,16,0.8833333333333333,0.9666666666666666,0.8888888888888888,0.8484848484848485,0.9333333333333333,0.8333333333333334,25,5,2,28
weak,15,XGBoost,Cascade,0.3,0.7,0.11666666666666667,7,0.9,0.9777777777777779,0.90625,0.8529411764705882,0.9666666666666667,0.8333333333333334,25,5,1,29
weak,15,XGBoost,Cascade,0.4,0.6,0.05,3,0.8666666666666667,0.97,0.8787878787878788,0.8055555555555556,0.9666666666666667,0.7666666666666667,23,7,1,29
weak,16,Logistic Regression,Stage 1 only,,,0.0,0,0.6166666666666667,0.6699999999999999,0.5660377358490566,0.6521739130434783,0.5,0.7333333333333333,22,8,15,15
weak,16,Logistic Regression,Stage 1 + Stage 2,,,1.0,60,0.6666666666666666,0.768888888888889,0.6551724137931034,0.6785714285714286,0.6333333333333333,0.7,21,9,11,19
weak,16,Logistic Regression,Cascade,0.2,0.8,0.7333333333333333,44,0.6666666666666666,0.7666666666666666,0.6428571428571429,0.6923076923076923,0.6,0.7333333333333333,22,8,12,18
weak,16,Logistic Regression,Cascade,0.3,0.7,0.48333333333333334,29,0.6833333333333333,0.6966666666666667,0.6415094339622641,0.7391304347826086,0.5666666666666667,0.8,24,6,13,17
weak,16,Logistic Regression,Cascade,0.4,0.6,0.31666666666666665,19,0.6833333333333333,0.6777777777777778,0.6666666666666666,0.7037037037037037,0.6333333333333333,0.7333333333333333,22,8,11,19
weak,16,Random Forest,Stage 1 only,,,0.0,0,0.9,0.9616666666666667,0.9,0.9,0.9,0.9,27,3,3,27
weak,16,Random Forest,Stage 1 + Stage 2,,,1.0,60,0.9,0.9783333333333333,0.9,0.9,0.9,0.9,27,3,3,27
weak,16,Random Forest,Cascade,0.2,0.8,0.6833333333333333,41,0.9,0.9788888888888888,0.9,0.9,0.9,0.9,27,3,3,27
weak,16,Random Forest,Cascade,0.3,0.7,0.31666666666666665,19,0.9166666666666666,0.9716666666666667,0.9180327868852459,0.9032258064516129,0.9333333333333333,0.9,27,3,2,28
weak,16,Random Forest,Cascade,0.4,0.6,0.16666666666666666,10,0.9166666666666666,0.9705555555555555,0.9180327868852459,0.9032258064516129,0.9333333333333333,0.9,27,3,2,28
weak,16,XGBoost,Stage 1 only,,,0.0,0,0.8833333333333333,0.9688888888888889,0.8813559322033898,0.896551724137931,0.8666666666666667,0.9,27,3,4,26
weak,16,XGBoost,Stage 1 + Stage 2,,,1.0,60,0.8833333333333333,0.9666666666666666,0.8813559322033898,0.896551724137931,0.8666666666666667,0.9,27,3,4,26
weak,16,XGBoost,Cascade,0.2,0.8,0.25,15,0.9,0.9822222222222222,0.9,0.9,0.9,0.9,27,3,3,27
weak,16,XGBoost,Cascade,0.3,0.7,0.15,9,0.9,0.9788888888888889,0.9,0.9,0.9,0.9,27,3,3,27
weak,16,XGBoost,Cascade,0.4,0.6,0.06666666666666667,4,0.8833333333333333,0.9733333333333333,0.8813559322033898,0.896551724137931,0.8666666666666667,0.9,27,3,4,26
weak,17,Logistic Regression,Stage 1 only,,,0.0,0,0.65,0.6388888888888888,0.6440677966101694,0.6551724137931034,0.6333333333333333,0.6666666666666666,20,10,11,19
weak,17,Logistic Regression,Stage 1 + Stage 2,,,1.0,60,0.7666666666666667,0.8833333333333333,0.7586206896551724,0.7857142857142857,0.7333333333333333,0.8,24,6,8,22
weak,17,Logistic Regression,Cascade,0.2,0.8,0.8,48,0.75,0.8277777777777777,0.7368421052631579,0.7777777777777778,0.7,0.8,24,6,9,21
weak,17,Logistic Regression,Cascade,0.3,0.7,0.45,27,0.7,0.7533333333333333,0.6896551724137931,0.7142857142857143,0.6666666666666666,0.7333333333333333,22,8,10,20
weak,17,Logistic Regression,Cascade,0.4,0.6,0.26666666666666666,16,0.7,0.7066666666666666,0.6785714285714286,0.7307692307692307,0.6333333333333333,0.7666666666666667,23,7,11,19
weak,17,Random Forest,Stage 1 only,,,0.0,0,0.9166666666666666,0.9655555555555556,0.9230769230769231,0.8571428571428571,1.0,0.8333333333333334,25,5,0,30
weak,17,Random Forest,Stage 1 + Stage 2,,,1.0,60,0.8833333333333333,0.9422222222222222,0.8923076923076924,0.8285714285714286,0.9666666666666667,0.8,24,6,1,29
weak,17,Random Forest,Cascade,0.2,0.8,0.65,39,0.8833333333333333,0.9461111111111111,0.8923076923076924,0.8285714285714286,0.9666666666666667,0.8,24,6,1,29
weak,17,Random Forest,Cascade,0.3,0.7,0.25,15,0.8833333333333333,0.9555555555555555,0.8923076923076924,0.8285714285714286,0.9666666666666667,0.8,24,6,1,29
weak,17,Random Forest,Cascade,0.4,0.6,0.03333333333333333,2,0.9,0.9605555555555556,0.9090909090909091,0.8333333333333334,1.0,0.8,24,6,0,30
weak,17,XGBoost,Stage 1 only,,,0.0,0,0.8666666666666667,0.9255555555555556,0.875,0.8235294117647058,0.9333333333333333,0.8,24,6,2,28
weak,17,XGBoost,Stage 1 + Stage 2,,,1.0,60,0.9,0.9677777777777778,0.9032258064516129,0.875,0.9333333333333333,0.8666666666666667,26,4,2,28
weak,17,XGBoost,Cascade,0.2,0.8,0.23333333333333334,14,0.9,0.96,0.90625,0.8529411764705882,0.9666666666666667,0.8333333333333334,25,5,1,29
weak,17,XGBoost,Cascade,0.3,0.7,0.11666666666666667,7,0.8833333333333333,0.9455555555555556,0.8923076923076924,0.8285714285714286,0.9666666666666667,0.8,24,6,1,29
weak,17,XGBoost,Cascade,0.4,0.6,0.06666666666666667,4,0.8833333333333333,0.9388888888888889,0.8923076923076924,0.8285714285714286,0.9666666666666667,0.8,24,6,1,29
weak,18,Logistic Regression,Stage 1 only,,,0.0,0,0.6333333333333333,0.69,0.65625,0.6176470588235294,0.7,0.5666666666666667,17,13,9,21
weak,18,Logistic Regression,Stage 1 + Stage 2,,,1.0,60,0.6833333333333333,0.7577777777777778,0.6885245901639344,0.6774193548387096,0.7,0.6666666666666666,20,10,9,21
weak,18,Logistic Regression,Cascade,0.2,0.8,0.8,48,0.6666666666666666,0.7355555555555556,0.6666666666666666,0.6666666666666666,0.6666666666666666,0.6666666666666666,20,10,10,20
weak,18,Logistic Regression,Cascade,0.3,0.7,0.6166666666666667,37,0.6833333333333333,0.7033333333333333,0.6984126984126984,0.6666666666666666,0.7333333333333333,0.6333333333333333,19,11,8,22
weak,18,Logistic Regression,Cascade,0.4,0.6,0.25,15,0.6833333333333333,0.7433333333333334,0.6984126984126984,0.6666666666666666,0.7333333333333333,0.6333333333333333,19,11,8,22
weak,18,Random Forest,Stage 1 only,,,0.0,0,0.8833333333333333,0.9561111111111111,0.8923076923076924,0.8285714285714286,0.9666666666666667,0.8,24,6,1,29
weak,18,Random Forest,Stage 1 + Stage 2,,,1.0,60,0.7833333333333333,0.8788888888888889,0.7796610169491526,0.7931034482758621,0.7666666666666667,0.8,24,6,7,23
weak,18,Random Forest,Cascade,0.2,0.8,0.8166666666666667,49,0.8,0.8938888888888888,0.8,0.8,0.8,0.8,24,6,6,24
weak,18,Random Forest,Cascade,0.3,0.7,0.4,24,0.8166666666666667,0.9311111111111112,0.819672131147541,0.8064516129032258,0.8333333333333334,0.8,24,6,5,25
weak,18,Random Forest,Cascade,0.4,0.6,0.25,15,0.8666666666666667,0.9261111111111111,0.875,0.8235294117647058,0.9333333333333333,0.8,24,6,2,28
weak,18,XGBoost,Stage 1 only,,,0.0,0,0.8333333333333334,0.9177777777777778,0.8387096774193549,0.8125,0.8666666666666667,0.8,24,6,4,26
weak,18,XGBoost,Stage 1 + Stage 2,,,1.0,60,0.7666666666666667,0.8577777777777778,0.7666666666666667,0.7666666666666667,0.7666666666666667,0.7666666666666667,23,7,7,23
weak,18,XGBoost,Cascade,0.2,0.8,0.2833333333333333,17,0.8333333333333334,0.9244444444444444,0.84375,0.7941176470588235,0.9,0.7666666666666667,23,7,3,27
weak,18,XGBoost,Cascade,0.3,0.7,0.16666666666666666,10,0.8333333333333334,0.9199999999999999,0.84375,0.7941176470588235,0.9,0.7666666666666667,23,7,3,27
weak,18,XGBoost,Cascade,0.4,0.6,0.08333333333333333,5,0.8333333333333334,0.9311111111111112,0.84375,0.7941176470588235,0.9,0.7666666666666667,23,7,3,27
weak,19,Logistic Regression,Stage 1 only,,,0.0,0,0.55,0.59,0.5846153846153846,0.5428571428571428,0.6333333333333333,0.4666666666666667,14,16,11,19
weak,19,Logistic Regression,Stage 1 + Stage 2,,,1.0,60,0.6,0.7677777777777778,0.6129032258064516,0.59375,0.6333333333333333,0.5666666666666667,17,13,11,19
weak,19,Logistic Regression,Cascade,0.2,0.8,0.7833333333333333,47,0.6166666666666667,0.7677777777777778,0.6349206349206349,0.6060606060606061,0.6666666666666666,0.5666666666666667,17,13,10,20
weak,19,Logistic Regression,Cascade,0.3,0.7,0.5833333333333334,35,0.65,0.7388888888888888,0.6666666666666666,0.6363636363636364,0.7,0.6,18,12,9,21
weak,19,Logistic Regression,Cascade,0.4,0.6,0.2833333333333333,17,0.6,0.6955555555555556,0.625,0.5882352941176471,0.6666666666666666,0.5333333333333333,16,14,10,20
weak,19,Random Forest,Stage 1 only,,,0.0,0,0.8333333333333334,0.8794444444444445,0.8529411764705882,0.7631578947368421,0.9666666666666667,0.7,21,9,1,29
weak,19,Random Forest,Stage 1 + Stage 2,,,1.0,60,0.8166666666666667,0.9016666666666667,0.835820895522388,0.7567567567567568,0.9333333333333333,0.7,21,9,2,28
weak,19,Random Forest,Cascade,0.2,0.8,0.7333333333333333,44,0.8166666666666667,0.8761111111111111,0.835820895522388,0.7567567567567568,0.9333333333333333,0.7,21,9,2,28
weak,19,Random Forest,Cascade,0.3,0.7,0.43333333333333335,26,0.8166666666666667,0.8783333333333333,0.835820895522388,0.7567567567567568,0.9333333333333333,0.7,21,9,2,28
weak,19,Random Forest,Cascade,0.4,0.6,0.18333333333333332,11,0.8333333333333334,0.8633333333333333,0.8529411764705882,0.7631578947368421,0.9666666666666667,0.7,21,9,1,29
weak,19,XGBoost,Stage 1 only,,,0.0,0,0.8,0.8999999999999999,0.8235294117647058,0.7368421052631579,0.9333333333333333,0.6666666666666666,20,10,2,28
weak,19,XGBoost,Stage 1 + Stage 2,,,1.0,60,0.8666666666666667,0.8933333333333333,0.8787878787878788,0.8055555555555556,0.9666666666666667,0.7666666666666667,23,7,1,29
weak,19,XGBoost,Cascade,0.2,0.8,0.3,18,0.8833333333333333,0.9133333333333333,0.8955223880597015,0.8108108108108109,1.0,0.7666666666666667,23,7,0,30
weak,19,XGBoost,Cascade,0.3,0.7,0.21666666666666667,13,0.8833333333333333,0.9266666666666667,0.8955223880597015,0.8108108108108109,1.0,0.7666666666666667,23,7,0,30
weak,19,XGBoost,Cascade,0.4,0.6,0.03333333333333333,2,0.8166666666666667,0.9044444444444444,0.835820895522388,0.7567567567567568,0.9333333333333333,0.7,21,9,2,28
weak,20,Logistic Regression,Stage 1 only,,,0.0,0,0.6,0.6222222222222222,0.6129032258064516,0.59375,0.6333333333333333,0.5666666666666667,17,13,11,19
weak,20,Logistic Regression,Stage 1 + Stage 2,,,1.0,60,0.7666666666666667,0.8477777777777777,0.7586206896551724,0.7857142857142857,0.7333333333333333,0.8,24,6,8,22
weak,20,Logistic Regression,Cascade,0.2,0.8,0.85,51,0.75,0.8211111111111111,0.7457627118644068,0.7586206896551724,0.7333333333333333,0.7666666666666667,23,7,8,22
weak,20,Logistic Regression,Cascade,0.3,0.7,0.6333333333333333,38,0.75,0.8044444444444444,0.7368421052631579,0.7777777777777778,0.7,0.8,24,6,9,21
weak,20,Logistic Regression,Cascade,0.4,0.6,0.2833333333333333,17,0.6166666666666667,0.6855555555555556,0.6101694915254238,0.6206896551724138,0.6,0.6333333333333333,19,11,12,18
weak,20,Random Forest,Stage 1 only,,,0.0,0,0.8833333333333333,0.9272222222222222,0.8923076923076924,0.8285714285714286,0.9666666666666667,0.8,24,6,1,29
weak,20,Random Forest,Stage 1 + Stage 2,,,1.0,60,0.8833333333333333,0.9716666666666666,0.8888888888888888,0.8484848484848485,0.9333333333333333,0.8333333333333334,25,5,2,28
weak,20,Random Forest,Cascade,0.2,0.8,0.6,36,0.8833333333333333,0.9522222222222222,0.8888888888888888,0.8484848484848485,0.9333333333333333,0.8333333333333334,25,5,2,28
weak,20,Random Forest,Cascade,0.3,0.7,0.4166666666666667,25,0.8833333333333333,0.9533333333333333,0.8888888888888888,0.8484848484848485,0.9333333333333333,0.8333333333333334,25,5,2,28
weak,20,Random Forest,Cascade,0.4,0.6,0.18333333333333332,11,0.85,0.9383333333333332,0.8615384615384616,0.8,0.9333333333333333,0.7666666666666667,23,7,2,28
weak,20,XGBoost,Stage 1 only,,,0.0,0,0.8,0.9077777777777778,0.8,0.8,0.8,0.8,24,6,6,24
weak,20,XGBoost,Stage 1 + Stage 2,,,1.0,60,0.8833333333333333,0.9333333333333333,0.8813559322033898,0.896551724137931,0.8666666666666667,0.9,27,3,4,26
weak,20,XGBoost,Cascade,0.2,0.8,0.26666666666666666,16,0.85,0.9144444444444445,0.8571428571428571,0.8181818181818182,0.9,0.8,24,6,3,27
weak,20,XGBoost,Cascade,0.3,0.7,0.21666666666666667,13,0.85,0.9066666666666667,0.8571428571428571,0.8181818181818182,0.9,0.8,24,6,3,27
weak,20,XGBoost,Cascade,0.4,0.6,0.1,6,0.8166666666666667,0.9066666666666667,0.819672131147541,0.8064516129032258,0.8333333333333334,0.8,24,6,5,25
weak,21,Logistic Regression,Stage 1 only,,,0.0,0,0.6,0.72,0.5714285714285714,0.6153846153846154,0.5333333333333333,0.6666666666666666,20,10,14,16
weak,21,Logistic Regression,Stage 1 + Stage 2,,,1.0,60,0.7,0.8155555555555556,0.6785714285714286,0.7307692307692307,0.6333333333333333,0.7666666666666667,23,7,11,19
weak,21,Logistic Regression,Cascade,0.2,0.8,0.85,51,0.7333333333333333,0.8300000000000001,0.7142857142857143,0.7692307692307693,0.6666666666666666,0.8,24,6,10,20
weak,21,Logistic Regression,Cascade,0.3,0.7,0.5666666666666667,34,0.7833333333333333,0.8066666666666669,0.7719298245614035,0.8148148148148148,0.7333333333333333,0.8333333333333334,25,5,8,22
weak,21,Logistic Regression,Cascade,0.4,0.6,0.31666666666666665,19,0.7333333333333333,0.8088888888888889,0.7333333333333333,0.7333333333333333,0.7333333333333333,0.7333333333333333,22,8,8,22
weak,21,Random Forest,Stage 1 only,,,0.0,0,0.9,0.9627777777777778,0.9032258064516129,0.875,0.9333333333333333,0.8666666666666667,26,4,2,28
weak,21,Random Forest,Stage 1 + Stage 2,,,1.0,60,0.9333333333333333,0.985,0.9310344827586207,0.9642857142857143,0.9,0.9666666666666667,29,1,3,27
weak,21,Random Forest,Cascade,0.2,0.8,0.7333333333333333,44,0.9333333333333333,0.9872222222222222,0.9310344827586207,0.9642857142857143,0.9,0.9666666666666667,29,1,3,27
weak,21,Random Forest,Cascade,0.3,0.7,0.3,18,0.95,0.9927777777777779,0.9491525423728814,0.9655172413793104,0.9333333333333333,0.9666666666666667,29,1,2,28
weak,21,Random Forest,Cascade,0.4,0.6,0.13333333333333333,8,0.9166666666666666,0.9738888888888889,0.9206349206349206,0.8787878787878788,0.9666666666666667,0.8666666666666667,26,4,1,29
weak,21,XGBoost,Stage 1 only,,,0.0,0,0.9,0.9788888888888889,0.9032258064516129,0.875,0.9333333333333333,0.8666666666666667,26,4,2,28
weak,21,XGBoost,Stage 1 + Stage 2,,,1.0,60,0.8833333333333333,0.9588888888888889,0.8852459016393442,0.8709677419354839,0.9,0.8666666666666667,26,4,3,27
weak,21,XGBoost,Cascade,0.2,0.8,0.3,18,0.9166666666666666,0.99,0.9180327868852459,0.9032258064516129,0.9333333333333333,0.9,27,3,2,28
weak,21,XGBoost,Cascade,0.3,0.7,0.2,12,0.95,0.9888888888888889,0.9508196721311475,0.9354838709677419,0.9666666666666667,0.9333333333333333,28,2,1,29
weak,21,XGBoost,Cascade,0.4,0.6,0.1,6,0.9166666666666666,0.9855555555555555,0.9206349206349206,0.8787878787878788,0.9666666666666667,0.8666666666666667,26,4,1,29
weak,22,Logistic Regression,Stage 1 only,,,0.0,0,0.6166666666666667,0.6833333333333333,0.6229508196721312,0.6129032258064516,0.6333333333333333,0.6,18,12,11,19
weak,22,Logistic Regression,Stage 1 + Stage 2,,,1.0,60,0.7833333333333333,0.8411111111111111,0.7868852459016393,0.7741935483870968,0.8,0.7666666666666667,23,7,6,24
weak,22,Logistic Regression,Cascade,0.2,0.8,0.7333333333333333,44,0.7833333333333333,0.8211111111111111,0.7796610169491526,0.7931034482758621,0.7666666666666667,0.8,24,6,7,23
weak,22,Logistic Regression,Cascade,0.3,0.7,0.4166666666666667,25,0.75,0.7833333333333333,0.7368421052631579,0.7777777777777778,0.7,0.8,24,6,9,21
weak,22,Logistic Regression,Cascade,0.4,0.6,0.18333333333333332,11,0.7,0.7455555555555556,0.6896551724137931,0.7142857142857143,0.6666666666666666,0.7333333333333333,22,8,10,20
weak,22,Random Forest,Stage 1 only,,,0.0,0,0.8333333333333334,0.8872222222222222,0.8571428571428571,0.75,1.0,0.6666666666666666,20,10,0,30
weak,22,Random Forest,Stage 1 + Stage 2,,,1.0,60,0.9333333333333333,0.9572222222222222,0.9375,0.8823529411764706,1.0,0.8666666666666667,26,4,0,30
weak,22,Random Forest,Cascade,0.2,0.8,0.6833333333333333,41,0.9333333333333333,0.9644444444444444,0.9375,0.8823529411764706,1.0,0.8666666666666667,26,4,0,30
weak,22,Random Forest,Cascade,0.3,0.7,0.43333333333333335,26,0.9,0.9294444444444444,0.9090909090909091,0.8333333333333334,1.0,0.8,24,6,0,30
weak,22,Random Forest,Cascade,0.4,0.6,0.18333333333333332,11,0.9,0.925,0.9090909090909091,0.8333333333333334,1.0,0.8,24,6,0,30
weak,22,XGBoost,Stage 1 only,,,0.0,0,0.85,0.9211111111111111,0.8615384615384616,0.8,0.9333333333333333,0.7666666666666667,23,7,2,28
weak,22,XGBoost,Stage 1 + Stage 2,,,1.0,60,0.8833333333333333,0.9555555555555555,0.8852459016393442,0.8709677419354839,0.9,0.8666666666666667,26,4,3,27
weak,22,XGBoost,Cascade,0.2,0.8,0.38333333333333336,23,0.8666666666666667,0.9344444444444445,0.8709677419354839,0.84375,0.9,0.8333333333333334,25,5,3,27
weak,22,XGBoost,Cascade,0.3,0.7,0.2,12,0.8833333333333333,0.9266666666666667,0.8888888888888888,0.8484848484848485,0.9333333333333333,0.8333333333333334,25,5,2,28
weak,22,XGBoost,Cascade,0.4,0.6,0.1,6,0.8666666666666667,0.9333333333333333,0.875,0.8235294117647058,0.9333333333333333,0.8,24,6,2,28
weak,23,Logistic Regression,Stage 1 only,,,0.0,0,0.6333333333333333,0.6555555555555556,0.6764705882352942,0.6052631578947368,0.7666666666666667,0.5,15,15,7,23
weak,23,Logistic Regression,Stage 1 + Stage 2,,,1.0,60,0.6666666666666666,0.7755555555555556,0.6428571428571429,0.6923076923076923,0.6,0.7333333333333333,22,8,12,18
weak,23,Logistic Regression,Cascade,0.2,0.8,0.7833333333333333,47,0.7,0.7677777777777778,0.7,0.7,0.7,0.7,21,9,9,21
weak,23,Logistic Regression,Cascade,0.3,0.7,0.5166666666666667,31,0.7166666666666667,0.7422222222222223,0.7301587301587301,0.696969696969697,0.7666666666666667,0.6666666666666666,20,10,7,23
weak,23,Logistic Regression,Cascade,0.4,0.6,0.3,18,0.6666666666666666,0.6944444444444444,0.6774193548387096,0.65625,0.7,0.6333333333333333,19,11,9,21
weak,23,Random Forest,Stage 1 only,,,0.0,0,0.8833333333333333,0.9794444444444443,0.8955223880597015,0.8108108108108109,1.0,0.7666666666666667,23,7,0,30
weak,23,Random Forest,Stage 1 + Stage 2,,,1.0,60,0.8,0.9361111111111112,0.8064516129032258,0.78125,0.8333333333333334,0.7666666666666667,23,7,5,25
weak,23,Random Forest,Cascade,0.2,0.8,0.6333333333333333,38,0.8,0.9427777777777777,0.8064516129032258,0.78125,0.8333333333333334,0.7666666666666667,23,7,5,25
weak,23,Random Forest,Cascade,0.3,0.7,0.3,18,0.8333333333333334,0.9688888888888889,0.84375,0.7941176470588235,0.9,0.7666666666666667,23,7,3,27
weak,23,Random Forest,Cascade,0.4,0.6,0.1,6,0.8333333333333334,0.9622222222222223,0.8484848484848485,0.7777777777777778,0.9333333333333333,0.7333333333333333,22,8,2,28
weak,23,XGBoost,Stage 1 only,,,0.0,0,0.8,0.9400000000000001,0.8125,0.7647058823529411,0.8666666666666667,0.7333333333333333,22,8,4,26
weak,23,XGBoost,Stage 1 + Stage 2,,,1.0,60,0.8333333333333334,0.9155555555555555,0.8214285714285714,0.8846153846153846,0.7666666666666667,0.9,27,3,7,23
weak,23,XGBoost,Cascade,0.2,0.8,0.31666666666666665,19,0.8833333333333333,0.9488888888888889,0.8813559322033898,0.896551724137931,0.8666666666666667,0.9,27,3,4,26
weak,23,XGBoost,Cascade,0.3,0.7,0.21666666666666667,13,0.8666666666666667,0.9422222222222222,0.8666666666666667,0.8666666666666667,0.8666666666666667,0.8666666666666667,26,4,4,26
weak,23,XGBoost,Cascade,0.4,0.6,0.06666666666666667,4,0.85,0.9555555555555555,0.8571428571428571,0.8181818181818182,0.9,0.8,24,6,3,27
weak,24,Logistic Regression,Stage 1 only,,,0.0,0,0.6666666666666666,0.74,0.6774193548387096,0.65625,0.7,0.6333333333333333,19,11,9,21
weak,24,Logistic Regression,Stage 1 + Stage 2,,,1.0,60,0.75,0.8366666666666667,0.7692307692307693,0.7142857142857143,0.8333333333333334,0.6666666666666666,20,10,5,25
weak,24,Logistic Regression,Cascade,0.2,0.8,0.8666666666666667,52,0.7666666666666667,0.8511111111111112,0.7878787878787878,0.7222222222222222,0.8666666666666667,0.6666666666666666,20,10,4,26
weak,24,Logistic Regression,Cascade,0.3,0.7,0.5833333333333334,35,0.75,0.8133333333333334,0.7692307692307693,0.7142857142857143,0.8333333333333334,0.6666666666666666,20,10,5,25
weak,24,Logistic Regression,Cascade,0.4,0.6,0.26666666666666666,16,0.75,0.8366666666666667,0.7540983606557377,0.7419354838709677,0.7666666666666667,0.7333333333333333,22,8,7,23
weak,24,Random Forest,Stage 1 only,,,0.0,0,0.8833333333333333,0.9766666666666666,0.8955223880597015,0.8108108108108109,1.0,0.7666666666666667,23,7,0,30
weak,24,Random Forest,Stage 1 + Stage 2,,,1.0,60,0.9,0.9705555555555556,0.90625,0.8529411764705882,0.9666666666666667,0.8333333333333334,25,5,1,29
weak,24,Random Forest,Cascade,0.2,0.8,0.6666666666666666,40,0.9,0.9738888888888888,0.90625,0.8529411764705882,0.9666666666666667,0.8333333333333334,25,5,1,29
weak,24,Random Forest,Cascade,0.3,0.7,0.26666666666666666,16,0.9,0.9838888888888888,0.90625,0.8529411764705882,0.9666666666666667,0.8333333333333334,25,5,1,29
weak,24,Random Forest,Cascade,0.4,0.6,0.08333333333333333,5,0.9,0.9822222222222222,0.9090909090909091,0.8333333333333334,1.0,0.8,24,6,0,30
weak,24,XGBoost,Stage 1 only,,,0.0,0,0.9166666666666666,0.9855555555555555,0.9206349206349206,0.8787878787878788,0.9666666666666667,0.8666666666666667,26,4,1,29
weak,24,XGBoost,Stage 1 + Stage 2,,,1.0,60,0.8833333333333333,0.95,0.8852459016393442,0.8709677419354839,0.9,0.8666666666666667,26,4,3,27
weak,24,XGBoost,Cascade,0.2,0.8,0.23333333333333334,14,0.9333333333333333,0.9733333333333334,0.9354838709677419,0.90625,0.9666666666666667,0.9,27,3,1,29
weak,24,XGBoost,Cascade,0.3,0.7,0.18333333333333332,11,0.9333333333333333,0.9711111111111111,0.9354838709677419,0.90625,0.9666666666666667,0.9,27,3,1,29
weak,24,XGBoost,Cascade,0.4,0.6,0.15,9,0.9166666666666666,0.9711111111111111,0.9206349206349206,0.8787878787878788,0.9666666666666667,0.8666666666666667,26,4,1,29
weak,25,Logistic Regression,Stage 1 only,,,0.0,0,0.5666666666666667,0.6444444444444445,0.5357142857142857,0.5769230769230769,0.5,0.6333333333333333,19,11,15,15
weak,25,Logistic Regression,Stage 1 + Stage 2,,,1.0,60,0.75,0.8255555555555556,0.7368421052631579,0.7777777777777778,0.7,0.8,24,6,9,21
weak,25,Logistic Regression,Cascade,0.2,0.8,0.7,42,0.75,0.7733333333333333,0.7368421052631579,0.7777777777777778,0.7,0.8,24,6,9,21
weak,25,Logistic Regression,Cascade,0.3,0.7,0.48333333333333334,29,0.7333333333333333,0.7822222222222223,0.7333333333333333,0.7333333333333333,0.7333333333333333,0.7333333333333333,22,8,8,22
weak,25,Logistic Regression,Cascade,0.4,0.6,0.21666666666666667,13,0.65,0.7322222222222222,0.6181818181818182,0.68,0.5666666666666667,0.7333333333333333,22,8,13,17
weak,25,Random Forest,Stage 1 only,,,0.0,0,0.8333333333333334,0.9500000000000001,0.8571428571428571,0.75,1.0,0.6666666666666666,20,10,0,30
weak,25,Random Forest,Stage 1 + Stage 2,,,1.0,60,0.8833333333333333,0.9450000000000001,0.8955223880597015,0.8108108108108109,1.0,0.7666666666666667,23,7,0,30
weak,25,Random Forest,Cascade,0.2,0.8,0.6166666666666667,37,0.8833333333333333,0.9383333333333332,0.8955223880597015,0.8108108108108109,1.0,0.7666666666666667,23,7,0,30
weak,25,Random Forest,Cascade,0.3,0.7,0.2833333333333333,17,0.8833333333333333,0.9527777777777778,0.8955223880597015,0.8108108108108109,1.0,0.7666666666666667,23,7,0,30
weak,25,Random Forest,Cascade,0.4,0.6,0.13333333333333333,8,0.8666666666666667,0.9472222222222222,0.8823529411764706,0.7894736842105263,1.0,0.7333333333333333,22,8,0,30
weak,25,XGBoost,Stage 1 only,,,0.0,0,0.8666666666666667,0.9055555555555554,0.8787878787878788,0.8055555555555556,0.9666666666666667,0.7666666666666667,23,7,1,29
weak,25,XGBoost,Stage 1 + Stage 2,,,1.0,60,0.85,0.9122222222222222,0.8656716417910447,0.7837837837837838,0.9666666666666667,0.7333333333333333,22,8,1,29
weak,25,XGBoost,Cascade,0.2,0.8,0.2,12,0.85,0.8877777777777778,0.8656716417910447,0.7837837837837838,0.9666666666666667,0.7333333333333333,22,8,1,29
weak,25,XGBoost,Cascade,0.3,0.7,0.13333333333333333,8,0.85,0.8733333333333333,0.8656716417910447,0.7837837837837838,0.9666666666666667,0.7333333333333333,22,8,1,29
weak,25,XGBoost,Cascade,0.4,0.6,0.11666666666666667,7,0.85,0.8677777777777778,0.8656716417910447,0.7837837837837838,0.9666666666666667,0.7333333333333333,22,8,1,29
weak,26,Logistic Regression,Stage 1 only,,,0.0,0,0.6166666666666667,0.7144444444444444,0.5660377358490566,0.6521739130434783,0.5,0.7333333333333333,22,8,15,15
weak,26,Logistic Regression,Stage 1 + Stage 2,,,1.0,60,0.8166666666666667,0.8811111111111111,0.819672131147541,0.8064516129032258,0.8333333333333334,0.8,24,6,5,25
weak,26,Logistic Regression,Cascade,0.2,0.8,0.8166666666666667,49,0.8166666666666667,0.87,0.819672131147541,0.8064516129032258,0.8333333333333334,0.8,24,6,5,25
weak,26,Logistic Regression,Cascade,0.3,0.7,0.55,33,0.7833333333333333,0.8233333333333334,0.7796610169491526,0.7931034482758621,0.7666666666666667,0.8,24,6,7,23
weak,26,Logistic Regression,Cascade,0.4,0.6,0.3,18,0.7333333333333333,0.8077777777777778,0.7037037037037037,0.7916666666666666,0.6333333333333333,0.8333333333333334,25,5,11,19
weak,26,Random Forest,Stage 1 only,,,0.0,0,0.9,0.95,0.9090909090909091,0.8333333333333334,1.0,0.8,24,6,0,30
weak,26,Random Forest,Stage 1 + Stage 2,,,1.0,60,0.9333333333333333,0.9738888888888889,0.9375,0.8823529411764706,1.0,0.8666666666666667,26,4,0,30
weak,26,Random Forest,Cascade,0.2,0.8,0.5666666666666667,34,0.9333333333333333,0.9800000000000001,0.9375,0.8823529411764706,1.0,0.8666666666666667,26,4,0,30
weak,26,Random Forest,Cascade,0.3,0.7,0.25,15,0.9166666666666666,0.9705555555555556,0.9230769230769231,0.8571428571428571,1.0,0.8333333333333334,25,5,0,30
weak,26,Random Forest,Cascade,0.4,0.6,0.08333333333333333,5,0.9,0.9494444444444445,0.9090909090909091,0.8333333333333334,1.0,0.8,24,6,0,30
weak,26,XGBoost,Stage 1 only,,,0.0,0,0.8833333333333333,0.9288888888888889,0.8888888888888888,0.8484848484848485,0.9333333333333333,0.8333333333333334,25,5,2,28
weak,26,XGBoost,Stage 1 + Stage 2,,,1.0,60,0.8833333333333333,0.971111111111111,0.8852459016393442,0.8709677419354839,0.9,0.8666666666666667,26,4,3,27
weak,26,XGBoost,Cascade,0.2,0.8,0.2833333333333333,17,0.8833333333333333,0.9511111111111112,0.8923076923076924,0.8285714285714286,0.9666666666666667,0.8,24,6,1,29
weak,26,XGBoost,Cascade,0.3,0.7,0.15,9,0.9,0.9344444444444445,0.9090909090909091,0.8333333333333334,1.0,0.8,24,6,0,30
weak,26,XGBoost,Cascade,0.4,0.6,0.06666666666666667,4,0.9166666666666666,0.9288888888888889,0.9230769230769231,0.8571428571428571,1.0,0.8333333333333334,25,5,0,30
weak,27,Logistic Regression,Stage 1 only,,,0.0,0,0.5833333333333334,0.6433333333333333,0.576271186440678,0.5862068965517241,0.5666666666666667,0.6,18,12,13,17
weak,27,Logistic Regression,Stage 1 + Stage 2,,,1.0,60,0.7166666666666667,0.7944444444444445,0.746268656716418,0.6756756756756757,0.8333333333333334,0.6,18,12,5,25
weak,27,Logistic Regression,Cascade,0.2,0.8,0.8166666666666667,49,0.7166666666666667,0.7811111111111112,0.7384615384615385,0.6857142857142857,0.8,0.6333333333333333,19,11,6,24
weak,27,Logistic Regression,Cascade,0.3,0.7,0.5166666666666667,31,0.6833333333333333,0.7866666666666667,0.7246376811594203,0.6410256410256411,0.8333333333333334,0.5333333333333333,16,14,5,25
weak,27,Logistic Regression,Cascade,0.4,0.6,0.25,15,0.65,0.7255555555555556,0.676923076923077,0.6285714285714286,0.7333333333333333,0.5666666666666667,17,13,8,22
weak,27,Random Forest,Stage 1 only,,,0.0,0,0.9166666666666666,0.961111111111111,0.9206349206349206,0.8787878787878788,0.9666666666666667,0.8666666666666667,26,4,1,29
weak,27,Random Forest,Stage 1 + Stage 2,,,1.0,60,0.9333333333333333,0.9755555555555556,0.9375,0.8823529411764706,1.0,0.8666666666666667,26,4,0,30
weak,27,Random Forest,Cascade,0.2,0.8,0.7,42,0.9333333333333333,0.9755555555555555,0.9375,0.8823529411764706,1.0,0.8666666666666667,26,4,0,30
weak,27,Random Forest,Cascade,0.3,0.7,0.31666666666666665,19,0.9333333333333333,0.9722222222222222,0.9375,0.8823529411764706,1.0,0.8666666666666667,26,4,0,30
weak,27,Random Forest,Cascade,0.4,0.6,0.05,3,0.9333333333333333,0.965,0.9375,0.8823529411764706,1.0,0.8666666666666667,26,4,0,30
weak,27,XGBoost,Stage 1 only,,,0.0,0,0.8666666666666667,0.9555555555555556,0.8709677419354839,0.84375,0.9,0.8333333333333334,25,5,3,27
weak,27,XGBoost,Stage 1 + Stage 2,,,1.0,60,0.9166666666666666,0.9611111111111111,0.9206349206349206,0.8787878787878788,0.9666666666666667,0.8666666666666667,26,4,1,29
weak,27,XGBoost,Cascade,0.2,0.8,0.25,15,0.9166666666666666,0.9544444444444444,0.9206349206349206,0.8787878787878788,0.9666666666666667,0.8666666666666667,26,4,1,29
weak,27,XGBoost,Cascade,0.3,0.7,0.15,9,0.9166666666666666,0.9488888888888889,0.9206349206349206,0.8787878787878788,0.9666666666666667,0.8666666666666667,26,4,1,29
weak,27,XGBoost,Cascade,0.4,0.6,0.06666666666666667,4,0.9166666666666666,0.9622222222222222,0.9206349206349206,0.8787878787878788,0.9666666666666667,0.8666666666666667,26,4,1,29
weak,28,Logistic Regression,Stage 1 only,,,0.0,0,0.65,0.6855555555555557,0.676923076923077,0.6285714285714286,0.7333333333333333,0.5666666666666667,17,13,8,22
weak,28,Logistic Regression,Stage 1 + Stage 2,,,1.0,60,0.7666666666666667,0.8111111111111111,0.7666666666666667,0.7666666666666667,0.7666666666666667,0.7666666666666667,23,7,7,23
weak,28,Logistic Regression,Cascade,0.2,0.8,0.8333333333333334,50,0.75,0.7833333333333334,0.7457627118644068,0.7586206896551724,0.7333333333333333,0.7666666666666667,23,7,8,22
weak,28,Logistic Regression,Cascade,0.3,0.7,0.6,36,0.7666666666666667,0.7833333333333333,0.7586206896551724,0.7857142857142857,0.7333333333333333,0.8,24,6,8,22
weak,28,Logistic Regression,Cascade,0.4,0.6,0.2833333333333333,17,0.7166666666666667,0.7366666666666667,0.7301587301587301,0.696969696969697,0.7666666666666667,0.6666666666666666,20,10,7,23
weak,28,Random Forest,Stage 1 only,,,0.0,0,0.9333333333333333,0.975,0.9375,0.8823529411764706,1.0,0.8666666666666667,26,4,0,30
weak,28,Random Forest,Stage 1 + Stage 2,,,1.0,60,0.8666666666666667,0.9400000000000001,0.875,0.8235294117647058,0.9333333333333333,0.8,24,6,2,28
weak,28,Random Forest,Cascade,0.2,0.8,0.5833333333333334,35,0.8666666666666667,0.9494444444444444,0.875,0.8235294117647058,0.9333333333333333,0.8,24,6,2,28
weak,28,Random Forest,Cascade,0.3,0.7,0.3,18,0.9,0.985,0.9090909090909091,0.8333333333333334,1.0,0.8,24,6,0,30
weak,28,Random Forest,Cascade,0.4,0.6,0.1,6,0.9166666666666666,0.9700000000000001,0.9230769230769231,0.8571428571428571,1.0,0.8333333333333334,25,5,0,30
weak,28,XGBoost,Stage 1 only,,,0.0,0,0.8666666666666667,0.9488888888888889,0.8709677419354839,0.84375,0.9,0.8333333333333334,25,5,3,27
weak,28,XGBoost,Stage 1 + Stage 2,,,1.0,60,0.8833333333333333,0.9544444444444444,0.8852459016393442,0.8709677419354839,0.9,0.8666666666666667,26,4,3,27
weak,28,XGBoost,Cascade,0.2,0.8,0.35,21,0.9,0.9722222222222222,0.9032258064516129,0.875,0.9333333333333333,0.8666666666666667,26,4,2,28
weak,28,XGBoost,Cascade,0.3,0.7,0.23333333333333334,14,0.8833333333333333,0.9655555555555555,0.8888888888888888,0.8484848484848485,0.9333333333333333,0.8333333333333334,25,5,2,28
weak,28,XGBoost,Cascade,0.4,0.6,0.06666666666666667,4,0.8666666666666667,0.9455555555555556,0.8709677419354839,0.84375,0.9,0.8333333333333334,25,5,3,27
weak,29,Logistic Regression,Stage 1 only,,,0.0,0,0.55,0.6288888888888888,0.5970149253731343,0.5405405405405406,0.6666666666666666,0.43333333333333335,13,17,10,20
weak,29,Logistic Regression,Stage 1 + Stage 2,,,1.0,60,0.7,0.8211111111111111,0.7272727272727273,0.6666666666666666,0.8,0.6,18,12,6,24
weak,29,Logistic Regression,Cascade,0.2,0.8,0.7666666666666667,46,0.7,0.8088888888888889,0.7272727272727273,0.6666666666666666,0.8,0.6,18,12,6,24
weak,29,Logistic Regression,Cascade,0.3,0.7,0.6166666666666667,37,0.6833333333333333,0.7855555555555556,0.7076923076923077,0.6571428571428571,0.7666666666666667,0.6,18,12,7,23
weak,29,Logistic Regression,Cascade,0.4,0.6,0.26666666666666666,16,0.5833333333333334,0.65,0.6268656716417911,0.5675675675675675,0.7,0.4666666666666667,14,16,9,21
weak,29,Random Forest,Stage 1 only,,,0.0,0,0.85,0.9366666666666668,0.8656716417910447,0.7837837837837838,0.9666666666666667,0.7333333333333333,22,8,1,29
weak,29,Random Forest,Stage 1 + Stage 2,,,1.0,60,0.8666666666666667,0.95,0.8787878787878788,0.8055555555555556,0.9666666666666667,0.7666666666666667,23,7,1,29
weak,29,Random Forest,Cascade,0.2,0.8,0.6333333333333333,38,0.8666666666666667,0.94,0.8787878787878788,0.8055555555555556,0.9666666666666667,0.7666666666666667,23,7,1,29
weak,29,Random Forest,Cascade,0.3,0.7,0.4,24,0.8833333333333333,0.9344444444444444,0.8955223880597015,0.8108108108108109,1.0,0.7666666666666667,23,7,0,30
weak,29,Random Forest,Cascade,0.4,0.6,0.1,6,0.8833333333333333,0.9388888888888889,0.8955223880597015,0.8108108108108109,1.0,0.7666666666666667,23,7,0,30
weak,29,XGBoost,Stage 1 only,,,0.0,0,0.8666666666666667,0.9555555555555555,0.8787878787878788,0.8055555555555556,0.9666666666666667,0.7666666666666667,23,7,1,29
weak,29,XGBoost,Stage 1 + Stage 2,,,1.0,60,0.8666666666666667,0.951111111111111,0.8787878787878788,0.8055555555555556,0.9666666666666667,0.7666666666666667,23,7,1,29
weak,29,XGBoost,Cascade,0.2,0.8,0.18333333333333332,11,0.8833333333333333,0.9477777777777778,0.8955223880597015,0.8108108108108109,1.0,0.7666666666666667,23,7,0,30
weak,29,XGBoost,Cascade,0.3,0.7,0.13333333333333333,8,0.8833333333333333,0.9588888888888889,0.8955223880597015,0.8108108108108109,1.0,0.7666666666666667,23,7,0,30
weak,29,XGBoost,Cascade,0.4,0.6,0.05,3,0.8833333333333333,0.9555555555555555,0.8955223880597015,0.8108108108108109,1.0,0.7666666666666667,23,7,0,30
weak,30,Logistic Regression,Stage 1 only,,,0.0,0,0.6333333333333333,0.6333333333333333,0.6857142857142857,0.6,0.8,0.4666666666666667,14,16,6,24
weak,30,Logistic Regression,Stage 1 + Stage 2,,,1.0,60,0.7166666666666667,0.8111111111111111,0.7213114754098361,0.7096774193548387,0.7333333333333333,0.7,21,9,8,22
weak,30,Logistic Regression,Cascade,0.2,0.8,0.7333333333333333,44,0.7166666666666667,0.8255555555555555,0.7301587301587301,0.696969696969697,0.7666666666666667,0.6666666666666666,20,10,7,23
weak,30,Logistic Regression,Cascade,0.3,0.7,0.4166666666666667,25,0.65,0.7422222222222221,0.676923076923077,0.6285714285714286,0.7333333333333333,0.5666666666666667,17,13,8,22
weak,30,Logistic Regression,Cascade,0.4,0.6,0.18333333333333332,11,0.5666666666666667,0.6677777777777778,0.6176470588235294,0.5526315789473685,0.7,0.43333333333333335,13,17,9,21
weak,30,Random Forest,Stage 1 only,,,0.0,0,0.9,0.9105555555555556,0.9090909090909091,0.8333333333333334,1.0,0.8,24,6,0,30
weak,30,Random Forest,Stage 1 + Stage 2,,,1.0,60,0.8833333333333333,0.9605555555555555,0.8852459016393442,0.8709677419354839,0.9,0.8666666666666667,26,4,3,27
weak,30,Random Forest,Cascade,0.2,0.8,0.65,39,0.8833333333333333,0.9566666666666667,0.8852459016393442,0.8709677419354839,0.9,0.8666666666666667,26,4,3,27
weak,30,Random Forest,Cascade,0.3,0.7,0.26666666666666666,16,0.8666666666666667,0.9183333333333333,0.875,0.8235294117647058,0.9333333333333333,0.8,24,6,2,28
weak,30,Random Forest,Cascade,0.4,0.6,0.08333333333333333,5,0.9,0.9172222222222222,0.9090909090909091,0.8333333333333334,1.0,0.8,24,6,0,30
weak,30,XGBoost,Stage 1 only,,,0.0,0,0.8833333333333333,0.9122222222222223,0.8888888888888888,0.8484848484848485,0.9333333333333333,0.8333333333333334,25,5,2,28
weak,30,XGBoost,Stage 1 + Stage 2,,,1.0,60,0.85,0.9277777777777777,0.847457627118644,0.8620689655172413,0.8333333333333334,0.8666666666666667,26,4,5,25
weak,30,XGBoost,Cascade,0.2,0.8,0.31666666666666665,19,0.9,0.9422222222222222,0.90625,0.8529411764705882,0.9666666666666667,0.8333333333333334,25,5,1,29
weak,30,XGBoost,Cascade,0.3,0.7,0.23333333333333334,14,0.9,0.9344444444444445,0.90625,0.8529411764705882,0.9666666666666667,0.8333333333333334,25,5,1,29
weak,30,XGBoost,Cascade,0.4,0.6,0.08333333333333333,5,0.8833333333333333,0.9177777777777778,0.8888888888888888,0.8484848484848485,0.9333333333333333,0.8333333333333334,25,5,2,28
medium,1,Logistic Regression,Stage 1 only,,,0.0,0,0.7666666666666667,0.87,0.7941176470588235,0.7105263157894737,0.9,0.6333333333333333,19,11,3,27
medium,1,Logistic Regression,Stage 1 + Stage 2,,,1.0,60,0.8166666666666667,0.8933333333333333,0.819672131147541,0.8064516129032258,0.8333333333333334,0.8,24,6,5,25
medium,1,Logistic Regression,Cascade,0.2,0.8,0.4666666666666667,28,0.8,0.9066666666666666,0.8064516129032258,0.78125,0.8333333333333334,0.7666666666666667,23,7,5,25
medium,1,Logistic Regression,Cascade,0.3,0.7,0.31666666666666665,19,0.8333333333333334,0.8933333333333334,0.8387096774193549,0.8125,0.8666666666666667,0.8,24,6,4,26
medium,1,Logistic Regression,Cascade,0.4,0.6,0.16666666666666666,10,0.8,0.8622222222222222,0.8125,0.7647058823529411,0.8666666666666667,0.7333333333333333,22,8,4,26
medium,1,Random Forest,Stage 1 only,,,0.0,0,0.9166666666666666,0.9850000000000001,0.9230769230769231,0.8571428571428571,1.0,0.8333333333333334,25,5,0,30
medium,1,Random Forest,Stage 1 + Stage 2,,,1.0,60,0.9333333333333333,0.99,0.9333333333333333,0.9333333333333333,0.9333333333333333,0.9333333333333333,28,2,2,28
medium,1,Random Forest,Cascade,0.2,0.8,0.48333333333333334,29,0.9333333333333333,0.9911111111111112,0.9333333333333333,0.9333333333333333,0.9333333333333333,0.9333333333333333,28,2,2,28
medium,1,Random Forest,Cascade,0.3,0.7,0.2833333333333333,17,0.9333333333333333,0.9933333333333333,0.9333333333333333,0.9333333333333333,0.9333333333333333,0.9333333333333333,28,2,2,28
medium,1,Random Forest,Cascade,0.4,0.6,0.1,6,0.9333333333333333,0.9855555555555556,0.9354838709677419,0.90625,0.9666666666666667,0.9,27,3,1,29
medium,1,XGBoost,Stage 1 only,,,0.0,0,0.9166666666666666,0.9788888888888889,0.9230769230769231,0.8571428571428571,1.0,0.8333333333333334,25,5,0,30
medium,1,XGBoost,Stage 1 + Stage 2,,,1.0,60,0.9333333333333333,0.9766666666666667,0.9375,0.8823529411764706,1.0,0.8666666666666667,26,4,0,30
medium,1,XGBoost,Cascade,0.2,0.8,0.16666666666666666,10,0.95,0.9811111111111112,0.9523809523809523,0.9090909090909091,1.0,0.9,27,3,0,30
medium,1,XGBoost,Cascade,0.3,0.7,0.11666666666666667,7,0.95,0.9788888888888889,0.9523809523809523,0.9090909090909091,1.0,0.9,27,3,0,30
medium,1,XGBoost,Cascade,0.4,0.6,0.06666666666666667,4,0.9166666666666666,0.9755555555555556,0.9230769230769231,0.8571428571428571,1.0,0.8333333333333334,25,5,0,30
medium,2,Logistic Regression,Stage 1 only,,,0.0,0,0.7666666666666667,0.8277777777777778,0.7666666666666667,0.7666666666666667,0.7666666666666667,0.7666666666666667,23,7,7,23
medium,2,Logistic Regression,Stage 1 + Stage 2,,,1.0,60,0.8,0.9144444444444444,0.8125,0.7647058823529411,0.8666666666666667,0.7333333333333333,22,8,4,26
medium,2,Logistic Regression,Cascade,0.2,0.8,0.43333333333333335,26,0.7666666666666667,0.8633333333333333,0.7741935483870968,0.75,0.8,0.7333333333333333,22,8,6,24
medium,2,Logistic Regression,Cascade,0.3,0.7,0.23333333333333334,14,0.8,0.8466666666666667,0.8,0.8,0.8,0.8,24,6,6,24
medium,2,Logistic Regression,Cascade,0.4,0.6,0.11666666666666667,7,0.7666666666666667,0.83,0.7666666666666667,0.7666666666666667,0.7666666666666667,0.7666666666666667,23,7,7,23
medium,2,Random Forest,Stage 1 only,,,0.0,0,0.95,0.9877777777777778,0.9523809523809523,0.9090909090909091,1.0,0.9,27,3,0,30
medium,2,Random Forest,Stage 1 + Stage 2,,,1.0,60,0.9333333333333333,0.9744444444444444,0.9354838709677419,0.90625,0.9666666666666667,0.9,27,3,1,29
medium,2,Random Forest,Cascade,0.2,0.8,0.43333333333333335,26,0.9333333333333333,0.9772222222222222,0.9354838709677419,0.90625,0.9666666666666667,0.9,27,3,1,29
medium,2,Random Forest,Cascade,0.3,0.7,0.18333333333333332,11,0.95,0.9833333333333333,0.9523809523809523,0.9090909090909091,1.0,0.9,27,3,0,30
medium,2,Random Forest,Cascade,0.4,0.6,0.016666666666666666,1,0.95,0.9877777777777778,0.9523809523809523,0.9090909090909091,1.0,0.9,27,3,0,30
medium,2,XGBoost,Stage 1 only,,,0.0,0,0.9,0.9677777777777778,0.9,0.9,0.9,0.9,27,3,3,27
medium,2,XGBoost,Stage 1 + Stage 2,,,1.0,60,0.9166666666666666,0.9555555555555556,0.9180327868852459,0.9032258064516129,0.9333333333333333,0.9,27,3,2,28
medium,2,XGBoost,Cascade,0.2,0.8,0.15,9,0.9166666666666666,0.9733333333333334,0.9180327868852459,0.9032258064516129,0.9333333333333333,0.9,27,3,2,28
medium,2,XGBoost,Cascade,0.3,0.7,0.11666666666666667,7,0.9166666666666666,0.9711111111111111,0.9180327868852459,0.9032258064516129,0.9333333333333333,0.9,27,3,2,28
medium,2,XGBoost,Cascade,0.4,0.6,0.03333333333333333,2,0.9,0.9677777777777778,0.9,0.9,0.9,0.9,27,3,3,27
medium,3,Logistic Regression,Stage 1 only,,,0.0,0,0.8,0.8466666666666667,0.8125,0.7647058823529411,0.8666666666666667,0.7333333333333333,22,8,4,26
medium,3,Logistic Regression,Stage 1 + Stage 2,,,1.0,60,0.8,0.8866666666666667,0.8125,0.7647058823529411,0.8666666666666667,0.7333333333333333,22,8,4,26
medium,3,Logistic Regression,Cascade,0.2,0.8,0.38333333333333336,23,0.8166666666666667,0.8788888888888889,0.8253968253968254,0.7878787878787878,0.8666666666666667,0.7666666666666667,23,7,4,26
medium,3,Logistic Regression,Cascade,0.3,0.7,0.21666666666666667,13,0.8,0.8811111111111111,0.8064516129032258,0.78125,0.8333333333333334,0.7666666666666667,23,7,5,25
medium,3,Logistic Regression,Cascade,0.4,0.6,0.08333333333333333,5,0.8,0.87,0.8125,0.7647058823529411,0.8666666666666667,0.7333333333333333,22,8,4,26
medium,3,Random Forest,Stage 1 only,,,0.0,0,0.9666666666666667,0.9966666666666667,0.9666666666666667,0.9666666666666667,0.9666666666666667,0.9666666666666667,29,1,1,29
medium,3,Random Forest,Stage 1 + Stage 2,,,1.0,60,0.95,0.9855555555555556,0.9523809523809523,0.9090909090909091,1.0,0.9,27,3,0,30
medium,3,Random Forest,Cascade,0.2,0.8,0.45,27,0.95,0.9911111111111112,0.9523809523809523,0.9090909090909091,1.0,0.9,27,3,0,30
medium,3,Random Forest,Cascade,0.3,0.7,0.21666666666666667,13,0.95,0.9888888888888889,0.9523809523809523,0.9090909090909091,1.0,0.9,27,3,0,30
medium,3,Random Forest,Cascade,0.4,0.6,0.05,3,0.9666666666666667,1.0,0.967741935483871,0.9375,1.0,0.9333333333333333,28,2,0,30
medium,3,XGBoost,Stage 1 only,,,0.0,0,0.95,0.9755555555555556,0.9508196721311475,0.9354838709677419,0.9666666666666667,0.9333333333333333,28,2,1,29
medium,3,XGBoost,Stage 1 + Stage 2,,,1.0,60,0.95,0.9611111111111111,0.9523809523809523,0.9090909090909091,1.0,0.9,27,3,0,30
medium,3,XGBoost,Cascade,0.2,0.8,0.11666666666666667,7,0.95,0.9811111111111112,0.9523809523809523,0.9090909090909091,1.0,0.9,27,3,0,30
medium,3,XGBoost,Cascade,0.3,0.7,0.1,6,0.95,0.98,0.9523809523809523,0.9090909090909091,1.0,0.9,27,3,0,30
medium,3,XGBoost,Cascade,0.4,0.6,0.03333333333333333,2,0.95,0.9755555555555556,0.9508196721311475,0.9354838709677419,0.9666666666666667,0.9333333333333333,28,2,1,29
medium,4,Logistic Regression,Stage 1 only,,,0.0,0,0.75,0.8355555555555555,0.7619047619047619,0.7272727272727273,0.8,0.7,21,9,6,24
medium,4,Logistic Regression,Stage 1 + Stage 2,,,1.0,60,0.7833333333333333,0.8911111111111112,0.7868852459016393,0.7741935483870968,0.8,0.7666666666666667,23,7,6,24
medium,4,Logistic Regression,Cascade,0.2,0.8,0.5333333333333333,32,0.7666666666666667,0.8622222222222222,0.7741935483870968,0.75,0.8,0.7333333333333333,22,8,6,24
medium,4,Logistic Regression,Cascade,0.3,0.7,0.2833333333333333,17,0.8,0.8666666666666666,0.8064516129032258,0.78125,0.8333333333333334,0.7666666666666667,23,7,5,25
medium,4,Logistic Regression,Cascade,0.4,0.6,0.06666666666666667,4,0.7666666666666667,0.8533333333333333,0.7741935483870968,0.75,0.8,0.7333333333333333,22,8,6,24
medium,4,Random Forest,Stage 1 only,,,0.0,0,0.9166666666666666,0.9855555555555556,0.9230769230769231,0.8571428571428571,1.0,0.8333333333333334,25,5,0,30
medium,4,Random Forest,Stage 1 + Stage 2,,,1.0,60,0.9333333333333333,0.9788888888888888,0.9375,0.8823529411764706,1.0,0.8666666666666667,26,4,0,30
medium,4,Random Forest,Cascade,0.2,0.8,0.5,30,0.9333333333333333,0.9838888888888888,0.9375,0.8823529411764706,1.0,0.8666666666666667,26,4,0,30
medium,4,Random Forest,Cascade,0.3,0.7,0.2833333333333333,17,0.9333333333333333,0.9883333333333334,0.9375,0.8823529411764706,1.0,0.8666666666666667,26,4,0,30
medium,4,Random Forest,Cascade,0.4,0.6,0.13333333333333333,8,0.9166666666666666,0.99,0.9230769230769231,0.8571428571428571,1.0,0.8333333333333334,25,5,0,30
medium,4,XGBoost,Stage 1 only,,,0.0,0,0.9,0.9611111111111111,0.9090909090909091,0.8333333333333334,1.0,0.8,24,6,0,30
medium,4,XGBoost,Stage 1 + Stage 2,,,1.0,60,0.9,0.9455555555555555,0.90625,0.8529411764705882,0.9666666666666667,0.8333333333333334,25,5,1,29
medium,4,XGBoost,Cascade,0.2,0.8,0.15,9,0.9,0.9622222222222223,0.9090909090909091,0.8333333333333334,1.0,0.8,24,6,0,30
medium,4,XGBoost,Cascade,0.3,0.7,0.11666666666666667,7,0.9,0.9666666666666667,0.9090909090909091,0.8333333333333334,1.0,0.8,24,6,0,30
medium,4,XGBoost,Cascade,0.4,0.6,0.06666666666666667,4,0.9,0.9588888888888889,0.9090909090909091,0.8333333333333334,1.0,0.8,24,6,0,30
medium,5,Logistic Regression,Stage 1 only,,,0.0,0,0.7833333333333333,0.8155555555555556,0.7868852459016393,0.7741935483870968,0.8,0.7666666666666667,23,7,6,24
medium,5,Logistic Regression,Stage 1 + Stage 2,,,1.0,60,0.8166666666666667,0.8655555555555556,0.819672131147541,0.8064516129032258,0.8333333333333334,0.8,24,6,5,25
medium,5,Logistic Regression,Cascade,0.2,0.8,0.3333333333333333,20,0.8166666666666667,0.8255555555555556,0.819672131147541,0.8064516129032258,0.8333333333333334,0.8,24,6,5,25
medium,5,Logistic Regression,Cascade,0.3,0.7,0.23333333333333334,14,0.7833333333333333,0.8033333333333333,0.7796610169491526,0.7931034482758621,0.7666666666666667,0.8,24,6,7,23
medium,5,Logistic Regression,Cascade,0.4,0.6,0.08333333333333333,5,0.7833333333333333,0.818888888888889,0.7796610169491526,0.7931034482758621,0.7666666666666667,0.8,24,6,7,23
medium,5,Random Forest,Stage 1 only,,,0.0,0,0.95,0.9972222222222222,0.9523809523809523,0.9090909090909091,1.0,0.9,27,3,0,30
medium,5,Random Forest,Stage 1 + Stage 2,,,1.0,60,0.95,0.9983333333333334,0.9523809523809523,0.9090909090909091,1.0,0.9,27,3,0,30
medium,5,Random Forest,Cascade,0.2,0.8,0.2833333333333333,17,0.95,0.9983333333333333,0.9523809523809523,0.9090909090909091,1.0,0.9,27,3,0,30
medium,5,Random Forest,Cascade,0.3,0.7,0.13333333333333333,8,0.9333333333333333,0.9983333333333333,0.9375,0.8823529411764706,1.0,0.8666666666666667,26,4,0,30
medium,5,Random Forest,Cascade,0.4,0.6,0.08333333333333333,5,0.9333333333333333,0.9972222222222222,0.9375,0.8823529411764706,1.0,0.8666666666666667,26,4,0,30
medium,5,XGBoost,Stage 1 only,,,0.0,0,0.9333333333333333,0.9966666666666667,0.9375,0.8823529411764706,1.0,0.8666666666666667,26,4,0,30
medium,5,XGBoost,Stage 1 + Stage 2,,,1.0,60,0.9333333333333333,0.98,0.9354838709677419,0.90625,0.9666666666666667,0.9,27,3,1,29
medium,5,XGBoost,Cascade,0.2,0.8,0.16666666666666666,10,0.9333333333333333,0.9911111111111112,0.9354838709677419,0.90625,0.9666666666666667,0.9,27,3,1,29
medium,5,XGBoost,Cascade,0.3,0.7,0.13333333333333333,8,0.9333333333333333,0.9933333333333334,0.9354838709677419,0.90625,0.9666666666666667,0.9,27,3,1,29
medium,5,XGBoost,Cascade,0.4,0.6,0.03333333333333333,2,0.95,0.9944444444444445,0.9523809523809523,0.9090909090909091,1.0,0.9,27,3,0,30
medium,6,Logistic Regression,Stage 1 only,,,0.0,0,0.7666666666666667,0.851111111111111,0.7666666666666667,0.7666666666666667,0.7666666666666667,0.7666666666666667,23,7,7,23
medium,6,Logistic Regression,Stage 1 + Stage 2,,,1.0,60,0.8166666666666667,0.8788888888888888,0.8070175438596491,0.8518518518518519,0.7666666666666667,0.8666666666666667,26,4,7,23
medium,6,Logistic Regression,Cascade,0.2,0.8,0.43333333333333335,26,0.8333333333333334,0.8811111111111112,0.8333333333333334,0.8333333333333334,0.8333333333333334,0.8333333333333334,25,5,5,25
medium,6,Logistic Regression,Cascade,0.3,0.7,0.2,12,0.8,0.86,0.7931034482758621,0.8214285714285714,0.7666666666666667,0.8333333333333334,25,5,7,23
medium,6,Logistic Regression,Cascade,0.4,0.6,0.08333333333333333,5,0.75,0.8233333333333334,0.7457627118644068,0.7586206896551724,0.7333333333333333,0.7666666666666667,23,7,8,22
medium,6,Random Forest,Stage 1 only,,,0.0,0,0.95,0.9922222222222222,0.9523809523809523,0.9090909090909091,1.0,0.9,27,3,0,30
medium,6,Random Forest,Stage 1 + Stage 2,,,1.0,60,0.95,0.9916666666666667,0.9508196721311475,0.9354838709677419,0.9666666666666667,0.9333333333333333,28,2,1,29
medium,6,Random Forest,Cascade,0.2,0.8,0.48333333333333334,29,0.95,0.9927777777777779,0.9508196721311475,0.9354838709677419,0.9666666666666667,0.9333333333333333,28,2,1,29
medium,6,Random Forest,Cascade,0.3,0.7,0.23333333333333334,14,0.9666666666666667,0.9922222222222221,0.967741935483871,0.9375,1.0,0.9333333333333333,28,2,0,30
medium,6,Random Forest,Cascade,0.4,0.6,0.1,6,0.9666666666666667,0.9922222222222222,0.967741935483871,0.9375,1.0,0.9333333333333333,28,2,0,30
medium,6,XGBoost,Stage 1 only,,,0.0,0,0.9,0.99,0.90625,0.8529411764705882,0.9666666666666667,0.8333333333333334,25,5,1,29
medium,6,XGBoost,Stage 1 + Stage 2,,,1.0,60,0.9166666666666666,0.9688888888888889,0.9206349206349206,0.8787878787878788,0.9666666666666667,0.8666666666666667,26,4,1,29
medium,6,XGBoost,Cascade,0.2,0.8,0.21666666666666667,13,0.9333333333333333,0.9911111111111112,0.9375,0.8823529411764706,1.0,0.8666666666666667,26,4,0,30
medium,6,XGBoost,Cascade,0.3,0.7,0.16666666666666666,10,0.9333333333333333,0.9911111111111112,0.9375,0.8823529411764706,1.0,0.8666666666666667,26,4,0,30
medium,6,XGBoost,Cascade,0.4,0.6,0.06666666666666667,4,0.9333333333333333,0.9922222222222222,0.9375,0.8823529411764706,1.0,0.8666666666666667,26,4,0,30
medium,7,Logistic Regression,Stage 1 only,,,0.0,0,0.7,0.79,0.7096774193548387,0.6875,0.7333333333333333,0.6666666666666666,20,10,8,22
medium,7,Logistic Regression,Stage 1 + Stage 2,,,1.0,60,0.8166666666666667,0.8977777777777778,0.819672131147541,0.8064516129032258,0.8333333333333334,0.8,24,6,5,25
medium,7,Logistic Regression,Cascade,0.2,0.8,0.4166666666666667,25,0.8,0.8622222222222221,0.8,0.8,0.8,0.8,24,6,6,24
medium,7,Logistic Regression,Cascade,0.3,0.7,0.25,15,0.7833333333333333,0.8466666666666668,0.7936507936507936,0.7575757575757576,0.8333333333333334,0.7333333333333333,22,8,5,25
medium,7,Logistic Regression,Cascade,0.4,0.6,0.11666666666666667,7,0.75,0.8133333333333334,0.7619047619047619,0.7272727272727273,0.8,0.7,21,9,6,24
medium,7,Random Forest,Stage 1 only,,,0.0,0,0.9166666666666666,0.9827777777777778,0.9206349206349206,0.8787878787878788,0.9666666666666667,0.8666666666666667,26,4,1,29
medium,7,Random Forest,Stage 1 + Stage 2,,,1.0,60,0.9333333333333333,0.9933333333333333,0.9375,0.8823529411764706,1.0,0.8666666666666667,26,4,0,30
medium,7,Random Forest,Cascade,0.2,0.8,0.6166666666666667,37,0.9333333333333333,0.9933333333333334,0.9375,0.8823529411764706,1.0,0.8666666666666667,26,4,0,30
medium,7,Random Forest,Cascade,0.3,0.7,0.4,24,0.9333333333333333,0.9933333333333334,0.9375,0.8823529411764706,1.0,0.8666666666666667,26,4,0,30
medium,7,Random Forest,Cascade,0.4,0.6,0.16666666666666666,10,0.9333333333333333,0.9866666666666667,0.9354838709677419,0.90625,0.9666666666666667,0.9,27,3,1,29
medium,7,XGBoost,Stage 1 only,,,0.0,0,0.95,0.9755555555555555,0.9508196721311475,0.9354838709677419,0.9666666666666667,0.9333333333333333,28,2,1,29
medium,7,XGBoost,Stage 1 + Stage 2,,,1.0,60,0.95,0.9855555555555556,0.9523809523809523,0.9090909090909091,1.0,0.9,27,3,0,30
medium,7,XGBoost,Cascade,0.2,0.8,0.26666666666666666,16,0.95,0.9844444444444445,0.9523809523809523,0.9090909090909091,1.0,0.9,27,3,0,30
medium,7,XGBoost,Cascade,0.3,0.7,0.16666666666666666,10,0.9333333333333333,0.9777777777777777,0.9354838709677419,0.90625,0.9666666666666667,0.9,27,3,1,29
medium,7,XGBoost,Cascade,0.4,0.6,0.03333333333333333,2,0.95,0.9755555555555555,0.9508196721311475,0.9354838709677419,0.9666666666666667,0.9333333333333333,28,2,1,29
medium,8,Logistic Regression,Stage 1 only,,,0.0,0,0.75,0.79,0.7457627118644068,0.7586206896551724,0.7333333333333333,0.7666666666666667,23,7,8,22
medium,8,Logistic Regression,Stage 1 + Stage 2,,,1.0,60,0.75,0.8633333333333334,0.7457627118644068,0.7586206896551724,0.7333333333333333,0.7666666666666667,23,7,8,22
medium,8,Logistic Regression,Cascade,0.2,0.8,0.38333333333333336,23,0.75,0.8188888888888889,0.7457627118644068,0.7586206896551724,0.7333333333333333,0.7666666666666667,23,7,8,22
medium,8,Logistic Regression,Cascade,0.3,0.7,0.15,9,0.75,0.8155555555555556,0.7540983606557377,0.7419354838709677,0.7666666666666667,0.7333333333333333,22,8,7,23
medium,8,Logistic Regression,Cascade,0.4,0.6,0.1,6,0.7666666666666667,0.8211111111111112,0.7666666666666667,0.7666666666666667,0.7666666666666667,0.7666666666666667,23,7,7,23
medium,8,Random Forest,Stage 1 only,,,0.0,0,0.9333333333333333,0.9855555555555555,0.9375,0.8823529411764706,1.0,0.8666666666666667,26,4,0,30
medium,8,Random Forest,Stage 1 + Stage 2,,,1.0,60,0.95,0.9911111111111112,0.9508196721311475,0.9354838709677419,0.9666666666666667,0.9333333333333333,28,2,1,29
medium,8,Random Forest,Cascade,0.2,0.8,0.4166666666666667,25,0.95,0.9922222222222223,0.9508196721311475,0.9354838709677419,0.9666666666666667,0.9333333333333333,28,2,1,29
medium,8,Random Forest,Cascade,0.3,0.7,0.18333333333333332,11,0.9333333333333333,0.9888888888888889,0.9354838709677419,0.90625,0.9666666666666667,0.9,27,3,1,29
medium,8,Random Forest,Cascade,0.4,0.6,0.1,6,0.95,0.9877777777777779,0.9523809523809523,0.9090909090909091,1.0,0.9,27,3,0,30
medium,8,XGBoost,Stage 1 only,,,0.0,0,0.9,0.9577777777777778,0.90625,0.8529411764705882,0.9666666666666667,0.8333333333333334,25,5,1,29
medium,8,XGBoost,Stage 1 + Stage 2,,,1.0,60,0.9666666666666667,0.9633333333333333,0.9666666666666667,0.9666666666666667,0.9666666666666667,0.9666666666666667,29,1,1,29
medium,8,XGBoost,Cascade,0.2,0.8,0.15,9,0.9333333333333333,0.9644444444444445,0.9354838709677419,0.90625,0.9666666666666667,0.9,27,3,1,29
medium,8,XGBoost,Cascade,0.3,0.7,0.08333333333333333,5,0.95,0.9633333333333334,0.9523809523809523,0.9090909090909091,1.0,0.9,27,3,0,30
medium,8,XGBoost,Cascade,0.4,0.6,0.06666666666666667,4,0.9333333333333333,0.9611111111111111,0.9354838709677419,0.90625,0.9666666666666667,0.9,27,3,1,29
medium,9,Logistic Regression,Stage 1 only,,,0.0,0,0.7,0.7855555555555556,0.71875,0.6764705882352942,0.7666666666666667,0.6333333333333333,19,11,7,23
medium,9,Logistic Regression,Stage 1 + Stage 2,,,1.0,60,0.7666666666666667,0.8444444444444446,0.7586206896551724,0.7857142857142857,0.7333333333333333,0.8,24,6,8,22
medium,9,Logistic Regression,Cascade,0.2,0.8,0.4666666666666667,28,0.75,0.8333333333333334,0.7457627118644068,0.7586206896551724,0.7333333333333333,0.7666666666666667,23,7,8,22
medium,9,Logistic Regression,Cascade,0.3,0.7,0.26666666666666666,16,0.7666666666666667,0.8322222222222222,0.7741935483870968,0.75,0.8,0.7333333333333333,22,8,6,24
medium,9,Logistic Regression,Cascade,0.4,0.6,0.15,9,0.75,0.8099999999999999,0.7619047619047619,0.7272727272727273,0.8,0.7,21,9,6,24
medium,9,Random Forest,Stage 1 only,,,0.0,0,0.95,0.9955555555555555,0.9523809523809523,0.9090909090909091,1.0,0.9,27,3,0,30
medium,9,Random Forest,Stage 1 + Stage 2,,,1.0,60,0.9333333333333333,0.9827777777777778,0.9354838709677419,0.90625,0.9666666666666667,0.9,27,3,1,29
medium,9,Random Forest,Cascade,0.2,0.8,0.5166666666666667,31,0.9333333333333333,0.9827777777777779,0.9354838709677419,0.90625,0.9666666666666667,0.9,27,3,1,29
medium,9,Random Forest,Cascade,0.3,0.7,0.2833333333333333,17,0.9333333333333333,0.9894444444444443,0.9354838709677419,0.90625,0.9666666666666667,0.9,27,3,1,29
medium,9,Random Forest,Cascade,0.4,0.6,0.08333333333333333,5,0.95,0.9916666666666667,0.9523809523809523,0.9090909090909091,1.0,0.9,27,3,0,30
medium,9,XGBoost,Stage 1 only,,,0.0,0,0.9666666666666667,0.9866666666666667,0.967741935483871,0.9375,1.0,0.9333333333333333,28,2,0,30
medium,9,XGBoost,Stage 1 + Stage 2,,,1.0,60,0.85,0.94,0.8571428571428571,0.8181818181818182,0.9,0.8,24,6,3,27
medium,9,XGBoost,Cascade,0.2,0.8,0.2,12,0.9166666666666666,0.9855555555555555,0.9230769230769231,0.8571428571428571,1.0,0.8333333333333334,25,5,0,30
medium,9,XGBoost,Cascade,0.3,0.7,0.13333333333333333,8,0.9333333333333333,0.9855555555555555,0.9375,0.8823529411764706,1.0,0.8666666666666667,26,4,0,30
medium,9,XGBoost,Cascade,0.4,0.6,0.06666666666666667,4,0.95,0.9866666666666667,0.9523809523809523,0.9090909090909091,1.0,0.9,27,3,0,30
medium,10,Logistic Regression,Stage 1 only,,,0.0,0,0.7333333333333333,0.798888888888889,0.7575757575757576,0.6944444444444444,0.8333333333333334,0.6333333333333333,19,11,5,25
medium,10,Logistic Regression,Stage 1 + Stage 2,,,1.0,60,0.75,0.8688888888888888,0.7692307692307693,0.7142857142857143,0.8333333333333334,0.6666666666666666,20,10,5,25
medium,10,Logistic Regression,Cascade,0.2,0.8,0.45,27,0.7166666666666667,0.8277777777777778,0.7384615384615385,0.6857142857142857,0.8,0.6333333333333333,19,11,6,24
medium,10,Logistic Regression,Cascade,0.3,0.7,0.36666666666666664,22,0.7333333333333333,0.8277777777777777,0.75,0.7058823529411765,0.8,0.6666666666666666,20,10,6,24
medium,10,Logistic Regression,Cascade,0.4,0.6,0.16666666666666666,10,0.7833333333333333,0.8544444444444446,0.8059701492537313,0.7297297297297297,0.9,0.6666666666666666,20,10,3,27
medium,10,Random Forest,Stage 1 only,,,0.0,0,0.9,0.9861111111111112,0.90625,0.8529411764705882,0.9666666666666667,0.8333333333333334,25,5,1,29
medium,10,Random Forest,Stage 1 + Stage 2,,,1.0,60,0.9333333333333333,0.9883333333333333,0.9375,0.8823529411764706,1.0,0.8666666666666667,26,4,0,30
medium,10,Random Forest,Cascade,0.2,0.8,0.45,27,0.9333333333333333,0.9938888888888888,0.9375,0.8823529411764706,1.0,0.8666666666666667,26,4,0,30
medium,10,Random Forest,Cascade,0.3,0.7,0.3,18,0.9333333333333333,0.9922222222222222,0.9375,0.8823529411764706,1.0,0.8666666666666667,26,4,0,30
medium,10,Random Forest,Cascade,0.4,0.6,0.18333333333333332,11,0.9166666666666666,0.9888888888888889,0.9230769230769231,0.8571428571428571,1.0,0.8333333333333334,25,5,0,30
medium,10,XGBoost,Stage 1 only,,,0.0,0,0.8833333333333333,0.9622222222222223,0.8923076923076924,0.8285714285714286,0.9666666666666667,0.8,24,6,1,29
medium,10,XGBoost,Stage 1 + Stage 2,,,1.0,60,0.9166666666666666,0.9688888888888889,0.9230769230769231,0.8571428571428571,1.0,0.8333333333333334,25,5,0,30
medium,10,XGBoost,Cascade,0.2,0.8,0.25,15,0.9166666666666666,0.9733333333333334,0.9230769230769231,0.8571428571428571,1.0,0.8333333333333334,25,5,0,30
medium,10,XGBoost,Cascade,0.3,0.7,0.23333333333333334,14,0.9166666666666666,0.9733333333333334,0.9230769230769231,0.8571428571428571,1.0,0.8333333333333334,25,5,0,30
medium,10,XGBoost,Cascade,0.4,0.6,0.11666666666666667,7,0.9166666666666666,0.9688888888888889,0.9230769230769231,0.8571428571428571,1.0,0.8333333333333334,25,5,0,30
medium,11,Logistic Regression,Stage 1 only,,,0.0,0,0.75,0.8122222222222223,0.7368421052631579,0.7777777777777778,0.7,0.8,24,6,9,21
medium,11,Logistic Regression,Stage 1 + Stage 2,,,1.0,60,0.8166666666666667,0.8911111111111112,0.8070175438596491,0.8518518518518519,0.7666666666666667,0.8666666666666667,26,4,7,23
medium,11,Logistic Regression,Cascade,0.2,0.8,0.31666666666666665,19,0.8,0.8311111111111111,0.7857142857142857,0.8461538461538461,0.7333333333333333,0.8666666666666667,26,4,8,22
medium,11,Logistic Regression,Cascade,0.3,0.7,0.23333333333333334,14,0.7833333333333333,0.8544444444444445,0.7719298245614035,0.8148148148148148,0.7333333333333333,0.8333333333333334,25,5,8,22
medium,11,Logistic Regression,Cascade,0.4,0.6,0.11666666666666667,7,0.7666666666666667,0.85,0.75,0.8076923076923077,0.7,0.8333333333333334,25,5,9,21
medium,11,Random Forest,Stage 1 only,,,0.0,0,0.9333333333333333,0.9855555555555555,0.9375,0.8823529411764706,1.0,0.8666666666666667,26,4,0,30
medium,11,Random Forest,Stage 1 + Stage 2,,,1.0,60,0.9833333333333333,0.9933333333333334,0.9836065573770492,0.967741935483871,1.0,0.9666666666666667,29,1,0,30
medium,11,Random Forest,Cascade,0.2,0.8,0.5166666666666667,31,0.9833333333333333,0.9949999999999999,0.9836065573770492,0.967741935483871,1.0,0.9666666666666667,29,1,0,30
medium,11,Random Forest,Cascade,0.3,0.7,0.2833333333333333,17,0.9833333333333333,0.991111111111111,0.9836065573770492,0.967741935483871,1.0,0.9666666666666667,29,1,0,30
medium,11,Random Forest,Cascade,0.4,0.6,0.1,6,0.9833333333333333,0.9888888888888888,0.9836065573770492,0.967741935483871,1.0,0.9666666666666667,29,1,0,30
medium,11,XGBoost,Stage 1 only,,,0.0,0,0.9333333333333333,0.9922222222222222,0.9354838709677419,0.90625,0.9666666666666667,0.9,27,3,1,29
medium,11,XGBoost,Stage 1 + Stage 2,,,1.0,60,0.9333333333333333,0.9822222222222222,0.9354838709677419,0.90625,0.9666666666666667,0.9,27,3,1,29
medium,11,XGBoost,Cascade,0.2,0.8,0.21666666666666667,13,0.9333333333333333,0.9922222222222222,0.9354838709677419,0.90625,0.9666666666666667,0.9,27,3,1,29
medium,11,XGBoost,Cascade,0.3,0.7,0.15,9,0.9333333333333333,0.9877777777777779,0.9354838709677419,0.90625,0.9666666666666667,0.9,27,3,1,29
medium,11,XGBoost,Cascade,0.4,0.6,0.05,3,0.9333333333333333,0.9877777777777779,0.9354838709677419,0.90625,0.9666666666666667,0.9,27,3,1,29
medium,12,Logistic Regression,Stage 1 only,,,0.0,0,0.7333333333333333,0.8377777777777777,0.7714285714285715,0.675,0.9,0.5666666666666667,17,13,3,27
medium,12,Logistic Regression,Stage 1 + Stage 2,,,1.0,60,0.7833333333333333,0.8822222222222222,0.8,0.7428571428571429,0.8666666666666667,0.7,21,9,4,26
medium,12,Logistic Regression,Cascade,0.2,0.8,0.45,27,0.7833333333333333,0.8577777777777778,0.8,0.7428571428571429,0.8666666666666667,0.7,21,9,4,26
medium,12,Logistic Regression,Cascade,0.3,0.7,0.3,18,0.75,0.8455555555555555,0.7692307692307693,0.7142857142857143,0.8333333333333334,0.6666666666666666,20,10,5,25
medium,12,Logistic Regression,Cascade,0.4,0.6,0.11666666666666667,7,0.75,0.84,0.7692307692307693,0.7142857142857143,0.8333333333333334,0.6666666666666666,20,10,5,25
medium,12,Random Forest,Stage 1 only,,,0.0,0,0.9666666666666667,0.9977777777777778,0.967741935483871,0.9375,1.0,0.9333333333333333,28,2,0,30
medium,12,Random Forest,Stage 1 + Stage 2,,,1.0,60,0.95,1.0,0.9523809523809523,0.9090909090909091,1.0,0.9,27,3,0,30
medium,12,Random Forest,Cascade,0.2,0.8,0.48333333333333334,29,0.95,1.0,0.9523809523809523,0.9090909090909091,1.0,0.9,27,3,0,30
medium,12,Random Forest,Cascade,0.3,0.7,0.23333333333333334,14,0.95,1.0,0.9523809523809523,0.9090909090909091,1.0,0.9,27,3,0,30
medium,12,Random Forest,Cascade,0.4,0.6,0.13333333333333333,8,0.95,1.0,0.9523809523809523,0.9090909090909091,1.0,0.9,27,3,0,30
medium,12,XGBoost,Stage 1 only,,,0.0,0,0.95,0.9922222222222223,0.9508196721311475,0.9354838709677419,0.9666666666666667,0.9333333333333333,28,2,1,29
medium,12,XGBoost,Stage 1 + Stage 2,,,1.0,60,0.95,0.9977777777777778,0.9523809523809523,0.9090909090909091,1.0,0.9,27,3,0,30
medium,12,XGBoost,Cascade,0.2,0.8,0.15,9,0.9333333333333333,0.9955555555555555,0.9354838709677419,0.90625,0.9666666666666667,0.9,27,3,1,29
medium,12,XGBoost,Cascade,0.3,0.7,0.08333333333333333,5,0.9333333333333333,0.9922222222222223,0.9354838709677419,0.90625,0.9666666666666667,0.9,27,3,1,29
medium,12,XGBoost,Cascade,0.4,0.6,0.03333333333333333,2,0.9333333333333333,0.9900000000000001,0.9354838709677419,0.90625,0.9666666666666667,0.9,27,3,1,29
medium,13,Logistic Regression,Stage 1 only,,,0.0,0,0.7,0.7877777777777778,0.7,0.7,0.7,0.7,21,9,9,21
medium,13,Logistic Regression,Stage 1 + Stage 2,,,1.0,60,0.7833333333333333,0.8800000000000001,0.7936507936507936,0.7575757575757576,0.8333333333333334,0.7333333333333333,22,8,5,25
medium,13,Logistic Regression,Cascade,0.2,0.8,0.3333333333333333,20,0.7333333333333333,0.7955555555555555,0.7333333333333333,0.7333333333333333,0.7333333333333333,0.7333333333333333,22,8,8,22
medium,13,Logistic Regression,Cascade,0.3,0.7,0.21666666666666667,13,0.7,0.7911111111111111,0.7,0.7,0.7,0.7,21,9,9,21
medium,13,Logistic Regression,Cascade,0.4,0.6,0.13333333333333333,8,0.7166666666666667,0.8044444444444445,0.711864406779661,0.7241379310344828,0.7,0.7333333333333333,22,8,9,21
medium,13,Random Forest,Stage 1 only,,,0.0,0,0.95,0.9911111111111112,0.9523809523809523,0.9090909090909091,1.0,0.9,27,3,0,30
medium,13,Random Forest,Stage 1 + Stage 2,,,1.0,60,0.9666666666666667,0.9922222222222222,0.967741935483871,0.9375,1.0,0.9333333333333333,28,2,0,30
medium,13,Random Forest,Cascade,0.2,0.8,0.4166666666666667,25,0.9666666666666667,0.9927777777777778,0.967741935483871,0.9375,1.0,0.9333333333333333,28,2,0,30
medium,13,Random Forest,Cascade,0.3,0.7,0.21666666666666667,13,0.9666666666666667,0.9983333333333333,0.967741935483871,0.9375,1.0,0.9333333333333333,28,2,0,30
medium,13,Random Forest,Cascade,0.4,0.6,0.08333333333333333,5,0.95,0.9927777777777778,0.9523809523809523,0.9090909090909091,1.0,0.9,27,3,0,30
medium,13,XGBoost,Stage 1 only,,,0.0,0,0.9166666666666666,0.9855555555555555,0.9180327868852459,0.9032258064516129,0.9333333333333333,0.9,27,3,2,28
medium,13,XGBoost,Stage 1 + Stage 2,,,1.0,60,0.9166666666666666,0.9711111111111111,0.9230769230769231,0.8571428571428571,1.0,0.8333333333333334,25,5,0,30
medium,13,XGBoost,Cascade,0.2,0.8,0.23333333333333334,14,0.9333333333333333,0.97,0.9375,0.8823529411764706,1.0,0.8666666666666667,26,4,0,30
medium,13,XGBoost,Cascade,0.3,0.7,0.18333333333333332,11,0.95,0.9922222222222222,0.9523809523809523,0.9090909090909091,1.0,0.9,27,3,0,30
medium,13,XGBoost,Cascade,0.4,0.6,0.11666666666666667,7,0.9666666666666667,0.9944444444444445,0.967741935483871,0.9375,1.0,0.9333333333333333,28,2,0,30
medium,14,Logistic Regression,Stage 1 only,,,0.0,0,0.8,0.8544444444444445,0.7931034482758621,0.8214285714285714,0.7666666666666667,0.8333333333333334,25,5,7,23
medium,14,Logistic Regression,Stage 1 + Stage 2,,,1.0,60,0.8,0.9266666666666667,0.8,0.8,0.8,0.8,24,6,6,24
medium,14,Logistic Regression,Cascade,0.2,0.8,0.55,33,0.8,0.9266666666666666,0.8,0.8,0.8,0.8,24,6,6,24
medium,14,Logistic Regression,Cascade,0.3,0.7,0.4,24,0.7833333333333333,0.9122222222222223,0.7796610169491526,0.7931034482758621,0.7666666666666667,0.8,24,6,7,23
medium,14,Logistic Regression,Cascade,0.4,0.6,0.2,12,0.75,0.8622222222222222,0.7457627118644068,0.7586206896551724,0.7333333333333333,0.7666666666666667,23,7,8,22
medium,14,Random Forest,Stage 1 only,,,0.0,0,0.9333333333333333,1.0,0.9375,0.8823529411764706,1.0,0.8666666666666667,26,4,0,30
medium,14,Random Forest,Stage 1 + Stage 2,,,1.0,60,0.9333333333333333,1.0,0.9375,0.8823529411764706,1.0,0.8666666666666667,26,4,0,30
medium,14,Random Forest,Cascade,0.2,0.8,0.3333333333333333,20,0.9333333333333333,1.0,0.9375,0.8823529411764706,1.0,0.8666666666666667,26,4,0,30
medium,14,Random Forest,Cascade,0.3,0.7,0.16666666666666666,10,0.9333333333333333,1.0,0.9375,0.8823529411764706,1.0,0.8666666666666667,26,4,0,30
medium,14,Random Forest,Cascade,0.4,0.6,0.1,6,0.9333333333333333,0.9994444444444445,0.9375,0.8823529411764706,1.0,0.8666666666666667,26,4,0,30
medium,14,XGBoost,Stage 1 only,,,0.0,0,0.9333333333333333,0.9822222222222222,0.9375,0.8823529411764706,1.0,0.8666666666666667,26,4,0,30
medium,14,XGBoost,Stage 1 + Stage 2,,,1.0,60,0.9,0.9688888888888889,0.9090909090909091,0.8333333333333334,1.0,0.8,24,6,0,30
medium,14,XGBoost,Cascade,0.2,0.8,0.11666666666666667,7,0.9166666666666666,0.9855555555555555,0.9230769230769231,0.8571428571428571,1.0,0.8333333333333334,25,5,0,30
medium,14,XGBoost,Cascade,0.3,0.7,0.1,6,0.9166666666666666,0.9833333333333334,0.9230769230769231,0.8571428571428571,1.0,0.8333333333333334,25,5,0,30
medium,14,XGBoost,Cascade,0.4,0.6,0.03333333333333333,2,0.9333333333333333,0.9855555555555555,0.9375,0.8823529411764706,1.0,0.8666666666666667,26,4,0,30
medium,15,Logistic Regression,Stage 1 only,,,0.0,0,0.7833333333333333,0.7844444444444444,0.7936507936507936,0.7575757575757576,0.8333333333333334,0.7333333333333333,22,8,5,25
medium,15,Logistic Regression,Stage 1 + Stage 2,,,1.0,60,0.75,0.8155555555555556,0.7619047619047619,0.7272727272727273,0.8,0.7,21,9,6,24
medium,15,Logistic Regression,Cascade,0.2,0.8,0.36666666666666664,22,0.7666666666666667,0.7966666666666666,0.7741935483870968,0.75,0.8,0.7333333333333333,22,8,6,24
medium,15,Logistic Regression,Cascade,0.3,0.7,0.2833333333333333,17,0.7666666666666667,0.7866666666666666,0.7741935483870968,0.75,0.8,0.7333333333333333,22,8,6,24
medium,15,Logistic Regression,Cascade,0.4,0.6,0.13333333333333333,8,0.8,0.7744444444444444,0.8181818181818182,0.75,0.9,0.7,21,9,3,27
medium,15,Random Forest,Stage 1 only,,,0.0,0,0.9666666666666667,0.9988888888888888,0.967741935483871,0.9375,1.0,0.9333333333333333,28,2,0,30
medium,15,Random Forest,Stage 1 + Stage 2,,,1.0,60,0.95,0.9972222222222222,0.9523809523809523,0.9090909090909091,1.0,0.9,27,3,0,30
medium,15,Random Forest,Cascade,0.2,0.8,0.35,21,0.95,0.9972222222222222,0.9523809523809523,0.9090909090909091,1.0,0.9,27,3,0,30
medium,15,Random Forest,Cascade,0.3,0.7,0.13333333333333333,8,0.95,1.0,0.9523809523809523,0.9090909090909091,1.0,0.9,27,3,0,30
medium,15,Random Forest,Cascade,0.4,0.6,0.03333333333333333,2,0.9333333333333333,0.9988888888888888,0.9375,0.8823529411764706,1.0,0.8666666666666667,26,4,0,30
medium,15,XGBoost,Stage 1 only,,,0.0,0,0.9166666666666666,0.9988888888888889,0.9230769230769231,0.8571428571428571,1.0,0.8333333333333334,25,5,0,30
medium,15,XGBoost,Stage 1 + Stage 2,,,1.0,60,0.8833333333333333,0.9844444444444445,0.8888888888888888,0.8484848484848485,0.9333333333333333,0.8333333333333334,25,5,2,28
medium,15,XGBoost,Cascade,0.2,0.8,0.15,9,0.9166666666666666,1.0,0.9230769230769231,0.8571428571428571,1.0,0.8333333333333334,25,5,0,30
medium,15,XGBoost,Cascade,0.3,0.7,0.05,3,0.9166666666666666,0.9988888888888889,0.9230769230769231,0.8571428571428571,1.0,0.8333333333333334,25,5,0,30
medium,15,XGBoost,Cascade,0.4,0.6,0.05,3,0.9166666666666666,0.9988888888888889,0.9230769230769231,0.8571428571428571,1.0,0.8333333333333334,25,5,0,30
medium,16,Logistic Regression,Stage 1 only,,,0.0,0,0.7833333333333333,0.8633333333333335,0.7636363636363637,0.84,0.7,0.8666666666666667,26,4,9,21
medium,16,Logistic Regression,Stage 1 + Stage 2,,,1.0,60,0.7666666666666667,0.8611111111111112,0.7586206896551724,0.7857142857142857,0.7333333333333333,0.8,24,6,8,22
medium,16,Logistic Regression,Cascade,0.2,0.8,0.4666666666666667,28,0.7833333333333333,0.8633333333333334,0.7719298245614035,0.8148148148148148,0.7333333333333333,0.8333333333333334,25,5,8,22
medium,16,Logistic Regression,Cascade,0.3,0.7,0.26666666666666666,16,0.8166666666666667,0.8511111111111112,0.8070175438596491,0.8518518518518519,0.7666666666666667,0.8666666666666667,26,4,7,23
medium,16,Logistic Regression,Cascade,0.4,0.6,0.13333333333333333,8,0.85,0.8644444444444446,0.847457627118644,0.8620689655172413,0.8333333333333334,0.8666666666666667,26,4,5,25
medium,16,Random Forest,Stage 1 only,,,0.0,0,0.95,0.9983333333333333,0.9473684210526315,1.0,0.9,1.0,30,0,3,27
medium,16,Random Forest,Stage 1 + Stage 2,,,1.0,60,1.0,1.0,1.0,1.0,1.0,1.0,30,0,0,30
medium,16,Random Forest,Cascade,0.2,0.8,0.4,24,1.0,1.0,1.0,1.0,1.0,1.0,30,0,0,30
medium,16,Random Forest,Cascade,0.3,0.7,0.16666666666666666,10,1.0,1.0,1.0,1.0,1.0,1.0,30,0,0,30
medium,16,Random Forest,Cascade,0.4,0.6,0.11666666666666667,7,1.0,1.0,1.0,1.0,1.0,1.0,30,0,0,30
medium,16,XGBoost,Stage 1 only,,,0.0,0,0.9333333333333333,0.9922222222222222,0.9310344827586207,0.9642857142857143,0.9,0.9666666666666667,29,1,3,27
medium,16,XGBoost,Stage 1 + Stage 2,,,1.0,60,0.9666666666666667,0.9988888888888889,0.9655172413793104,1.0,0.9333333333333333,1.0,30,0,2,28
medium,16,XGBoost,Cascade,0.2,0.8,0.21666666666666667,13,0.9666666666666667,0.9988888888888889,0.9655172413793104,1.0,0.9333333333333333,1.0,30,0,2,28
medium,16,XGBoost,Cascade,0.3,0.7,0.13333333333333333,8,0.95,0.9944444444444445,0.9473684210526315,1.0,0.9,1.0,30,0,3,27
medium,16,XGBoost,Cascade,0.4,0.6,0.05,3,0.95,0.9933333333333334,0.9473684210526315,1.0,0.9,1.0,30,0,3,27
medium,17,Logistic Regression,Stage 1 only,,,0.0,0,0.7833333333333333,0.8366666666666667,0.7796610169491526,0.7931034482758621,0.7666666666666667,0.8,24,6,7,23
medium,17,Logistic Regression,Stage 1 + Stage 2,,,1.0,60,0.8666666666666667,0.9333333333333333,0.8709677419354839,0.84375,0.9,0.8333333333333334,25,5,3,27
medium,17,Logistic Regression,Cascade,0.2,0.8,0.38333333333333336,23,0.85,0.8833333333333333,0.8524590163934426,0.8387096774193549,0.8666666666666667,0.8333333333333334,25,5,4,26
medium,17,Logistic Regression,Cascade,0.3,0.7,0.25,15,0.85,0.88,0.8524590163934426,0.8387096774193549,0.8666666666666667,0.8333333333333334,25,5,4,26
medium,17,Logistic Regression,Cascade,0.4,0.6,0.1,6,0.8,0.85,0.8,0.8,0.8,0.8,24,6,6,24
medium,17,Random Forest,Stage 1 only,,,0.0,0,1.0,1.0,1.0,1.0,1.0,1.0,30,0,0,30
medium,17,Random Forest,Stage 1 + Stage 2,,,1.0,60,0.9833333333333333,1.0,0.9836065573770492,0.967741935483871,1.0,0.9666666666666667,29,1,0,30
medium,17,Random Forest,Cascade,0.2,0.8,0.36666666666666664,22,0.9833333333333333,1.0,0.9836065573770492,0.967741935483871,1.0,0.9666666666666667,29,1,0,30
medium,17,Random Forest,Cascade,0.3,0.7,0.15,9,0.9833333333333333,1.0,0.9836065573770492,0.967741935483871,1.0,0.9666666666666667,29,1,0,30
medium,17,Random Forest,Cascade,0.4,0.6,0.03333333333333333,2,0.9833333333333333,1.0,0.9836065573770492,0.967741935483871,1.0,0.9666666666666667,29,1,0,30
medium,17,XGBoost,Stage 1 only,,,0.0,0,0.95,0.9944444444444445,0.9508196721311475,0.9354838709677419,0.9666666666666667,0.9333333333333333,28,2,1,29
medium,17,XGBoost,Stage 1 + Stage 2,,,1.0,60,0.9666666666666667,0.9966666666666667,0.967741935483871,0.9375,1.0,0.9333333333333333,28,2,0,30
medium,17,XGBoost,Cascade,0.2,0.8,0.21666666666666667,13,0.9666666666666667,0.9966666666666667,0.967741935483871,0.9375,1.0,0.9333333333333333,28,2,0,30
medium,17,XGBoost,Cascade,0.3,0.7,0.13333333333333333,8,0.9666666666666667,0.9977777777777778,0.967741935483871,0.9375,1.0,0.9333333333333333,28,2,0,30
medium,17,XGBoost,Cascade,0.4,0.6,0.03333333333333333,2,0.95,0.9944444444444445,0.9508196721311475,0.9354838709677419,0.9666666666666667,0.9333333333333333,28,2,1,29
medium,18,Logistic Regression,Stage 1 only,,,0.0,0,0.7666666666666667,0.8522222222222222,0.7741935483870968,0.75,0.8,0.7333333333333333,22,8,6,24
medium,18,Logistic Regression,Stage 1 + Stage 2,,,1.0,60,0.7666666666666667,0.8500000000000001,0.7666666666666667,0.7666666666666667,0.7666666666666667,0.7666666666666667,23,7,7,23
medium,18,Logistic Regression,Cascade,0.2,0.8,0.4166666666666667,25,0.8,0.8111111111111111,0.8,0.8,0.8,0.8,24,6,6,24
medium,18,Logistic Regression,Cascade,0.3,0.7,0.23333333333333334,14,0.7833333333333333,0.82,0.7868852459016393,0.7741935483870968,0.8,0.7666666666666667,23,7,6,24
medium,18,Logistic Regression,Cascade,0.4,0.6,0.16666666666666666,10,0.7833333333333333,0.818888888888889,0.7868852459016393,0.7741935483870968,0.8,0.7666666666666667,23,7,6,24
medium,18,Random Forest,Stage 1 only,,,0.0,0,0.9666666666666667,1.0,0.967741935483871,0.9375,1.0,0.9333333333333333,28,2,0,30
medium,18,Random Forest,Stage 1 + Stage 2,,,1.0,60,0.95,0.9838888888888888,0.9508196721311475,0.9354838709677419,0.9666666666666667,0.9333333333333333,28,2,1,29
medium,18,Random Forest,Cascade,0.2,0.8,0.43333333333333335,26,0.95,0.9922222222222222,0.9508196721311475,0.9354838709677419,0.9666666666666667,0.9333333333333333,28,2,1,29
medium,18,Random Forest,Cascade,0.3,0.7,0.23333333333333334,14,0.95,0.9955555555555556,0.9508196721311475,0.9354838709677419,0.9666666666666667,0.9333333333333333,28,2,1,29
medium,18,Random Forest,Cascade,0.4,0.6,0.06666666666666667,4,0.95,0.9955555555555554,0.9508196721311475,0.9354838709677419,0.9666666666666667,0.9333333333333333,28,2,1,29
medium,18,XGBoost,Stage 1 only,,,0.0,0,0.9166666666666666,0.9700000000000001,0.9180327868852459,0.9032258064516129,0.9333333333333333,0.9,27,3,2,28
medium,18,XGBoost,Stage 1 + Stage 2,,,1.0,60,0.9,0.9555555555555556,0.9,0.9,0.9,0.9,27,3,3,27
medium,18,XGBoost,Cascade,0.2,0.8,0.2,12,0.9,0.9722222222222221,0.9,0.9,0.9,0.9,27,3,3,27
medium,18,XGBoost,Cascade,0.3,0.7,0.11666666666666667,7,0.9,0.9766666666666668,0.9,0.9,0.9,0.9,27,3,3,27
medium,18,XGBoost,Cascade,0.4,0.6,0.1,6,0.9,0.9733333333333334,0.9,0.9,0.9,0.9,27,3,3,27
medium,19,Logistic Regression,Stage 1 only,,,0.0,0,0.75,0.8200000000000001,0.7692307692307693,0.7142857142857143,0.8333333333333334,0.6666666666666666,20,10,5,25
medium,19,Logistic Regression,Stage 1 + Stage 2,,,1.0,60,0.7333333333333333,0.8411111111111111,0.7575757575757576,0.6944444444444444,0.8333333333333334,0.6333333333333333,19,11,5,25
medium,19,Logistic Regression,Cascade,0.2,0.8,0.45,27,0.75,0.86,0.7692307692307693,0.7142857142857143,0.8333333333333334,0.6666666666666666,20,10,5,25
medium,19,Logistic Regression,Cascade,0.3,0.7,0.31666666666666665,19,0.75,0.858888888888889,0.7692307692307693,0.7142857142857143,0.8333333333333334,0.6666666666666666,20,10,5,25
medium,19,Logistic Regression,Cascade,0.4,0.6,0.13333333333333333,8,0.8,0.8344444444444444,0.8181818181818182,0.75,0.9,0.7,21,9,3,27
medium,19,Random Forest,Stage 1 only,,,0.0,0,0.9,0.99,0.9090909090909091,0.8333333333333334,1.0,0.8,24,6,0,30
medium,19,Random Forest,Stage 1 + Stage 2,,,1.0,60,0.9166666666666666,0.9805555555555555,0.9230769230769231,0.8571428571428571,1.0,0.8333333333333334,25,5,0,30
medium,19,Random Forest,Cascade,0.2,0.8,0.5,30,0.9166666666666666,0.9861111111111112,0.9230769230769231,0.8571428571428571,1.0,0.8333333333333334,25,5,0,30
medium,19,Random Forest,Cascade,0.3,0.7,0.2833333333333333,17,0.9166666666666666,0.9861111111111112,0.9230769230769231,0.8571428571428571,1.0,0.8333333333333334,25,5,0,30
medium,19,Random Forest,Cascade,0.4,0.6,0.1,6,0.9166666666666666,0.9811111111111112,0.9230769230769231,0.8571428571428571,1.0,0.8333333333333334,25,5,0,30
medium,19,XGBoost,Stage 1 only,,,0.0,0,0.9166666666666666,0.9811111111111112,0.9230769230769231,0.8571428571428571,1.0,0.8333333333333334,25,5,0,30
medium,19,XGBoost,Stage 1 + Stage 2,,,1.0,60,0.9333333333333333,0.9622222222222222,0.9375,0.8823529411764706,1.0,0.8666666666666667,26,4,0,30
medium,19,XGBoost,Cascade,0.2,0.8,0.2,12,0.9333333333333333,0.9822222222222222,0.9375,0.8823529411764706,1.0,0.8666666666666667,26,4,0,30
medium,19,XGBoost,Cascade,0.3,0.7,0.06666666666666667,4,0.9333333333333333,0.9855555555555555,0.9375,0.8823529411764706,1.0,0.8666666666666667,26,4,0,30
medium,19,XGBoost,Cascade,0.4,0.6,0.0,0,0.9166666666666666,0.9811111111111112,0.9230769230769231,0.8571428571428571,1.0,0.8333333333333334,25,5,0,30
medium,20,Logistic Regression,Stage 1 only,,,0.0,0,0.75,0.8366666666666668,0.7540983606557377,0.7419354838709677,0.7666666666666667,0.7333333333333333,22,8,7,23
medium,20,Logistic Regression,Stage 1 + Stage 2,,,1.0,60,0.8,0.9022222222222223,0.8,0.8,0.8,0.8,24,6,6,24
medium,20,Logistic Regression,Cascade,0.2,0.8,0.5,30,0.8,0.8744444444444445,0.8,0.8,0.8,0.8,24,6,6,24
medium,20,Logistic Regression,Cascade,0.3,0.7,0.3333333333333333,20,0.8,0.86,0.8,0.8,0.8,0.8,24,6,6,24
medium,20,Logistic Regression,Cascade,0.4,0.6,0.16666666666666666,10,0.8,0.84,0.8064516129032258,0.78125,0.8333333333333334,0.7666666666666667,23,7,5,25
medium,20,Random Forest,Stage 1 only,,,0.0,0,0.9666666666666667,0.9966666666666667,0.967741935483871,0.9375,1.0,0.9333333333333333,28,2,0,30
medium,20,Random Forest,Stage 1 + Stage 2,,,1.0,60,0.9666666666666667,0.9905555555555555,0.9666666666666667,0.9666666666666667,0.9666666666666667,0.9666666666666667,29,1,1,29
medium,20,Random Forest,Cascade,0.2,0.8,0.55,33,0.9666666666666667,0.9911111111111112,0.9666666666666667,0.9666666666666667,0.9666666666666667,0.9666666666666667,29,1,1,29
medium,20,Random Forest,Cascade,0.3,0.7,0.23333333333333334,14,0.9666666666666667,0.9927777777777778,0.9666666666666667,0.9666666666666667,0.9666666666666667,0.9666666666666667,29,1,1,29
medium,20,Random Forest,Cascade,0.4,0.6,0.1,6,0.9666666666666667,0.9944444444444445,0.9666666666666667,0.9666666666666667,0.9666666666666667,0.9666666666666667,29,1,1,29
medium,20,XGBoost,Stage 1 only,,,0.0,0,0.9166666666666666,0.9766666666666667,0.9230769230769231,0.8571428571428571,1.0,0.8333333333333334,25,5,0,30
medium,20,XGBoost,Stage 1 + Stage 2,,,1.0,60,0.95,0.98,0.9523809523809523,0.9090909090909091,1.0,0.9,27,3,0,30
medium,20,XGBoost,Cascade,0.2,0.8,0.16666666666666666,10,0.95,0.9955555555555555,0.9523809523809523,0.9090909090909091,1.0,0.9,27,3,0,30
medium,20,XGBoost,Cascade,0.3,0.7,0.06666666666666667,4,0.9166666666666666,0.98,0.9230769230769231,0.8571428571428571,1.0,0.8333333333333334,25,5,0,30
medium,20,XGBoost,Cascade,0.4,0.6,0.06666666666666667,4,0.9166666666666666,0.98,0.9230769230769231,0.8571428571428571,1.0,0.8333333333333334,25,5,0,30
medium,21,Logistic Regression,Stage 1 only,,,0.0,0,0.75,0.861111111111111,0.7540983606557377,0.7419354838709677,0.7666666666666667,0.7333333333333333,22,8,7,23
medium,21,Logistic Regression,Stage 1 + Stage 2,,,1.0,60,0.8,0.8755555555555555,0.7931034482758621,0.8214285714285714,0.7666666666666667,0.8333333333333334,25,5,7,23
medium,21,Logistic Regression,Cascade,0.2,0.8,0.4166666666666667,25,0.8166666666666667,0.8677777777777778,0.8135593220338984,0.8275862068965517,0.8,0.8333333333333334,25,5,6,24
medium,21,Logistic Regression,Cascade,0.3,0.7,0.3,18,0.8,0.8377777777777777,0.8,0.8,0.8,0.8,24,6,6,24
medium,21,Logistic Regression,Cascade,0.4,0.6,0.15,9,0.7833333333333333,0.8666666666666667,0.7868852459016393,0.7741935483870968,0.8,0.7666666666666667,23,7,6,24
medium,21,Random Forest,Stage 1 only,,,0.0,0,0.95,0.9916666666666666,0.9508196721311475,0.9354838709677419,0.9666666666666667,0.9333333333333333,28,2,1,29
medium,21,Random Forest,Stage 1 + Stage 2,,,1.0,60,0.9666666666666667,0.99,0.967741935483871,0.9375,1.0,0.9333333333333333,28,2,0,30
medium,21,Random Forest,Cascade,0.2,0.8,0.38333333333333336,23,0.9666666666666667,0.9944444444444445,0.967741935483871,0.9375,1.0,0.9333333333333333,28,2,0,30
medium,21,Random Forest,Cascade,0.3,0.7,0.16666666666666666,10,0.9666666666666667,0.9894444444444443,0.967741935483871,0.9375,1.0,0.9333333333333333,28,2,0,30
medium,21,Random Forest,Cascade,0.4,0.6,0.03333333333333333,2,0.95,0.9883333333333333,0.9523809523809523,0.9090909090909091,1.0,0.9,27,3,0,30
medium,21,XGBoost,Stage 1 only,,,0.0,0,0.9333333333333333,0.9788888888888889,0.9354838709677419,0.90625,0.9666666666666667,0.9,27,3,1,29
medium,21,XGBoost,Stage 1 + Stage 2,,,1.0,60,0.9666666666666667,0.9877777777777779,0.9666666666666667,0.9666666666666667,0.9666666666666667,0.9666666666666667,29,1,1,29
medium,21,XGBoost,Cascade,0.2,0.8,0.13333333333333333,8,0.9666666666666667,0.9844444444444445,0.9666666666666667,0.9666666666666667,0.9666666666666667,0.9666666666666667,29,1,1,29
medium,21,XGBoost,Cascade,0.3,0.7,0.06666666666666667,4,0.9666666666666667,0.9811111111111112,0.9666666666666667,0.9666666666666667,0.9666666666666667,0.9666666666666667,29,1,1,29
medium,21,XGBoost,Cascade,0.4,0.6,0.03333333333333333,2,0.9333333333333333,0.9811111111111112,0.9354838709677419,0.90625,0.9666666666666667,0.9,27,3,1,29
medium,22,Logistic Regression,Stage 1 only,,,0.0,0,0.75,0.84,0.7540983606557377,0.7419354838709677,0.7666666666666667,0.7333333333333333,22,8,7,23
medium,22,Logistic Regression,Stage 1 + Stage 2,,,1.0,60,0.8166666666666667,0.9077777777777778,0.8135593220338984,0.8275862068965517,0.8,0.8333333333333334,25,5,6,24
medium,22,Logistic Regression,Cascade,0.2,0.8,0.31666666666666665,19,0.7833333333333333,0.8777777777777778,0.7796610169491526,0.7931034482758621,0.7666666666666667,0.8,24,6,7,23
medium,22,Logistic Regression,Cascade,0.3,0.7,0.18333333333333332,11,0.8,0.8677777777777778,0.8,0.8,0.8,0.8,24,6,6,24
medium,22,Logistic Regression,Cascade,0.4,0.6,0.13333333333333333,8,0.8,0.8555555555555555,0.8,0.8,0.8,0.8,24,6,6,24
medium,22,Random Forest,Stage 1 only,,,0.0,0,0.95,0.9838888888888889,0.9523809523809523,0.9090909090909091,1.0,0.9,27,3,0,30
medium,22,Random Forest,Stage 1 + Stage 2,,,1.0,60,0.9666666666666667,0.9883333333333333,0.967741935483871,0.9375,1.0,0.9333333333333333,28,2,0,30
medium,22,Random Forest,Cascade,0.2,0.8,0.4,24,0.9666666666666667,0.9927777777777778,0.967741935483871,0.9375,1.0,0.9333333333333333,28,2,0,30
medium,22,Random Forest,Cascade,0.3,0.7,0.21666666666666667,13,0.9666666666666667,0.9922222222222222,0.967741935483871,0.9375,1.0,0.9333333333333333,28,2,0,30
medium,22,Random Forest,Cascade,0.4,0.6,0.06666666666666667,4,0.95,0.9861111111111112,0.9523809523809523,0.9090909090909091,1.0,0.9,27,3,0,30
medium,22,XGBoost,Stage 1 only,,,0.0,0,0.95,0.9922222222222222,0.9523809523809523,0.9090909090909091,1.0,0.9,27,3,0,30
medium,22,XGBoost,Stage 1 + Stage 2,,,1.0,60,0.9666666666666667,0.9977777777777778,0.9666666666666667,0.9666666666666667,0.9666666666666667,0.9666666666666667,29,1,1,29
medium,22,XGBoost,Cascade,0.2,0.8,0.16666666666666666,10,0.9833333333333333,0.9966666666666667,0.9836065573770492,0.967741935483871,1.0,0.9666666666666667,29,1,0,30
medium,22,XGBoost,Cascade,0.3,0.7,0.1,6,0.9833333333333333,0.9966666666666667,0.9836065573770492,0.967741935483871,1.0,0.9666666666666667,29,1,0,30
medium,22,XGBoost,Cascade,0.4,0.6,0.03333333333333333,2,0.9666666666666667,0.9922222222222222,0.967741935483871,0.9375,1.0,0.9333333333333333,28,2,0,30
medium,23,Logistic Regression,Stage 1 only,,,0.0,0,0.75,0.8088888888888889,0.7692307692307693,0.7142857142857143,0.8333333333333334,0.6666666666666666,20,10,5,25
medium,23,Logistic Regression,Stage 1 + Stage 2,,,1.0,60,0.7666666666666667,0.8511111111111112,0.78125,0.7352941176470589,0.8333333333333334,0.7,21,9,5,25
medium,23,Logistic Regression,Cascade,0.2,0.8,0.4,24,0.8166666666666667,0.8755555555555555,0.8307692307692308,0.7714285714285715,0.9,0.7333333333333333,22,8,3,27
medium,23,Logistic Regression,Cascade,0.3,0.7,0.25,15,0.7666666666666667,0.8488888888888889,0.78125,0.7352941176470589,0.8333333333333334,0.7,21,9,5,25
medium,23,Logistic Regression,Cascade,0.4,0.6,0.05,3,0.7666666666666667,0.8155555555555556,0.78125,0.7352941176470589,0.8333333333333334,0.7,21,9,5,25
medium,23,Random Forest,Stage 1 only,,,0.0,0,0.9,0.9972222222222222,0.9090909090909091,0.8333333333333334,1.0,0.8,24,6,0,30
medium,23,Random Forest,Stage 1 + Stage 2,,,1.0,60,0.9,0.9822222222222222,0.90625,0.8529411764705882,0.9666666666666667,0.8333333333333334,25,5,1,29
medium,23,Random Forest,Cascade,0.2,0.8,0.43333333333333335,26,0.9,0.9911111111111112,0.90625,0.8529411764705882,0.9666666666666667,0.8333333333333334,25,5,1,29
medium,23,Random Forest,Cascade,0.3,0.7,0.2,12,0.9166666666666666,0.9977777777777778,0.9230769230769231,0.8571428571428571,1.0,0.8333333333333334,25,5,0,30
medium,23,Random Forest,Cascade,0.4,0.6,0.05,3,0.9166666666666666,0.9944444444444445,0.9230769230769231,0.8571428571428571,1.0,0.8333333333333334,25,5,0,30
medium,23,XGBoost,Stage 1 only,,,0.0,0,0.9166666666666666,0.9711111111111111,0.9230769230769231,0.8571428571428571,1.0,0.8333333333333334,25,5,0,30
medium,23,XGBoost,Stage 1 + Stage 2,,,1.0,60,0.9,0.9566666666666668,0.9,0.9,0.9,0.9,27,3,3,27
medium,23,XGBoost,Cascade,0.2,0.8,0.11666666666666667,7,0.9333333333333333,0.9744444444444444,0.9354838709677419,0.90625,0.9666666666666667,0.9,27,3,1,29
medium,23,XGBoost,Cascade,0.3,0.7,0.1,6,0.9166666666666666,0.9733333333333334,0.9206349206349206,0.8787878787878788,0.9666666666666667,0.8666666666666667,26,4,1,29
medium,23,XGBoost,Cascade,0.4,0.6,0.03333333333333333,2,0.9166666666666666,0.9744444444444444,0.9230769230769231,0.8571428571428571,1.0,0.8333333333333334,25,5,0,30
medium,24,Logistic Regression,Stage 1 only,,,0.0,0,0.8333333333333334,0.8799999999999999,0.84375,0.7941176470588235,0.9,0.7666666666666667,23,7,3,27
medium,24,Logistic Regression,Stage 1 + Stage 2,,,1.0,60,0.8,0.8977777777777779,0.8125,0.7647058823529411,0.8666666666666667,0.7333333333333333,22,8,4,26
medium,24,Logistic Regression,Cascade,0.2,0.8,0.4,24,0.8333333333333334,0.8711111111111112,0.84375,0.7941176470588235,0.9,0.7666666666666667,23,7,3,27
medium,24,Logistic Regression,Cascade,0.3,0.7,0.3333333333333333,20,0.8333333333333334,0.8744444444444444,0.84375,0.7941176470588235,0.9,0.7666666666666667,23,7,3,27
medium,24,Logistic Regression,Cascade,0.4,0.6,0.15,9,0.85,0.8777777777777779,0.8571428571428571,0.8181818181818182,0.9,0.8,24,6,3,27
medium,24,Random Forest,Stage 1 only,,,0.0,0,0.9833333333333333,0.9988888888888889,0.9836065573770492,0.967741935483871,1.0,0.9666666666666667,29,1,0,30
medium,24,Random Forest,Stage 1 + Stage 2,,,1.0,60,0.9666666666666667,0.9977777777777779,0.967741935483871,0.9375,1.0,0.9333333333333333,28,2,0,30
medium,24,Random Forest,Cascade,0.2,0.8,0.31666666666666665,19,0.9666666666666667,0.9988888888888889,0.967741935483871,0.9375,1.0,0.9333333333333333,28,2,0,30
medium,24,Random Forest,Cascade,0.3,0.7,0.16666666666666666,10,0.9666666666666667,1.0,0.967741935483871,0.9375,1.0,0.9333333333333333,28,2,0,30
medium,24,Random Forest,Cascade,0.4,0.6,0.1,6,0.9833333333333333,1.0,0.9836065573770492,0.967741935483871,1.0,0.9666666666666667,29,1,0,30
medium,24,XGBoost,Stage 1 only,,,0.0,0,0.95,0.9788888888888889,0.9523809523809523,0.9090909090909091,1.0,0.9,27,3,0,30
medium,24,XGBoost,Stage 1 + Stage 2,,,1.0,60,0.9166666666666666,0.9744444444444444,0.9230769230769231,0.8571428571428571,1.0,0.8333333333333334,25,5,0,30
medium,24,XGBoost,Cascade,0.2,0.8,0.13333333333333333,8,0.9166666666666666,0.98,0.9230769230769231,0.8571428571428571,1.0,0.8333333333333334,25,5,0,30
medium,24,XGBoost,Cascade,0.3,0.7,0.06666666666666667,4,0.9166666666666666,0.98,0.9230769230769231,0.8571428571428571,1.0,0.8333333333333334,25,5,0,30
medium,24,XGBoost,Cascade,0.4,0.6,0.016666666666666666,1,0.95,0.9788888888888889,0.9523809523809523,0.9090909090909091,1.0,0.9,27,3,0,30
medium,25,Logistic Regression,Stage 1 only,,,0.0,0,0.6833333333333333,0.8055555555555556,0.6666666666666666,0.7037037037037037,0.6333333333333333,0.7333333333333333,22,8,11,19
medium,25,Logistic Regression,Stage 1 + Stage 2,,,1.0,60,0.7833333333333333,0.8766666666666667,0.7719298245614035,0.8148148148148148,0.7333333333333333,0.8333333333333334,25,5,8,22
medium,25,Logistic Regression,Cascade,0.2,0.8,0.4166666666666667,25,0.8,0.8788888888888888,0.7931034482758621,0.8214285714285714,0.7666666666666667,0.8333333333333334,25,5,7,23
medium,25,Logistic Regression,Cascade,0.3,0.7,0.2833333333333333,17,0.7833333333333333,0.8544444444444445,0.7796610169491526,0.7931034482758621,0.7666666666666667,0.8,24,6,7,23
medium,25,Logistic Regression,Cascade,0.4,0.6,0.16666666666666666,10,0.7666666666666667,0.8311111111111111,0.75,0.8076923076923077,0.7,0.8333333333333334,25,5,9,21
medium,25,Random Forest,Stage 1 only,,,0.0,0,0.9666666666666667,0.991111111111111,0.967741935483871,0.9375,1.0,0.9333333333333333,28,2,0,30
medium,25,Random Forest,Stage 1 + Stage 2,,,1.0,60,0.95,0.9988888888888888,0.9523809523809523,0.9090909090909091,1.0,0.9,27,3,0,30
medium,25,Random Forest,Cascade,0.2,0.8,0.4166666666666667,25,0.95,0.9988888888888888,0.9523809523809523,0.9090909090909091,1.0,0.9,27,3,0,30
medium,25,Random Forest,Cascade,0.3,0.7,0.23333333333333334,14,0.95,0.9988888888888888,0.9523809523809523,0.9090909090909091,1.0,0.9,27,3,0,30
medium,25,Random Forest,Cascade,0.4,0.6,0.08333333333333333,5,0.95,0.9922222222222222,0.9523809523809523,0.9090909090909091,1.0,0.9,27,3,0,30
medium,25,XGBoost,Stage 1 only,,,0.0,0,0.9166666666666666,0.9833333333333333,0.9180327868852459,0.9032258064516129,0.9333333333333333,0.9,27,3,2,28
medium,25,XGBoost,Stage 1 + Stage 2,,,1.0,60,0.95,0.9922222222222222,0.9523809523809523,0.9090909090909091,1.0,0.9,27,3,0,30
medium,25,XGBoost,Cascade,0.2,0.8,0.2,12,0.95,0.9933333333333334,0.9523809523809523,0.9090909090909091,1.0,0.9,27,3,0,30
medium,25,XGBoost,Cascade,0.3,0.7,0.1,6,0.9166666666666666,0.9855555555555555,0.9206349206349206,0.8787878787878788,0.9666666666666667,0.8666666666666667,26,4,1,29
medium,25,XGBoost,Cascade,0.4,0.6,0.08333333333333333,5,0.9166666666666666,0.9888888888888888,0.9206349206349206,0.8787878787878788,0.9666666666666667,0.8666666666666667,26,4,1,29
medium,26,Logistic Regression,Stage 1 only,,,0.0,0,0.7666666666666667,0.8966666666666667,0.7307692307692307,0.8636363636363636,0.6333333333333333,0.9,27,3,11,19
medium,26,Logistic Regression,Stage 1 + Stage 2,,,1.0,60,0.85,0.9355555555555556,0.847457627118644,0.8620689655172413,0.8333333333333334,0.8666666666666667,26,4,5,25
medium,26,Logistic Regression,Cascade,0.2,0.8,0.5166666666666667,31,0.85,0.9344444444444445,0.8421052631578947,0.8888888888888888,0.8,0.9,27,3,6,24
medium,26,Logistic Regression,Cascade,0.3,0.7,0.38333333333333336,23,0.85,0.9144444444444445,0.8421052631578947,0.8888888888888888,0.8,0.9,27,3,6,24
medium,26,Logistic Regression,Cascade,0.4,0.6,0.15,9,0.8166666666666667,0.8833333333333333,0.8,0.88,0.7333333333333333,0.9,27,3,8,22
medium,26,Random Forest,Stage 1 only,,,0.0,0,0.95,1.0,0.9523809523809523,0.9090909090909091,1.0,0.9,27,3,0,30
medium,26,Random Forest,Stage 1 + Stage 2,,,1.0,60,0.9833333333333333,0.9994444444444445,0.9830508474576272,1.0,0.9666666666666667,1.0,30,0,1,29
medium,26,Random Forest,Cascade,0.2,0.8,0.38333333333333336,23,0.9833333333333333,0.9994444444444445,0.9830508474576272,1.0,0.9666666666666667,1.0,30,0,1,29
medium,26,Random Forest,Cascade,0.3,0.7,0.21666666666666667,13,1.0,1.0,1.0,1.0,1.0,1.0,30,0,0,30
medium,26,Random Forest,Cascade,0.4,0.6,0.05,3,0.9833333333333333,1.0,0.9836065573770492,0.967741935483871,1.0,0.9666666666666667,29,1,0,30
medium,26,XGBoost,Stage 1 only,,,0.0,0,0.95,0.9855555555555556,0.9523809523809523,0.9090909090909091,1.0,0.9,27,3,0,30
medium,26,XGBoost,Stage 1 + Stage 2,,,1.0,60,0.9833333333333333,1.0,0.9836065573770492,0.967741935483871,1.0,0.9666666666666667,29,1,0,30
medium,26,XGBoost,Cascade,0.2,0.8,0.13333333333333333,8,0.9666666666666667,0.9933333333333334,0.967741935483871,0.9375,1.0,0.9333333333333333,28,2,0,30
medium,26,XGBoost,Cascade,0.3,0.7,0.06666666666666667,4,0.9666666666666667,0.9911111111111112,0.967741935483871,0.9375,1.0,0.9333333333333333,28,2,0,30
medium,26,XGBoost,Cascade,0.4,0.6,0.03333333333333333,2,0.9666666666666667,0.9888888888888889,0.967741935483871,0.9375,1.0,0.9333333333333333,28,2,0,30
medium,27,Logistic Regression,Stage 1 only,,,0.0,0,0.8166666666666667,0.861111111111111,0.8253968253968254,0.7878787878787878,0.8666666666666667,0.7666666666666667,23,7,4,26
medium,27,Logistic Regression,Stage 1 + Stage 2,,,1.0,60,0.8333333333333334,0.8955555555555555,0.84375,0.7941176470588235,0.9,0.7666666666666667,23,7,3,27
medium,27,Logistic Regression,Cascade,0.2,0.8,0.4666666666666667,28,0.7833333333333333,0.8522222222222222,0.8,0.7428571428571429,0.8666666666666667,0.7,21,9,4,26
medium,27,Logistic Regression,Cascade,0.3,0.7,0.35,21,0.8166666666666667,0.8433333333333334,0.8253968253968254,0.7878787878787878,0.8666666666666667,0.7666666666666667,23,7,4,26
medium,27,Logistic Regression,Cascade,0.4,0.6,0.2,12,0.85,0.8611111111111112,0.8524590163934426,0.8387096774193549,0.8666666666666667,0.8333333333333334,25,5,4,26
medium,27,Random Forest,Stage 1 only,,,0.0,0,0.9833333333333333,0.9977777777777778,0.9836065573770492,0.967741935483871,1.0,0.9666666666666667,29,1,0,30
medium,27,Random Forest,Stage 1 + Stage 2,,,1.0,60,0.9833333333333333,0.9972222222222222,0.9836065573770492,0.967741935483871,1.0,0.9666666666666667,29,1,0,30
medium,27,Random Forest,Cascade,0.2,0.8,0.31666666666666665,19,0.9833333333333333,0.9977777777777778,0.9836065573770492,0.967741935483871,1.0,0.9666666666666667,29,1,0,30
medium,27,Random Forest,Cascade,0.3,0.7,0.16666666666666666,10,0.9833333333333333,0.9977777777777778,0.9836065573770492,0.967741935483871,1.0,0.9666666666666667,29,1,0,30
medium,27,Random Forest,Cascade,0.4,0.6,0.05,3,0.9833333333333333,0.9988888888888889,0.9836065573770492,0.967741935483871,1.0,0.9666666666666667,29,1,0,30
medium,27,XGBoost,Stage 1 only,,,0.0,0,0.9666666666666667,0.9877777777777779,0.9666666666666667,0.9666666666666667,0.9666666666666667,0.9666666666666667,29,1,1,29
medium,27,XGBoost,Stage 1 + Stage 2,,,1.0,60,0.9666666666666667,0.9877777777777779,0.9666666666666667,0.9666666666666667,0.9666666666666667,0.9666666666666667,29,1,1,29
medium,27,XGBoost,Cascade,0.2,0.8,0.11666666666666667,7,0.9666666666666667,0.9877777777777779,0.9666666666666667,0.9666666666666667,0.9666666666666667,0.9666666666666667,29,1,1,29
medium,27,XGBoost,Cascade,0.3,0.7,0.06666666666666667,4,0.9666666666666667,0.9888888888888889,0.9666666666666667,0.9666666666666667,0.9666666666666667,0.9666666666666667,29,1,1,29
medium,27,XGBoost,Cascade,0.4,0.6,0.05,3,0.9666666666666667,0.9888888888888889,0.9666666666666667,0.9666666666666667,0.9666666666666667,0.9666666666666667,29,1,1,29
medium,28,Logistic Regression,Stage 1 only,,,0.0,0,0.7833333333333333,0.87,0.8,0.7428571428571429,0.8666666666666667,0.7,21,9,4,26
medium,28,Logistic Regression,Stage 1 + Stage 2,,,1.0,60,0.8166666666666667,0.8855555555555557,0.8135593220338984,0.8275862068965517,0.8,0.8333333333333334,25,5,6,24
medium,28,Logistic Regression,Cascade,0.2,0.8,0.48333333333333334,29,0.8166666666666667,0.8977777777777778,0.8135593220338984,0.8275862068965517,0.8,0.8333333333333334,25,5,6,24
medium,28,Logistic Regression,Cascade,0.3,0.7,0.3,18,0.8,0.8877777777777778,0.8,0.8,0.8,0.8,24,6,6,24
medium,28,Logistic Regression,Cascade,0.4,0.6,0.13333333333333333,8,0.7833333333333333,0.8855555555555555,0.7868852459016393,0.7741935483870968,0.8,0.7666666666666667,23,7,6,24
medium,28,Random Forest,Stage 1 only,,,0.0,0,0.95,0.9977777777777778,0.9508196721311475,0.9354838709677419,0.9666666666666667,0.9333333333333333,28,2,1,29
medium,28,Random Forest,Stage 1 + Stage 2,,,1.0,60,0.95,0.9927777777777778,0.9523809523809523,0.9090909090909091,1.0,0.9,27,3,0,30
medium,28,Random Forest,Cascade,0.2,0.8,0.36666666666666664,22,0.95,0.9966666666666667,0.9523809523809523,0.9090909090909091,1.0,0.9,27,3,0,30
medium,28,Random Forest,Cascade,0.3,0.7,0.2,12,0.9666666666666667,0.9988888888888888,0.967741935483871,0.9375,1.0,0.9333333333333333,28,2,0,30
medium,28,Random Forest,Cascade,0.4,0.6,0.06666666666666667,4,0.9666666666666667,0.9977777777777778,0.967741935483871,0.9375,1.0,0.9333333333333333,28,2,0,30
medium,28,XGBoost,Stage 1 only,,,0.0,0,0.95,0.9955555555555555,0.9491525423728814,0.9655172413793104,0.9333333333333333,0.9666666666666667,29,1,2,28
medium,28,XGBoost,Stage 1 + Stage 2,,,1.0,60,0.9333333333333333,0.99,0.9354838709677419,0.90625,0.9666666666666667,0.9,27,3,1,29
medium,28,XGBoost,Cascade,0.2,0.8,0.23333333333333334,14,0.9333333333333333,0.99,0.9354838709677419,0.90625,0.9666666666666667,0.9,27,3,1,29
medium,28,XGBoost,Cascade,0.3,0.7,0.11666666666666667,7,0.95,0.9944444444444445,0.9508196721311475,0.9354838709677419,0.9666666666666667,0.9333333333333333,28,2,1,29
medium,28,XGBoost,Cascade,0.4,0.6,0.06666666666666667,4,0.95,0.9922222222222222,0.9508196721311475,0.9354838709677419,0.9666666666666667,0.9333333333333333,28,2,1,29
medium,29,Logistic Regression,Stage 1 only,,,0.0,0,0.7666666666666667,0.8422222222222222,0.7878787878787878,0.7222222222222222,0.8666666666666667,0.6666666666666666,20,10,4,26
medium,29,Logistic Regression,Stage 1 + Stage 2,,,1.0,60,0.8,0.8733333333333333,0.8064516129032258,0.78125,0.8333333333333334,0.7666666666666667,23,7,5,25
medium,29,Logistic Regression,Cascade,0.2,0.8,0.5333333333333333,32,0.7833333333333333,0.8611111111111112,0.7936507936507936,0.7575757575757576,0.8333333333333334,0.7333333333333333,22,8,5,25
medium,29,Logistic Regression,Cascade,0.3,0.7,0.38333333333333336,23,0.7666666666666667,0.8577777777777778,0.7741935483870968,0.75,0.8,0.7333333333333333,22,8,6,24
medium,29,Logistic Regression,Cascade,0.4,0.6,0.15,9,0.7666666666666667,0.8711111111111112,0.78125,0.7352941176470589,0.8333333333333334,0.7,21,9,5,25
medium,29,Random Forest,Stage 1 only,,,0.0,0,0.9333333333333333,0.9861111111111112,0.9375,0.8823529411764706,1.0,0.8666666666666667,26,4,0,30
medium,29,Random Forest,Stage 1 + Stage 2,,,1.0,60,0.9166666666666666,0.9938888888888889,0.9230769230769231,0.8571428571428571,1.0,0.8333333333333334,25,5,0,30
medium,29,Random Forest,Cascade,0.2,0.8,0.43333333333333335,26,0.9166666666666666,0.9938888888888888,0.9230769230769231,0.8571428571428571,1.0,0.8333333333333334,25,5,0,30
medium,29,Random Forest,Cascade,0.3,0.7,0.2,12,0.9166666666666666,0.9877777777777779,0.9230769230769231,0.8571428571428571,1.0,0.8333333333333334,25,5,0,30
medium,29,Random Forest,Cascade,0.4,0.6,0.05,3,0.9166666666666666,0.9861111111111112,0.9230769230769231,0.8571428571428571,1.0,0.8333333333333334,25,5,0,30
medium,29,XGBoost,Stage 1 only,,,0.0,0,0.9333333333333333,0.9933333333333334,0.9375,0.8823529411764706,1.0,0.8666666666666667,26,4,0,30
medium,29,XGBoost,Stage 1 + Stage 2,,,1.0,60,0.95,0.9944444444444445,0.9523809523809523,0.9090909090909091,1.0,0.9,27,3,0,30
medium,29,XGBoost,Cascade,0.2,0.8,0.18333333333333332,11,0.95,0.9977777777777778,0.9523809523809523,0.9090909090909091,1.0,0.9,27,3,0,30
medium,29,XGBoost,Cascade,0.3,0.7,0.1,6,0.95,0.9944444444444445,0.9523809523809523,0.9090909090909091,1.0,0.9,27,3,0,30
medium,29,XGBoost,Cascade,0.4,0.6,0.05,3,0.95,0.9933333333333334,0.9523809523809523,0.9090909090909091,1.0,0.9,27,3,0,30
medium,30,Logistic Regression,Stage 1 only,,,0.0,0,0.6833333333333333,0.8422222222222223,0.7246376811594203,0.6410256410256411,0.8333333333333334,0.5333333333333333,16,14,5,25
medium,30,Logistic Regression,Stage 1 + Stage 2,,,1.0,60,0.8,0.8944444444444445,0.8064516129032258,0.78125,0.8333333333333334,0.7666666666666667,23,7,5,25
medium,30,Logistic Regression,Cascade,0.2,0.8,0.45,27,0.8333333333333334,0.8977777777777778,0.84375,0.7941176470588235,0.9,0.7666666666666667,23,7,3,27
medium,30,Logistic Regression,Cascade,0.3,0.7,0.23333333333333334,14,0.8333333333333334,0.9133333333333333,0.84375,0.7941176470588235,0.9,0.7666666666666667,23,7,3,27
medium,30,Logistic Regression,Cascade,0.4,0.6,0.08333333333333333,5,0.7333333333333333,0.8677777777777778,0.7575757575757576,0.6944444444444444,0.8333333333333334,0.6333333333333333,19,11,5,25
medium,30,Random Forest,Stage 1 only,,,0.0,0,0.95,0.9966666666666666,0.9523809523809523,0.9090909090909091,1.0,0.9,27,3,0,30
medium,30,Random Forest,Stage 1 + Stage 2,,,1.0,60,0.95,0.9977777777777778,0.9523809523809523,0.9090909090909091,1.0,0.9,27,3,0,30
medium,30,Random Forest,Cascade,0.2,0.8,0.5,30,0.95,0.9988888888888889,0.9523809523809523,0.9090909090909091,1.0,0.9,27,3,0,30
medium,30,Random Forest,Cascade,0.3,0.7,0.21666666666666667,13,0.95,0.9988888888888889,0.9523809523809523,0.9090909090909091,1.0,0.9,27,3,0,30
medium,30,Random Forest,Cascade,0.4,0.6,0.06666666666666667,4,0.9666666666666667,0.9955555555555555,0.967741935483871,0.9375,1.0,0.9333333333333333,28,2,0,30
medium,30,XGBoost,Stage 1 only,,,0.0,0,0.9166666666666666,0.9866666666666667,0.9230769230769231,0.8571428571428571,1.0,0.8333333333333334,25,5,0,30
medium,30,XGBoost,Stage 1 + Stage 2,,,1.0,60,0.9333333333333333,0.9777777777777777,0.9375,0.8823529411764706,1.0,0.8666666666666667,26,4,0,30
medium,30,XGBoost,Cascade,0.2,0.8,0.2,12,0.9333333333333333,0.9911111111111112,0.9375,0.8823529411764706,1.0,0.8666666666666667,26,4,0,30
medium,30,XGBoost,Cascade,0.3,0.7,0.1,6,0.9166666666666666,0.9888888888888889,0.9230769230769231,0.8571428571428571,1.0,0.8333333333333334,25,5,0,30
medium,30,XGBoost,Cascade,0.4,0.6,0.08333333333333333,5,0.9333333333333333,0.9888888888888889,0.9375,0.8823529411764706,1.0,0.8666666666666667,26,4,0,30
strong,1,Logistic Regression,Stage 1 only,,,0.0,0,0.8833333333333333,0.96,0.8852459016393442,0.8709677419354839,0.9,0.8666666666666667,26,4,3,27
strong,1,Logistic Regression,Stage 1 + Stage 2,,,1.0,60,0.9,0.9566666666666667,0.9,0.9,0.9,0.9,27,3,3,27
strong,1,Logistic Regression,Cascade,0.2,0.8,0.2,12,0.9166666666666666,0.9700000000000001,0.9180327868852459,0.9032258064516129,0.9333333333333333,0.9,27,3,2,28
strong,1,Logistic Regression,Cascade,0.3,0.7,0.11666666666666667,7,0.9166666666666666,0.9711111111111111,0.9180327868852459,0.9032258064516129,0.9333333333333333,0.9,27,3,2,28
strong,1,Logistic Regression,Cascade,0.4,0.6,0.05,3,0.9,0.9677777777777778,0.9,0.9,0.9,0.9,27,3,3,27
strong,1,Random Forest,Stage 1 only,,,0.0,0,0.95,0.9977777777777778,0.9523809523809523,0.9090909090909091,1.0,0.9,27,3,0,30
strong,1,Random Forest,Stage 1 + Stage 2,,,1.0,60,0.9666666666666667,0.995,0.9666666666666667,0.9666666666666667,0.9666666666666667,0.9666666666666667,29,1,1,29
strong,1,Random Forest,Cascade,0.2,0.8,0.3333333333333333,20,0.9666666666666667,0.995,0.9666666666666667,0.9666666666666667,0.9666666666666667,0.9666666666666667,29,1,1,29
strong,1,Random Forest,Cascade,0.3,0.7,0.18333333333333332,11,0.9666666666666667,0.9949999999999999,0.9666666666666667,0.9666666666666667,0.9666666666666667,0.9666666666666667,29,1,1,29
strong,1,Random Forest,Cascade,0.4,0.6,0.1,6,0.9666666666666667,0.9955555555555556,0.967741935483871,0.9375,1.0,0.9333333333333333,28,2,0,30
strong,1,XGBoost,Stage 1 only,,,0.0,0,0.9166666666666666,0.9888888888888889,0.9230769230769231,0.8571428571428571,1.0,0.8333333333333334,25,5,0,30
strong,1,XGBoost,Stage 1 + Stage 2,,,1.0,60,0.9166666666666666,0.9855555555555556,0.9206349206349206,0.8787878787878788,0.9666666666666667,0.8666666666666667,26,4,1,29
strong,1,XGBoost,Cascade,0.2,0.8,0.11666666666666667,7,0.9166666666666666,0.9833333333333334,0.9230769230769231,0.8571428571428571,1.0,0.8333333333333334,25,5,0,30
strong,1,XGBoost,Cascade,0.3,0.7,0.06666666666666667,4,0.9166666666666666,0.9833333333333334,0.9230769230769231,0.8571428571428571,1.0,0.8333333333333334,25,5,0,30
strong,1,XGBoost,Cascade,0.4,0.6,0.0,0,0.9166666666666666,0.9888888888888889,0.9230769230769231,0.8571428571428571,1.0,0.8333333333333334,25,5,0,30
strong,2,Logistic Regression,Stage 1 only,,,0.0,0,0.8833333333333333,0.95,0.8813559322033898,0.896551724137931,0.8666666666666667,0.9,27,3,4,26
strong,2,Logistic Regression,Stage 1 + Stage 2,,,1.0,60,0.9,0.9633333333333333,0.9032258064516129,0.875,0.9333333333333333,0.8666666666666667,26,4,2,28
strong,2,Logistic Regression,Cascade,0.2,0.8,0.18333333333333332,11,0.8833333333333333,0.9655555555555555,0.8813559322033898,0.896551724137931,0.8666666666666667,0.9,27,3,4,26
strong,2,Logistic Regression,Cascade,0.3,0.7,0.1,6,0.8833333333333333,0.9555555555555556,0.8813559322033898,0.896551724137931,0.8666666666666667,0.9,27,3,4,26
strong,2,Logistic Regression,Cascade,0.4,0.6,0.06666666666666667,4,0.8833333333333333,0.95,0.8813559322033898,0.896551724137931,0.8666666666666667,0.9,27,3,4,26
strong,2,Random Forest,Stage 1 only,,,0.0,0,0.9833333333333333,0.9983333333333334,0.9836065573770492,0.967741935483871,1.0,0.9666666666666667,29,1,0,30
strong,2,Random Forest,Stage 1 + Stage 2,,,1.0,60,0.9833333333333333,0.9955555555555555,0.9836065573770492,0.967741935483871,1.0,0.9666666666666667,29,1,0,30
strong,2,Random Forest,Cascade,0.2,0.8,0.38333333333333336,23,0.9833333333333333,0.9955555555555556,0.9836065573770492,0.967741935483871,1.0,0.9666666666666667,29,1,0,30
strong,2,Random Forest,Cascade,0.3,0.7,0.16666666666666666,10,0.9833333333333333,0.9966666666666667,0.9836065573770492,0.967741935483871,1.0,0.9666666666666667,29,1,0,30
strong,2,Random Forest,Cascade,0.4,0.6,0.06666666666666667,4,0.9833333333333333,0.9977777777777778,0.9836065573770492,0.967741935483871,1.0,0.9666666666666667,29,1,0,30
strong,2,XGBoost,Stage 1 only,,,0.0,0,0.95,0.9955555555555555,0.9508196721311475,0.9354838709677419,0.9666666666666667,0.9333333333333333,28,2,1,29
strong,2,XGBoost,Stage 1 + Stage 2,,,1.0,60,0.9166666666666666,0.9788888888888889,0.9206349206349206,0.8787878787878788,0.9666666666666667,0.8666666666666667,26,4,1,29
strong,2,XGBoost,Cascade,0.2,0.8,0.11666666666666667,7,0.9166666666666666,0.9833333333333334,0.9206349206349206,0.8787878787878788,0.9666666666666667,0.8666666666666667,26,4,1,29
strong,2,XGBoost,Cascade,0.3,0.7,0.08333333333333333,5,0.9166666666666666,0.98,0.9206349206349206,0.8787878787878788,0.9666666666666667,0.8666666666666667,26,4,1,29
strong,2,XGBoost,Cascade,0.4,0.6,0.03333333333333333,2,0.9333333333333333,0.98,0.9354838709677419,0.90625,0.9666666666666667,0.9,27,3,1,29
strong,3,Logistic Regression,Stage 1 only,,,0.0,0,0.85,0.9522222222222222,0.8615384615384616,0.8,0.9333333333333333,0.7666666666666667,23,7,2,28
strong,3,Logistic Regression,Stage 1 + Stage 2,,,1.0,60,0.8833333333333333,0.9477777777777778,0.8888888888888888,0.8484848484848485,0.9333333333333333,0.8333333333333334,25,5,2,28
strong,3,Logistic Regression,Cascade,0.2,0.8,0.15,9,0.8833333333333333,0.9311111111111111,0.8888888888888888,0.8484848484848485,0.9333333333333333,0.8333333333333334,25,5,2,28
strong,3,Logistic Regression,Cascade,0.3,0.7,0.08333333333333333,5,0.85,0.9322222222222222,0.8571428571428571,0.8181818181818182,0.9,0.8,24,6,3,27
strong,3,Logistic Regression,Cascade,0.4,0.6,0.06666666666666667,4,0.8666666666666667,0.9344444444444444,0.875,0.8235294117647058,0.9333333333333333,0.8,24,6,2,28
strong,3,Random Forest,Stage 1 only,,,0.0,0,1.0,1.0,1.0,1.0,1.0,1.0,30,0,0,30
strong,3,Random Forest,Stage 1 + Stage 2,,,1.0,60,0.9666666666666667,1.0,0.967741935483871,0.9375,1.0,0.9333333333333333,28,2,0,30
strong,3,Random Forest,Cascade,0.2,0.8,0.15,9,0.9666666666666667,1.0,0.967741935483871,0.9375,1.0,0.9333333333333333,28,2,0,30
strong,3,Random Forest,Cascade,0.3,0.7,0.06666666666666667,4,0.9666666666666667,1.0,0.967741935483871,0.9375,1.0,0.9333333333333333,28,2,0,30
strong,3,Random Forest,Cascade,0.4,0.6,0.03333333333333333,2,0.9833333333333333,1.0,0.9836065573770492,0.967741935483871,1.0,0.9666666666666667,29,1,0,30
strong,3,XGBoost,Stage 1 only,,,0.0,0,0.9833333333333333,0.9988888888888889,0.9836065573770492,0.967741935483871,1.0,0.9666666666666667,29,1,0,30
strong,3,XGBoost,Stage 1 + Stage 2,,,1.0,60,0.9833333333333333,0.9955555555555555,0.9836065573770492,0.967741935483871,1.0,0.9666666666666667,29,1,0,30
strong,3,XGBoost,Cascade,0.2,0.8,0.06666666666666667,4,0.9833333333333333,1.0,0.9836065573770492,0.967741935483871,1.0,0.9666666666666667,29,1,0,30
strong,3,XGBoost,Cascade,0.3,0.7,0.016666666666666666,1,0.9833333333333333,0.9988888888888889,0.9836065573770492,0.967741935483871,1.0,0.9666666666666667,29,1,0,30
strong,3,XGBoost,Cascade,0.4,0.6,0.0,0,0.9833333333333333,0.9988888888888889,0.9836065573770492,0.967741935483871,1.0,0.9666666666666667,29,1,0,30
strong,4,Logistic Regression,Stage 1 only,,,0.0,0,0.85,0.9466666666666667,0.8571428571428571,0.8181818181818182,0.9,0.8,24,6,3,27
strong,4,Logistic Regression,Stage 1 + Stage 2,,,1.0,60,0.8833333333333333,0.94,0.8813559322033898,0.896551724137931,0.8666666666666667,0.9,27,3,4,26
strong,4,Logistic Regression,Cascade,0.2,0.8,0.2,12,0.8833333333333333,0.9388888888888889,0.8813559322033898,0.896551724137931,0.8666666666666667,0.9,27,3,4,26
strong,4,Logistic Regression,Cascade,0.3,0.7,0.15,9,0.8833333333333333,0.9477777777777778,0.8813559322033898,0.896551724137931,0.8666666666666667,0.9,27,3,4,26
strong,4,Logistic Regression,Cascade,0.4,0.6,0.06666666666666667,4,0.8833333333333333,0.9544444444444444,0.8852459016393442,0.8709677419354839,0.9,0.8666666666666667,26,4,3,27
strong,4,Random Forest,Stage 1 only,,,0.0,0,0.9666666666666667,0.9955555555555556,0.967741935483871,0.9375,1.0,0.9333333333333333,28,2,0,30
strong,4,Random Forest,Stage 1 + Stage 2,,,1.0,60,0.95,0.995,0.9523809523809523,0.9090909090909091,1.0,0.9,27,3,0,30
strong,4,Random Forest,Cascade,0.2,0.8,0.38333333333333336,23,0.95,0.995,0.9523809523809523,0.9090909090909091,1.0,0.9,27,3,0,30
strong,4,Random Forest,Cascade,0.3,0.7,0.16666666666666666,10,0.95,0.9944444444444445,0.9523809523809523,0.9090909090909091,1.0,0.9,27,3,0,30
strong,4,Random Forest,Cascade,0.4,0.6,0.06666666666666667,4,0.95,0.9955555555555556,0.9523809523809523,0.9090909090909091,1.0,0.9,27,3,0,30
strong,4,XGBoost,Stage 1 only,,,0.0,0,0.8833333333333333,0.9888888888888889,0.8955223880597015,0.8108108108108109,1.0,0.7666666666666667,23,7,0,30
strong,4,XGBoost,Stage 1 + Stage 2,,,1.0,60,0.9333333333333333,0.9811111111111112,0.9375,0.8823529411764706,1.0,0.8666666666666667,26,4,0,30
strong,4,XGBoost,Cascade,0.2,0.8,0.11666666666666667,7,0.9333333333333333,0.9877777777777779,0.9375,0.8823529411764706,1.0,0.8666666666666667,26,4,0,30
strong,4,XGBoost,Cascade,0.3,0.7,0.08333333333333333,5,0.9333333333333333,0.9844444444444445,0.9375,0.8823529411764706,1.0,0.8666666666666667,26,4,0,30
strong,4,XGBoost,Cascade,0.4,0.6,0.016666666666666666,1,0.9,0.9888888888888889,0.9090909090909091,0.8333333333333334,1.0,0.8,24,6,0,30
strong,5,Logistic Regression,Stage 1 only,,,0.0,0,0.8666666666666667,0.9444444444444444,0.8666666666666667,0.8666666666666667,0.8666666666666667,0.8666666666666667,26,4,4,26
strong,5,Logistic Regression,Stage 1 + Stage 2,,,1.0,60,0.8833333333333333,0.9444444444444444,0.8852459016393442,0.8709677419354839,0.9,0.8666666666666667,26,4,3,27
strong,5,Logistic Regression,Cascade,0.2,0.8,0.11666666666666667,7,0.8666666666666667,0.9500000000000001,0.8709677419354839,0.84375,0.9,0.8333333333333334,25,5,3,27
strong,5,Logistic Regression,Cascade,0.3,0.7,0.11666666666666667,7,0.8666666666666667,0.9500000000000001,0.8709677419354839,0.84375,0.9,0.8333333333333334,25,5,3,27
strong,5,Logistic Regression,Cascade,0.4,0.6,0.06666666666666667,4,0.8833333333333333,0.9544444444444444,0.8852459016393442,0.8709677419354839,0.9,0.8666666666666667,26,4,3,27
strong,5,Random Forest,Stage 1 only,,,0.0,0,0.95,0.9988888888888888,0.9523809523809523,0.9090909090909091,1.0,0.9,27,3,0,30
strong,5,Random Forest,Stage 1 + Stage 2,,,1.0,60,0.95,0.9977777777777778,0.9508196721311475,0.9354838709677419,0.9666666666666667,0.9333333333333333,28,2,1,29
strong,5,Random Forest,Cascade,0.2,0.8,0.2,12,0.95,0.9977777777777778,0.9508196721311475,0.9354838709677419,0.9666666666666667,0.9333333333333333,28,2,1,29
strong,5,Random Forest,Cascade,0.3,0.7,0.1,6,0.95,0.9977777777777778,0.9508196721311475,0.9354838709677419,0.9666666666666667,0.9333333333333333,28,2,1,29
strong,5,Random Forest,Cascade,0.4,0.6,0.05,3,0.95,0.9966666666666667,0.9523809523809523,0.9090909090909091,1.0,0.9,27,3,0,30
strong,5,XGBoost,Stage 1 only,,,0.0,0,0.9166666666666666,0.9911111111111112,0.9206349206349206,0.8787878787878788,0.9666666666666667,0.8666666666666667,26,4,1,29
strong,5,XGBoost,Stage 1 + Stage 2,,,1.0,60,0.9166666666666666,0.9800000000000001,0.9206349206349206,0.8787878787878788,0.9666666666666667,0.8666666666666667,26,4,1,29
strong,5,XGBoost,Cascade,0.2,0.8,0.06666666666666667,4,0.9166666666666666,0.99,0.9206349206349206,0.8787878787878788,0.9666666666666667,0.8666666666666667,26,4,1,29
strong,5,XGBoost,Cascade,0.3,0.7,0.05,3,0.9166666666666666,0.99,0.9206349206349206,0.8787878787878788,0.9666666666666667,0.8666666666666667,26,4,1,29
strong,5,XGBoost,Cascade,0.4,0.6,0.05,3,0.9166666666666666,0.99,0.9206349206349206,0.8787878787878788,0.9666666666666667,0.8666666666666667,26,4,1,29
strong,6,Logistic Regression,Stage 1 only,,,0.0,0,0.85,0.9533333333333334,0.847457627118644,0.8620689655172413,0.8333333333333334,0.8666666666666667,26,4,5,25
strong,6,Logistic Regression,Stage 1 + Stage 2,,,1.0,60,0.8833333333333333,0.9511111111111111,0.8813559322033898,0.896551724137931,0.8666666666666667,0.9,27,3,4,26
strong,6,Logistic Regression,Cascade,0.2,0.8,0.16666666666666666,10,0.9166666666666666,0.9733333333333334,0.9180327868852459,0.9032258064516129,0.9333333333333333,0.9,27,3,2,28
strong,6,Logistic Regression,Cascade,0.3,0.7,0.13333333333333333,8,0.8833333333333333,0.9655555555555556,0.8852459016393442,0.8709677419354839,0.9,0.8666666666666667,26,4,3,27
strong,6,Logistic Regression,Cascade,0.4,0.6,0.05,3,0.85,0.9533333333333334,0.8524590163934426,0.8387096774193549,0.8666666666666667,0.8333333333333334,25,5,4,26
strong,6,Random Forest,Stage 1 only,,,0.0,0,0.95,0.9972222222222222,0.9523809523809523,0.9090909090909091,1.0,0.9,27,3,0,30
strong,6,Random Forest,Stage 1 + Stage 2,,,1.0,60,0.9666666666666667,0.9988888888888888,0.9666666666666667,0.9666666666666667,0.9666666666666667,0.9666666666666667,29,1,1,29
strong,6,Random Forest,Cascade,0.2,0.8,0.2833333333333333,17,0.9666666666666667,0.9988888888888889,0.9666666666666667,0.9666666666666667,0.9666666666666667,0.9666666666666667,29,1,1,29
strong,6,Random Forest,Cascade,0.3,0.7,0.2,12,0.9666666666666667,0.9988888888888889,0.9666666666666667,0.9666666666666667,0.9666666666666667,0.9666666666666667,29,1,1,29
strong,6,Random Forest,Cascade,0.4,0.6,0.1,6,0.9666666666666667,0.9988888888888888,0.9666666666666667,0.9666666666666667,0.9666666666666667,0.9666666666666667,29,1,1,29
strong,6,XGBoost,Stage 1 only,,,0.0,0,0.95,0.9922222222222222,0.9523809523809523,0.9090909090909091,1.0,0.9,27,3,0,30
strong,6,XGBoost,Stage 1 + Stage 2,,,1.0,60,0.9333333333333333,0.9711111111111111,0.9354838709677419,0.90625,0.9666666666666667,0.9,27,3,1,29
strong,6,XGBoost,Cascade,0.2,0.8,0.11666666666666667,7,0.9333333333333333,0.9833333333333334,0.9354838709677419,0.90625,0.9666666666666667,0.9,27,3,1,29
strong,6,XGBoost,Cascade,0.3,0.7,0.05,3,0.95,0.9911111111111112,0.9523809523809523,0.9090909090909091,1.0,0.9,27,3,0,30
strong,6,XGBoost,Cascade,0.4,0.6,0.016666666666666666,1,0.95,0.9911111111111112,0.9523809523809523,0.9090909090909091,1.0,0.9,27,3,0,30
strong,7,Logistic Regression,Stage 1 only,,,0.0,0,0.85,0.9199999999999999,0.8524590163934426,0.8387096774193549,0.8666666666666667,0.8333333333333334,25,5,4,26
strong,7,Logistic Regression,Stage 1 + Stage 2,,,1.0,60,0.9,0.9400000000000001,0.9,0.9,0.9,0.9,27,3,3,27
strong,7,Logistic Regression,Cascade,0.2,0.8,0.21666666666666667,13,0.8833333333333333,0.94,0.8813559322033898,0.896551724137931,0.8666666666666667,0.9,27,3,4,26
strong,7,Logistic Regression,Cascade,0.3,0.7,0.13333333333333333,8,0.85,0.9355555555555556,0.8524590163934426,0.8387096774193549,0.8666666666666667,0.8333333333333334,25,5,4,26
strong,7,Logistic Regression,Cascade,0.4,0.6,0.05,3,0.8666666666666667,0.9244444444444444,0.8666666666666667,0.8666666666666667,0.8666666666666667,0.8666666666666667,26,4,4,26
strong,7,Random Forest,Stage 1 only,,,0.0,0,0.9333333333333333,0.9955555555555556,0.9354838709677419,0.90625,0.9666666666666667,0.9,27,3,1,29
strong,7,Random Forest,Stage 1 + Stage 2,,,1.0,60,0.9666666666666667,0.9988888888888889,0.9666666666666667,0.9666666666666667,0.9666666666666667,0.9666666666666667,29,1,1,29
strong,7,Random Forest,Cascade,0.2,0.8,0.4666666666666667,28,0.9666666666666667,0.9988888888888889,0.9666666666666667,0.9666666666666667,0.9666666666666667,0.9666666666666667,29,1,1,29
strong,7,Random Forest,Cascade,0.3,0.7,0.25,15,0.9666666666666667,0.9988888888888889,0.9666666666666667,0.9666666666666667,0.9666666666666667,0.9666666666666667,29,1,1,29
strong,7,Random Forest,Cascade,0.4,0.6,0.08333333333333333,5,0.9666666666666667,0.9988888888888888,0.9666666666666667,0.9666666666666667,0.9666666666666667,0.9666666666666667,29,1,1,29
strong,7,XGBoost,Stage 1 only,,,0.0,0,0.9666666666666667,0.9844444444444445,0.9666666666666667,0.9666666666666667,0.9666666666666667,0.9666666666666667,29,1,1,29
strong,7,XGBoost,Stage 1 + Stage 2,,,1.0,60,0.95,0.9933333333333334,0.9508196721311475,0.9354838709677419,0.9666666666666667,0.9333333333333333,28,2,1,29
strong,7,XGBoost,Cascade,0.2,0.8,0.08333333333333333,5,0.95,0.9844444444444445,0.9508196721311475,0.9354838709677419,0.9666666666666667,0.9333333333333333,28,2,1,29
strong,7,XGBoost,Cascade,0.3,0.7,0.05,3,0.95,0.9833333333333334,0.9508196721311475,0.9354838709677419,0.9666666666666667,0.9333333333333333,28,2,1,29
strong,7,XGBoost,Cascade,0.4,0.6,0.0,0,0.9666666666666667,0.9844444444444445,0.9666666666666667,0.9666666666666667,0.9666666666666667,0.9666666666666667,29,1,1,29
strong,8,Logistic Regression,Stage 1 only,,,0.0,0,0.8333333333333334,0.9133333333333333,0.8275862068965517,0.8571428571428571,0.8,0.8666666666666667,26,4,6,24
strong,8,Logistic Regression,Stage 1 + Stage 2,,,1.0,60,0.8666666666666667,0.9299999999999999,0.8666666666666667,0.8666666666666667,0.8666666666666667,0.8666666666666667,26,4,4,26
strong,8,Logistic Regression,Cascade,0.2,0.8,0.11666666666666667,7,0.8333333333333334,0.9077777777777778,0.8275862068965517,0.8571428571428571,0.8,0.8666666666666667,26,4,6,24
strong,8,Logistic Regression,Cascade,0.3,0.7,0.1,6,0.8333333333333334,0.9066666666666667,0.8275862068965517,0.8571428571428571,0.8,0.8666666666666667,26,4,6,24
strong,8,Logistic Regression,Cascade,0.4,0.6,0.05,3,0.8333333333333334,0.9166666666666667,0.8275862068965517,0.8571428571428571,0.8,0.8666666666666667,26,4,6,24
strong,8,Random Forest,Stage 1 only,,,0.0,0,0.9166666666666666,0.9900000000000001,0.9180327868852459,0.9032258064516129,0.9333333333333333,0.9,27,3,2,28
strong,8,Random Forest,Stage 1 + Stage 2,,,1.0,60,0.95,0.9938888888888889,0.9508196721311475,0.9354838709677419,0.9666666666666667,0.9333333333333333,28,2,1,29
strong,8,Random Forest,Cascade,0.2,0.8,0.2833333333333333,17,0.95,0.995,0.9508196721311475,0.9354838709677419,0.9666666666666667,0.9333333333333333,28,2,1,29
strong,8,Random Forest,Cascade,0.3,0.7,0.13333333333333333,8,0.95,0.9972222222222222,0.9508196721311475,0.9354838709677419,0.9666666666666667,0.9333333333333333,28,2,1,29
strong,8,Random Forest,Cascade,0.4,0.6,0.11666666666666667,7,0.95,0.9972222222222222,0.9508196721311475,0.9354838709677419,0.9666666666666667,0.9333333333333333,28,2,1,29
strong,8,XGBoost,Stage 1 only,,,0.0,0,0.8833333333333333,0.9711111111111111,0.8813559322033898,0.896551724137931,0.8666666666666667,0.9,27,3,4,26
strong,8,XGBoost,Stage 1 + Stage 2,,,1.0,60,0.9166666666666666,0.971111111111111,0.9152542372881356,0.9310344827586207,0.9,0.9333333333333333,28,2,3,27
strong,8,XGBoost,Cascade,0.2,0.8,0.13333333333333333,8,0.9166666666666666,0.98,0.9152542372881356,0.9310344827586207,0.9,0.9333333333333333,28,2,3,27
strong,8,XGBoost,Cascade,0.3,0.7,0.08333333333333333,5,0.9,0.9733333333333334,0.9,0.9,0.9,0.9,27,3,3,27
strong,8,XGBoost,Cascade,0.4,0.6,0.016666666666666666,1,0.9,0.9711111111111111,0.9,0.9,0.9,0.9,27,3,3,27
strong,9,Logistic Regression,Stage 1 only,,,0.0,0,0.8333333333333334,0.9222222222222223,0.8387096774193549,0.8125,0.8666666666666667,0.8,24,6,4,26
strong,9,Logistic Regression,Stage 1 + Stage 2,,,1.0,60,0.8666666666666667,0.9255555555555556,0.8666666666666667,0.8666666666666667,0.8666666666666667,0.8666666666666667,26,4,4,26
strong,9,Logistic Regression,Cascade,0.2,0.8,0.21666666666666667,13,0.85,0.9244444444444445,0.847457627118644,0.8620689655172413,0.8333333333333334,0.8666666666666667,26,4,5,25
strong,9,Logistic Regression,Cascade,0.3,0.7,0.13333333333333333,8,0.8666666666666667,0.9222222222222223,0.8666666666666667,0.8666666666666667,0.8666666666666667,0.8666666666666667,26,4,4,26
strong,9,Logistic Regression,Cascade,0.4,0.6,0.08333333333333333,5,0.8666666666666667,0.93,0.8666666666666667,0.8666666666666667,0.8666666666666667,0.8666666666666667,26,4,4,26
strong,9,Random Forest,Stage 1 only,,,0.0,0,0.9833333333333333,0.9977777777777778,0.9836065573770492,0.967741935483871,1.0,0.9666666666666667,29,1,0,30
strong,9,Random Forest,Stage 1 + Stage 2,,,1.0,60,0.95,0.9927777777777779,0.9491525423728814,0.9655172413793104,0.9333333333333333,0.9666666666666667,29,1,2,28
strong,9,Random Forest,Cascade,0.2,0.8,0.3333333333333333,20,0.95,0.9927777777777779,0.9491525423728814,0.9655172413793104,0.9333333333333333,0.9666666666666667,29,1,2,28
strong,9,Random Forest,Cascade,0.3,0.7,0.21666666666666667,13,0.95,0.9927777777777778,0.9491525423728814,0.9655172413793104,0.9333333333333333,0.9666666666666667,29,1,2,28
strong,9,Random Forest,Cascade,0.4,0.6,0.1,6,0.95,0.9933333333333333,0.9491525423728814,0.9655172413793104,0.9333333333333333,0.9666666666666667,29,1,2,28
strong,9,XGBoost,Stage 1 only,,,0.0,0,0.9333333333333333,0.9922222222222222,0.9333333333333333,0.9333333333333333,0.9333333333333333,0.9333333333333333,28,2,2,28
strong,9,XGBoost,Stage 1 + Stage 2,,,1.0,60,0.8833333333333333,0.9866666666666667,0.8852459016393442,0.8709677419354839,0.9,0.8666666666666667,26,4,3,27
strong,9,XGBoost,Cascade,0.2,0.8,0.15,9,0.8833333333333333,0.9866666666666667,0.8852459016393442,0.8709677419354839,0.9,0.8666666666666667,26,4,3,27
strong,9,XGBoost,Cascade,0.3,0.7,0.13333333333333333,8,0.8833333333333333,0.9866666666666667,0.8852459016393442,0.8709677419354839,0.9,0.8666666666666667,26,4,3,27
strong,9,XGBoost,Cascade,0.4,0.6,0.1,6,0.8833333333333333,0.9866666666666667,0.8852459016393442,0.8709677419354839,0.9,0.8666666666666667,26,4,3,27
strong,10,Logistic Regression,Stage 1 only,,,0.0,0,0.8666666666666667,0.9333333333333333,0.8709677419354839,0.84375,0.9,0.8333333333333334,25,5,3,27
strong,10,Logistic Regression,Stage 1 + Stage 2,,,1.0,60,0.8833333333333333,0.9433333333333334,0.8888888888888888,0.8484848484848485,0.9333333333333333,0.8333333333333334,25,5,2,28
strong,10,Logistic Regression,Cascade,0.2,0.8,0.25,15,0.8666666666666667,0.9333333333333333,0.8709677419354839,0.84375,0.9,0.8333333333333334,25,5,3,27
strong,10,Logistic Regression,Cascade,0.3,0.7,0.1,6,0.8666666666666667,0.9199999999999999,0.8709677419354839,0.84375,0.9,0.8333333333333334,25,5,3,27
strong,10,Logistic Regression,Cascade,0.4,0.6,0.05,3,0.8666666666666667,0.908888888888889,0.8709677419354839,0.84375,0.9,0.8333333333333334,25,5,3,27
strong,10,Random Forest,Stage 1 only,,,0.0,0,0.9333333333333333,0.9961111111111112,0.9375,0.8823529411764706,1.0,0.8666666666666667,26,4,0,30
strong,10,Random Forest,Stage 1 + Stage 2,,,1.0,60,0.95,1.0,0.9523809523809523,0.9090909090909091,1.0,0.9,27,3,0,30
strong,10,Random Forest,Cascade,0.2,0.8,0.2833333333333333,17,0.95,1.0,0.9523809523809523,0.9090909090909091,1.0,0.9,27,3,0,30
strong,10,Random Forest,Cascade,0.3,0.7,0.16666666666666666,10,0.95,1.0,0.9523809523809523,0.9090909090909091,1.0,0.9,27,3,0,30
strong,10,Random Forest,Cascade,0.4,0.6,0.1,6,0.95,0.9977777777777777,0.9523809523809523,0.9090909090909091,1.0,0.9,27,3,0,30
strong,10,XGBoost,Stage 1 only,,,0.0,0,0.9,0.9888888888888889,0.90625,0.8529411764705882,0.9666666666666667,0.8333333333333334,25,5,1,29
strong,10,XGBoost,Stage 1 + Stage 2,,,1.0,60,0.9333333333333333,0.99,0.9375,0.8823529411764706,1.0,0.8666666666666667,26,4,0,30
strong,10,XGBoost,Cascade,0.2,0.8,0.15,9,0.9333333333333333,0.9977777777777778,0.9375,0.8823529411764706,1.0,0.8666666666666667,26,4,0,30
strong,10,XGBoost,Cascade,0.3,0.7,0.08333333333333333,5,0.9333333333333333,0.9966666666666667,0.9375,0.8823529411764706,1.0,0.8666666666666667,26,4,0,30
strong,10,XGBoost,Cascade,0.4,0.6,0.016666666666666666,1,0.9166666666666666,0.9888888888888889,0.9206349206349206,0.8787878787878788,0.9666666666666667,0.8666666666666667,26,4,1,29
strong,11,Logistic Regression,Stage 1 only,,,0.0,0,0.8333333333333334,0.9311111111111111,0.8275862068965517,0.8571428571428571,0.8,0.8666666666666667,26,4,6,24
strong,11,Logistic Regression,Stage 1 + Stage 2,,,1.0,60,0.8666666666666667,0.9466666666666667,0.8620689655172413,0.8928571428571429,0.8333333333333334,0.9,27,3,5,25
strong,11,Logistic Regression,Cascade,0.2,0.8,0.16666666666666666,10,0.8666666666666667,0.9355555555555556,0.8620689655172413,0.8928571428571429,0.8333333333333334,0.9,27,3,5,25
strong,11,Logistic Regression,Cascade,0.3,0.7,0.13333333333333333,8,0.85,0.9333333333333333,0.8421052631578947,0.8888888888888888,0.8,0.9,27,3,6,24
strong,11,Logistic Regression,Cascade,0.4,0.6,0.05,3,0.85,0.9377777777777777,0.8421052631578947,0.8888888888888888,0.8,0.9,27,3,6,24
strong,11,Random Forest,Stage 1 only,,,0.0,0,0.95,0.9966666666666667,0.9508196721311475,0.9354838709677419,0.9666666666666667,0.9333333333333333,28,2,1,29
strong,11,Random Forest,Stage 1 + Stage 2,,,1.0,60,0.9666666666666667,0.9966666666666666,0.9666666666666667,0.9666666666666667,0.9666666666666667,0.9666666666666667,29,1,1,29
strong,11,Random Forest,Cascade,0.2,0.8,0.43333333333333335,26,0.9666666666666667,0.9966666666666667,0.9666666666666667,0.9666666666666667,0.9666666666666667,0.9666666666666667,29,1,1,29
strong,11,Random Forest,Cascade,0.3,0.7,0.15,9,0.9666666666666667,0.9966666666666667,0.9666666666666667,0.9666666666666667,0.9666666666666667,0.9666666666666667,29,1,1,29
strong,11,Random Forest,Cascade,0.4,0.6,0.1,6,0.9666666666666667,0.9977777777777778,0.9666666666666667,0.9666666666666667,0.9666666666666667,0.9666666666666667,29,1,1,29
strong,11,XGBoost,Stage 1 only,,,0.0,0,0.9333333333333333,0.9877777777777779,0.9354838709677419,0.90625,0.9666666666666667,0.9,27,3,1,29
strong,11,XGBoost,Stage 1 + Stage 2,,,1.0,60,0.9,0.9788888888888889,0.9,0.9,0.9,0.9,27,3,3,27
strong,11,XGBoost,Cascade,0.2,0.8,0.18333333333333332,11,0.9,0.9811111111111112,0.9,0.9,0.9,0.9,27,3,3,27
strong,11,XGBoost,Cascade,0.3,0.7,0.13333333333333333,8,0.9166666666666666,0.98,0.9180327868852459,0.9032258064516129,0.9333333333333333,0.9,27,3,2,28
strong,11,XGBoost,Cascade,0.4,0.6,0.06666666666666667,4,0.9166666666666666,0.9777777777777779,0.9180327868852459,0.9032258064516129,0.9333333333333333,0.9,27,3,2,28
strong,12,Logistic Regression,Stage 1 only,,,0.0,0,0.8666666666666667,0.9566666666666667,0.8787878787878788,0.8055555555555556,0.9666666666666667,0.7666666666666667,23,7,1,29
strong,12,Logistic Regression,Stage 1 + Stage 2,,,1.0,60,0.8833333333333333,0.9611111111111111,0.8923076923076924,0.8285714285714286,0.9666666666666667,0.8,24,6,1,29
strong,12,Logistic Regression,Cascade,0.2,0.8,0.21666666666666667,13,0.8666666666666667,0.9711111111111111,0.8787878787878788,0.8055555555555556,0.9666666666666667,0.7666666666666667,23,7,1,29
strong,12,Logistic Regression,Cascade,0.3,0.7,0.15,9,0.8666666666666667,0.97,0.8787878787878788,0.8055555555555556,0.9666666666666667,0.7666666666666667,23,7,1,29
strong,12,Logistic Regression,Cascade,0.4,0.6,0.08333333333333333,5,0.85,0.9677777777777778,0.8656716417910447,0.7837837837837838,0.9666666666666667,0.7333333333333333,22,8,1,29
strong,12,Random Forest,Stage 1 only,,,0.0,0,0.9833333333333333,1.0,0.9836065573770492,0.967741935483871,1.0,0.9666666666666667,29,1,0,30
strong,12,Random Forest,Stage 1 + Stage 2,,,1.0,60,0.9666666666666667,1.0,0.967741935483871,0.9375,1.0,0.9333333333333333,28,2,0,30
strong,12,Random Forest,Cascade,0.2,0.8,0.3,18,0.9666666666666667,1.0,0.967741935483871,0.9375,1.0,0.9333333333333333,28,2,0,30
strong,12,Random Forest,Cascade,0.3,0.7,0.13333333333333333,8,0.9666666666666667,1.0,0.967741935483871,0.9375,1.0,0.9333333333333333,28,2,0,30
strong,12,Random Forest,Cascade,0.4,0.6,0.05,3,0.9833333333333333,1.0,0.9836065573770492,0.967741935483871,1.0,0.9666666666666667,29,1,0,30
strong,12,XGBoost,Stage 1 only,,,0.0,0,0.95,0.9988888888888889,0.9523809523809523,0.9090909090909091,1.0,0.9,27,3,0,30
strong,12,XGBoost,Stage 1 + Stage 2,,,1.0,60,0.9666666666666667,0.9955555555555555,0.967741935483871,0.9375,1.0,0.9333333333333333,28,2,0,30
strong,12,XGBoost,Cascade,0.2,0.8,0.1,6,0.9666666666666667,1.0,0.967741935483871,0.9375,1.0,0.9333333333333333,28,2,0,30
strong,12,XGBoost,Cascade,0.3,0.7,0.06666666666666667,4,0.9666666666666667,0.9977777777777778,0.967741935483871,0.9375,1.0,0.9333333333333333,28,2,0,30
strong,12,XGBoost,Cascade,0.4,0.6,0.016666666666666666,1,0.9666666666666667,0.9988888888888889,0.967741935483871,0.9375,1.0,0.9333333333333333,28,2,0,30
strong,13,Logistic Regression,Stage 1 only,,,0.0,0,0.8333333333333334,0.9211111111111111,0.8214285714285714,0.8846153846153846,0.7666666666666667,0.9,27,3,7,23
strong,13,Logistic Regression,Stage 1 + Stage 2,,,1.0,60,0.9,0.9544444444444444,0.9032258064516129,0.875,0.9333333333333333,0.8666666666666667,26,4,2,28
strong,13,Logistic Regression,Cascade,0.2,0.8,0.18333333333333332,11,0.8666666666666667,0.9344444444444444,0.8620689655172413,0.8928571428571429,0.8333333333333334,0.9,27,3,5,25
strong,13,Logistic Regression,Cascade,0.3,0.7,0.11666666666666667,7,0.85,0.9266666666666667,0.8421052631578947,0.8888888888888888,0.8,0.9,27,3,6,24
strong,13,Logistic Regression,Cascade,0.4,0.6,0.08333333333333333,5,0.8333333333333334,0.9266666666666667,0.8275862068965517,0.8571428571428571,0.8,0.8666666666666667,26,4,6,24
strong,13,Random Forest,Stage 1 only,,,0.0,0,0.9666666666666667,0.9972222222222222,0.967741935483871,0.9375,1.0,0.9333333333333333,28,2,0,30
strong,13,Random Forest,Stage 1 + Stage 2,,,1.0,60,0.9833333333333333,0.9999999999999999,0.9836065573770492,0.967741935483871,1.0,0.9666666666666667,29,1,0,30
strong,13,Random Forest,Cascade,0.2,0.8,0.3333333333333333,20,0.9833333333333333,0.9999999999999999,0.9836065573770492,0.967741935483871,1.0,0.9666666666666667,29,1,0,30
strong,13,Random Forest,Cascade,0.3,0.7,0.13333333333333333,8,0.9833333333333333,0.9999999999999999,0.9836065573770492,0.967741935483871,1.0,0.9666666666666667,29,1,0,30
strong,13,Random Forest,Cascade,0.4,0.6,0.08333333333333333,5,0.9833333333333333,1.0,0.9836065573770492,0.967741935483871,1.0,0.9666666666666667,29,1,0,30
strong,13,XGBoost,Stage 1 only,,,0.0,0,0.9333333333333333,0.991111111111111,0.9354838709677419,0.90625,0.9666666666666667,0.9,27,3,1,29
strong,13,XGBoost,Stage 1 + Stage 2,,,1.0,60,0.9166666666666666,0.9911111111111112,0.9206349206349206,0.8787878787878788,0.9666666666666667,0.8666666666666667,26,4,1,29
strong,13,XGBoost,Cascade,0.2,0.8,0.13333333333333333,8,0.9166666666666666,0.9922222222222221,0.9206349206349206,0.8787878787878788,0.9666666666666667,0.8666666666666667,26,4,1,29
strong,13,XGBoost,Cascade,0.3,0.7,0.08333333333333333,5,0.9166666666666666,0.991111111111111,0.9206349206349206,0.8787878787878788,0.9666666666666667,0.8666666666666667,26,4,1,29
strong,13,XGBoost,Cascade,0.4,0.6,0.03333333333333333,2,0.9166666666666666,0.991111111111111,0.9206349206349206,0.8787878787878788,0.9666666666666667,0.8666666666666667,26,4,1,29
strong,14,Logistic Regression,Stage 1 only,,,0.0,0,0.9,0.9666666666666667,0.9,0.9,0.9,0.9,27,3,3,27
strong,14,Logistic Regression,Stage 1 + Stage 2,,,1.0,60,0.9166666666666666,0.9833333333333334,0.9180327868852459,0.9032258064516129,0.9333333333333333,0.9,27,3,2,28
strong,14,Logistic Regression,Cascade,0.2,0.8,0.18333333333333332,11,0.9166666666666666,0.9777777777777779,0.9180327868852459,0.9032258064516129,0.9333333333333333,0.9,27,3,2,28
strong,14,Logistic Regression,Cascade,0.3,0.7,0.11666666666666667,7,0.9166666666666666,0.97,0.9180327868852459,0.9032258064516129,0.9333333333333333,0.9,27,3,2,28
strong,14,Logistic Regression,Cascade,0.4,0.6,0.06666666666666667,4,0.9166666666666666,0.9733333333333334,0.9180327868852459,0.9032258064516129,0.9333333333333333,0.9,27,3,2,28
strong,14,Random Forest,Stage 1 only,,,0.0,0,0.9833333333333333,1.0,0.9836065573770492,0.967741935483871,1.0,0.9666666666666667,29,1,0,30
strong,14,Random Forest,Stage 1 + Stage 2,,,1.0,60,0.9333333333333333,1.0,0.9375,0.8823529411764706,1.0,0.8666666666666667,26,4,0,30
strong,14,Random Forest,Cascade,0.2,0.8,0.2833333333333333,17,0.9333333333333333,1.0,0.9375,0.8823529411764706,1.0,0.8666666666666667,26,4,0,30
strong,14,Random Forest,Cascade,0.3,0.7,0.2,12,0.9333333333333333,1.0,0.9375,0.8823529411764706,1.0,0.8666666666666667,26,4,0,30
strong,14,Random Forest,Cascade,0.4,0.6,0.1,6,0.9333333333333333,1.0,0.9375,0.8823529411764706,1.0,0.8666666666666667,26,4,0,30
strong,14,XGBoost,Stage 1 only,,,0.0,0,0.9166666666666666,0.9877777777777779,0.9230769230769231,0.8571428571428571,1.0,0.8333333333333334,25,5,0,30
strong,14,XGBoost,Stage 1 + Stage 2,,,1.0,60,0.9333333333333333,0.9877777777777779,0.9375,0.8823529411764706,1.0,0.8666666666666667,26,4,0,30
strong,14,XGBoost,Cascade,0.2,0.8,0.06666666666666667,4,0.9333333333333333,0.99,0.9375,0.8823529411764706,1.0,0.8666666666666667,26,4,0,30
strong,14,XGBoost,Cascade,0.3,0.7,0.05,3,0.9333333333333333,0.99,0.9375,0.8823529411764706,1.0,0.8666666666666667,26,4,0,30
strong,14,XGBoost,Cascade,0.4,0.6,0.016666666666666666,1,0.9166666666666666,0.9877777777777779,0.9230769230769231,0.8571428571428571,1.0,0.8333333333333334,25,5,0,30
strong,15,Logistic Regression,Stage 1 only,,,0.0,0,0.85,0.9288888888888889,0.8571428571428571,0.8181818181818182,0.9,0.8,24,6,3,27
strong,15,Logistic Regression,Stage 1 + Stage 2,,,1.0,60,0.8666666666666667,0.9277777777777778,0.8709677419354839,0.84375,0.9,0.8333333333333334,25,5,3,27
strong,15,Logistic Regression,Cascade,0.2,0.8,0.08333333333333333,5,0.85,0.9377777777777778,0.8571428571428571,0.8181818181818182,0.9,0.8,24,6,3,27
strong,15,Logistic Regression,Cascade,0.3,0.7,0.06666666666666667,4,0.85,0.9344444444444444,0.8571428571428571,0.8181818181818182,0.9,0.8,24,6,3,27
strong,15,Logistic Regression,Cascade,0.4,0.6,0.016666666666666666,1,0.85,0.9299999999999999,0.8571428571428571,0.8181818181818182,0.9,0.8,24,6,3,27
strong,15,Random Forest,Stage 1 only,,,0.0,0,0.95,1.0,0.9523809523809523,0.9090909090909091,1.0,0.9,27,3,0,30
strong,15,Random Forest,Stage 1 + Stage 2,,,1.0,60,0.95,1.0,0.9523809523809523,0.9090909090909091,1.0,0.9,27,3,0,30
strong,15,Random Forest,Cascade,0.2,0.8,0.26666666666666666,16,0.95,1.0,0.9523809523809523,0.9090909090909091,1.0,0.9,27,3,0,30
strong,15,Random Forest,Cascade,0.3,0.7,0.08333333333333333,5,0.9666666666666667,1.0,0.967741935483871,0.9375,1.0,0.9333333333333333,28,2,0,30
strong,15,Random Forest,Cascade,0.4,0.6,0.05,3,0.9666666666666667,1.0,0.967741935483871,0.9375,1.0,0.9333333333333333,28,2,0,30
strong,15,XGBoost,Stage 1 only,,,0.0,0,0.9666666666666667,1.0,0.967741935483871,0.9375,1.0,0.9333333333333333,28,2,0,30
strong,15,XGBoost,Stage 1 + Stage 2,,,1.0,60,0.95,0.9966666666666667,0.9523809523809523,0.9090909090909091,1.0,0.9,27,3,0,30
strong,15,XGBoost,Cascade,0.2,0.8,0.08333333333333333,5,0.95,0.9988888888888889,0.9523809523809523,0.9090909090909091,1.0,0.9,27,3,0,30
strong,15,XGBoost,Cascade,0.3,0.7,0.05,3,0.9666666666666667,1.0,0.967741935483871,0.9375,1.0,0.9333333333333333,28,2,0,30
strong,15,XGBoost,Cascade,0.4,0.6,0.03333333333333333,2,0.95,1.0,0.9523809523809523,0.9090909090909091,1.0,0.9,27,3,0,30
strong,16,Logistic Regression,Stage 1 only,,,0.0,0,0.9,0.9555555555555555,0.896551724137931,0.9285714285714286,0.8666666666666667,0.9333333333333333,28,2,4,26
strong,16,Logistic Regression,Stage 1 + Stage 2,,,1.0,60,0.9,0.9533333333333334,0.9,0.9,0.9,0.9,27,3,3,27
strong,16,Logistic Regression,Cascade,0.2,0.8,0.16666666666666666,10,0.9,0.9633333333333334,0.9,0.9,0.9,0.9,27,3,3,27
strong,16,Logistic Regression,Cascade,0.3,0.7,0.06666666666666667,4,0.9166666666666666,0.9622222222222222,0.9180327868852459,0.9032258064516129,0.9333333333333333,0.9,27,3,2,28
strong,16,Logistic Regression,Cascade,0.4,0.6,0.05,3,0.9,0.9588888888888889,0.9,0.9,0.9,0.9,27,3,3,27
strong,16,Random Forest,Stage 1 only,,,0.0,0,0.9833333333333333,1.0,0.9830508474576272,1.0,0.9666666666666667,1.0,30,0,1,29
strong,16,Random Forest,Stage 1 + Stage 2,,,1.0,60,0.9833333333333333,0.9988888888888888,0.9830508474576272,1.0,0.9666666666666667,1.0,30,0,1,29
strong,16,Random Forest,Cascade,0.2,0.8,0.26666666666666666,16,0.9833333333333333,0.9988888888888888,0.9830508474576272,1.0,0.9666666666666667,1.0,30,0,1,29
strong,16,Random Forest,Cascade,0.3,0.7,0.13333333333333333,8,0.9833333333333333,0.9988888888888888,0.9830508474576272,1.0,0.9666666666666667,1.0,30,0,1,29
strong,16,Random Forest,Cascade,0.4,0.6,0.05,3,0.9833333333333333,1.0,0.9830508474576272,1.0,0.9666666666666667,1.0,30,0,1,29
strong,16,XGBoost,Stage 1 only,,,0.0,0,0.9166666666666666,0.9911111111111112,0.9152542372881356,0.9310344827586207,0.9,0.9333333333333333,28,2,3,27
strong,16,XGBoost,Stage 1 + Stage 2,,,1.0,60,0.9666666666666667,0.9977777777777778,0.9666666666666667,0.9666666666666667,0.9666666666666667,0.9666666666666667,29,1,1,29
strong,16,XGBoost,Cascade,0.2,0.8,0.1,6,0.9666666666666667,0.9977777777777778,0.9666666666666667,0.9666666666666667,0.9666666666666667,0.9666666666666667,29,1,1,29
strong,16,XGBoost,Cascade,0.3,0.7,0.06666666666666667,4,0.95,0.9933333333333334,0.9508196721311475,0.9354838709677419,0.9666666666666667,0.9333333333333333,28,2,1,29
strong,16,XGBoost,Cascade,0.4,0.6,0.03333333333333333,2,0.9333333333333333,0.9911111111111112,0.9333333333333333,0.9333333333333333,0.9333333333333333,0.9333333333333333,28,2,2,28
strong,17,Logistic Regression,Stage 1 only,,,0.0,0,0.85,0.9622222222222223,0.847457627118644,0.8620689655172413,0.8333333333333334,0.8666666666666667,26,4,5,25
strong,17,Logistic Regression,Stage 1 + Stage 2,,,1.0,60,0.9,0.9766666666666666,0.9,0.9,0.9,0.9,27,3,3,27
strong,17,Logistic Regression,Cascade,0.2,0.8,0.21666666666666667,13,0.9,0.9744444444444444,0.9,0.9,0.9,0.9,27,3,3,27
strong,17,Logistic Regression,Cascade,0.3,0.7,0.08333333333333333,5,0.8833333333333333,0.9677777777777777,0.8813559322033898,0.896551724137931,0.8666666666666667,0.9,27,3,4,26
strong,17,Logistic Regression,Cascade,0.4,0.6,0.03333333333333333,2,0.8833333333333333,0.9700000000000001,0.8813559322033898,0.896551724137931,0.8666666666666667,0.9,27,3,4,26
strong,17,Random Forest,Stage 1 only,,,0.0,0,1.0,1.0,1.0,1.0,1.0,1.0,30,0,0,30
strong,17,Random Forest,Stage 1 + Stage 2,,,1.0,60,0.9833333333333333,0.9988888888888889,0.9830508474576272,1.0,0.9666666666666667,1.0,30,0,1,29
strong,17,Random Forest,Cascade,0.2,0.8,0.3,18,0.9833333333333333,0.9988888888888889,0.9830508474576272,1.0,0.9666666666666667,1.0,30,0,1,29
strong,17,Random Forest,Cascade,0.3,0.7,0.08333333333333333,5,0.9833333333333333,0.9988888888888889,0.9830508474576272,1.0,0.9666666666666667,1.0,30,0,1,29
strong,17,Random Forest,Cascade,0.4,0.6,0.05,3,0.9833333333333333,0.9988888888888889,0.9830508474576272,1.0,0.9666666666666667,1.0,30,0,1,29
strong,17,XGBoost,Stage 1 only,,,0.0,0,1.0,1.0,1.0,1.0,1.0,1.0,30,0,0,30
strong,17,XGBoost,Stage 1 + Stage 2,,,1.0,60,0.95,0.9977777777777778,0.9508196721311475,0.9354838709677419,0.9666666666666667,0.9333333333333333,28,2,1,29
strong,17,XGBoost,Cascade,0.2,0.8,0.1,6,0.95,0.9977777777777778,0.9508196721311475,0.9354838709677419,0.9666666666666667,0.9333333333333333,28,2,1,29
strong,17,XGBoost,Cascade,0.3,0.7,0.08333333333333333,5,0.95,0.9977777777777778,0.9508196721311475,0.9354838709677419,0.9666666666666667,0.9333333333333333,28,2,1,29
strong,17,XGBoost,Cascade,0.4,0.6,0.03333333333333333,2,0.9666666666666667,0.9988888888888889,0.9666666666666667,0.9666666666666667,0.9666666666666667,0.9666666666666667,29,1,1,29
strong,18,Logistic Regression,Stage 1 only,,,0.0,0,0.8666666666666667,0.9488888888888889,0.8709677419354839,0.84375,0.9,0.8333333333333334,25,5,3,27
strong,18,Logistic Regression,Stage 1 + Stage 2,,,1.0,60,0.8666666666666667,0.9288888888888889,0.8620689655172413,0.8928571428571429,0.8333333333333334,0.9,27,3,5,25
strong,18,Logistic Regression,Cascade,0.2,0.8,0.18333333333333332,11,0.8833333333333333,0.9411111111111112,0.8813559322033898,0.896551724137931,0.8666666666666667,0.9,27,3,4,26
strong,18,Logistic Regression,Cascade,0.3,0.7,0.05,3,0.9,0.9533333333333334,0.9,0.9,0.9,0.9,27,3,3,27
strong,18,Logistic Regression,Cascade,0.4,0.6,0.016666666666666666,1,0.8833333333333333,0.9488888888888889,0.8852459016393442,0.8709677419354839,0.9,0.8666666666666667,26,4,3,27
strong,18,Random Forest,Stage 1 only,,,0.0,0,0.9666666666666667,1.0,0.9655172413793104,1.0,0.9333333333333333,1.0,30,0,2,28
strong,18,Random Forest,Stage 1 + Stage 2,,,1.0,60,0.9666666666666667,0.9966666666666667,0.9666666666666667,0.9666666666666667,0.9666666666666667,0.9666666666666667,29,1,1,29
strong,18,Random Forest,Cascade,0.2,0.8,0.31666666666666665,19,0.9666666666666667,0.9966666666666667,0.9666666666666667,0.9666666666666667,0.9666666666666667,0.9666666666666667,29,1,1,29
strong,18,Random Forest,Cascade,0.3,0.7,0.11666666666666667,7,0.9666666666666667,0.9977777777777779,0.9666666666666667,0.9666666666666667,0.9666666666666667,0.9666666666666667,29,1,1,29
strong,18,Random Forest,Cascade,0.4,0.6,0.05,3,0.9666666666666667,0.9983333333333333,0.9666666666666667,0.9666666666666667,0.9666666666666667,0.9666666666666667,29,1,1,29
strong,18,XGBoost,Stage 1 only,,,0.0,0,0.95,0.9966666666666667,0.9491525423728814,0.9655172413793104,0.9333333333333333,0.9666666666666667,29,1,2,28
strong,18,XGBoost,Stage 1 + Stage 2,,,1.0,60,0.9666666666666667,0.9911111111111112,0.9666666666666667,0.9666666666666667,0.9666666666666667,0.9666666666666667,29,1,1,29
strong,18,XGBoost,Cascade,0.2,0.8,0.05,3,0.95,0.9944444444444445,0.9491525423728814,0.9655172413793104,0.9333333333333333,0.9666666666666667,29,1,2,28
strong,18,XGBoost,Cascade,0.3,0.7,0.03333333333333333,2,0.95,0.9922222222222222,0.9491525423728814,0.9655172413793104,0.9333333333333333,0.9666666666666667,29,1,2,28
strong,18,XGBoost,Cascade,0.4,0.6,0.0,0,0.95,0.9966666666666667,0.9491525423728814,0.9655172413793104,0.9333333333333333,0.9666666666666667,29,1,2,28
strong,19,Logistic Regression,Stage 1 only,,,0.0,0,0.8333333333333334,0.95,0.84375,0.7941176470588235,0.9,0.7666666666666667,23,7,3,27
strong,19,Logistic Regression,Stage 1 + Stage 2,,,1.0,60,0.8,0.9433333333333334,0.8235294117647058,0.7368421052631579,0.9333333333333333,0.6666666666666666,20,10,2,28
strong,19,Logistic Regression,Cascade,0.2,0.8,0.2,12,0.85,0.9544444444444444,0.8615384615384616,0.8,0.9333333333333333,0.7666666666666667,23,7,2,28
strong,19,Logistic Regression,Cascade,0.3,0.7,0.1,6,0.8666666666666667,0.9466666666666668,0.875,0.8235294117647058,0.9333333333333333,0.8,24,6,2,28
strong,19,Logistic Regression,Cascade,0.4,0.6,0.03333333333333333,2,0.8333333333333334,0.9566666666666667,0.84375,0.7941176470588235,0.9,0.7666666666666667,23,7,3,27
strong,19,Random Forest,Stage 1 only,,,0.0,0,0.9666666666666667,0.9972222222222222,0.967741935483871,0.9375,1.0,0.9333333333333333,28,2,0,30
strong,19,Random Forest,Stage 1 + Stage 2,,,1.0,60,0.95,1.0,0.9523809523809523,0.9090909090909091,1.0,0.9,27,3,0,30
strong,19,Random Forest,Cascade,0.2,0.8,0.31666666666666665,19,0.95,1.0,0.9523809523809523,0.9090909090909091,1.0,0.9,27,3,0,30
strong,19,Random Forest,Cascade,0.3,0.7,0.21666666666666667,13,0.95,1.0,0.9523809523809523,0.9090909090909091,1.0,0.9,27,3,0,30
strong,19,Random Forest,Cascade,0.4,0.6,0.11666666666666667,7,0.95,1.0,0.9523809523809523,0.9090909090909091,1.0,0.9,27,3,0,30
strong,19,XGBoost,Stage 1 only,,,0.0,0,0.95,0.9922222222222222,0.9508196721311475,0.9354838709677419,0.9666666666666667,0.9333333333333333,28,2,1,29
strong,19,XGBoost,Stage 1 + Stage 2,,,1.0,60,0.9333333333333333,0.9888888888888889,0.9354838709677419,0.90625,0.9666666666666667,0.9,27,3,1,29
strong,19,XGBoost,Cascade,0.2,0.8,0.15,9,0.9333333333333333,0.9922222222222222,0.9354838709677419,0.90625,0.9666666666666667,0.9,27,3,1,29
strong,19,XGBoost,Cascade,0.3,0.7,0.11666666666666667,7,0.9333333333333333,0.9911111111111112,0.9354838709677419,0.90625,0.9666666666666667,0.9,27,3,1,29
strong,19,XGBoost,Cascade,0.4,0.6,0.06666666666666667,4,0.9333333333333333,0.9933333333333334,0.9354838709677419,0.90625,0.9666666666666667,0.9,27,3,1,29
strong,20,Logistic Regression,Stage 1 only,,,0.0,0,0.9,0.96,0.9032258064516129,0.875,0.9333333333333333,0.8666666666666667,26,4,2,28
strong,20,Logistic Regression,Stage 1 + Stage 2,,,1.0,60,0.9,0.9622222222222222,0.9,0.9,0.9,0.9,27,3,3,27
strong,20,Logistic Regression,Cascade,0.2,0.8,0.21666666666666667,13,0.9,0.9655555555555555,0.9,0.9,0.9,0.9,27,3,3,27
strong,20,Logistic Regression,Cascade,0.3,0.7,0.13333333333333333,8,0.9333333333333333,0.9666666666666667,0.9333333333333333,0.9333333333333333,0.9333333333333333,0.9333333333333333,28,2,2,28
strong,20,Logistic Regression,Cascade,0.4,0.6,0.016666666666666666,1,0.9,0.9611111111111111,0.9032258064516129,0.875,0.9333333333333333,0.8666666666666667,26,4,2,28
strong,20,Random Forest,Stage 1 only,,,0.0,0,0.9666666666666667,1.0,0.967741935483871,0.9375,1.0,0.9333333333333333,28,2,0,30
strong,20,Random Forest,Stage 1 + Stage 2,,,1.0,60,0.9833333333333333,1.0,0.9830508474576272,1.0,0.9666666666666667,1.0,30,0,1,29
strong,20,Random Forest,Cascade,0.2,0.8,0.4166666666666667,25,0.9833333333333333,0.9999999999999999,0.9830508474576272,1.0,0.9666666666666667,1.0,30,0,1,29
strong,20,Random Forest,Cascade,0.3,0.7,0.16666666666666666,10,0.9833333333333333,1.0,0.9830508474576272,1.0,0.9666666666666667,1.0,30,0,1,29
strong,20,Random Forest,Cascade,0.4,0.6,0.05,3,1.0,1.0,1.0,1.0,1.0,1.0,30,0,0,30
strong,20,XGBoost,Stage 1 only,,,0.0,0,0.9333333333333333,0.9977777777777778,0.9375,0.8823529411764706,1.0,0.8666666666666667,26,4,0,30
strong,20,XGBoost,Stage 1 + Stage 2,,,1.0,60,0.9666666666666667,1.0,0.967741935483871,0.9375,1.0,0.9333333333333333,28,2,0,30
strong,20,XGBoost,Cascade,0.2,0.8,0.06666666666666667,4,0.9666666666666667,0.9977777777777778,0.967741935483871,0.9375,1.0,0.9333333333333333,28,2,0,30
strong,20,XGBoost,Cascade,0.3,0.7,0.0,0,0.9333333333333333,0.9977777777777778,0.9375,0.8823529411764706,1.0,0.8666666666666667,26,4,0,30
strong,20,XGBoost,Cascade,0.4,0.6,0.0,0,0.9333333333333333,0.9977777777777778,0.9375,0.8823529411764706,1.0,0.8666666666666667,26,4,0,30
strong,21,Logistic Regression,Stage 1 only,,,0.0,0,0.8666666666666667,0.9688888888888889,0.8709677419354839,0.84375,0.9,0.8333333333333334,25,5,3,27
strong,21,Logistic Regression,Stage 1 + Stage 2,,,1.0,60,0.8666666666666667,0.9311111111111112,0.8709677419354839,0.84375,0.9,0.8333333333333334,25,5,3,27
strong,21,Logistic Regression,Cascade,0.2,0.8,0.16666666666666666,10,0.8666666666666667,0.9355555555555555,0.8709677419354839,0.84375,0.9,0.8333333333333334,25,5,3,27
strong,21,Logistic Regression,Cascade,0.3,0.7,0.13333333333333333,8,0.8833333333333333,0.94,0.8888888888888888,0.8484848484848485,0.9333333333333333,0.8333333333333334,25,5,2,28
strong,21,Logistic Regression,Cascade,0.4,0.6,0.06666666666666667,4,0.8833333333333333,0.9633333333333334,0.8888888888888888,0.8484848484848485,0.9333333333333333,0.8333333333333334,25,5,2,28
strong,21,Random Forest,Stage 1 only,,,0.0,0,0.9666666666666667,1.0,0.967741935483871,0.9375,1.0,0.9333333333333333,28,2,0,30
strong,21,Random Forest,Stage 1 + Stage 2,,,1.0,60,1.0,1.0,1.0,1.0,1.0,1.0,30,0,0,30
strong,21,Random Forest,Cascade,0.2,0.8,0.25,15,1.0,1.0,1.0,1.0,1.0,1.0,30,0,0,30
strong,21,Random Forest,Cascade,0.3,0.7,0.15,9,1.0,1.0,1.0,1.0,1.0,1.0,30,0,0,30
strong,21,Random Forest,Cascade,0.4,0.6,0.016666666666666666,1,0.9666666666666667,1.0,0.967741935483871,0.9375,1.0,0.9333333333333333,28,2,0,30
strong,21,XGBoost,Stage 1 only,,,0.0,0,0.95,0.9944444444444445,0.9508196721311475,0.9354838709677419,0.9666666666666667,0.9333333333333333,28,2,1,29
strong,21,XGBoost,Stage 1 + Stage 2,,,1.0,60,0.9666666666666667,0.9955555555555555,0.967741935483871,0.9375,1.0,0.9333333333333333,28,2,0,30
strong,21,XGBoost,Cascade,0.2,0.8,0.08333333333333333,5,0.9666666666666667,0.9955555555555555,0.967741935483871,0.9375,1.0,0.9333333333333333,28,2,0,30
strong,21,XGBoost,Cascade,0.3,0.7,0.03333333333333333,2,0.9666666666666667,0.9944444444444445,0.967741935483871,0.9375,1.0,0.9333333333333333,28,2,0,30
strong,21,XGBoost,Cascade,0.4,0.6,0.03333333333333333,2,0.9666666666666667,0.9944444444444445,0.967741935483871,0.9375,1.0,0.9333333333333333,28,2,0,30
strong,22,Logistic Regression,Stage 1 only,,,0.0,0,0.85,0.9411111111111111,0.847457627118644,0.8620689655172413,0.8333333333333334,0.8666666666666667,26,4,5,25
strong,22,Logistic Regression,Stage 1 + Stage 2,,,1.0,60,0.8833333333333333,0.9511111111111111,0.8813559322033898,0.896551724137931,0.8666666666666667,0.9,27,3,4,26
strong,22,Logistic Regression,Cascade,0.2,0.8,0.15,9,0.9,0.9577777777777778,0.896551724137931,0.9285714285714286,0.8666666666666667,0.9333333333333333,28,2,4,26
strong,22,Logistic Regression,Cascade,0.3,0.7,0.05,3,0.8666666666666667,0.9422222222222222,0.8620689655172413,0.8928571428571429,0.8333333333333334,0.9,27,3,5,25
strong,22,Logistic Regression,Cascade,0.4,0.6,0.0,0,0.85,0.9411111111111111,0.847457627118644,0.8620689655172413,0.8333333333333334,0.8666666666666667,26,4,5,25
strong,22,Random Forest,Stage 1 only,,,0.0,0,0.9333333333333333,0.9961111111111112,0.9354838709677419,0.90625,0.9666666666666667,0.9,27,3,1,29
strong,22,Random Forest,Stage 1 + Stage 2,,,1.0,60,0.95,0.9966666666666667,0.9523809523809523,0.9090909090909091,1.0,0.9,27,3,0,30
strong,22,Random Forest,Cascade,0.2,0.8,0.3333333333333333,20,0.95,0.9966666666666667,0.9523809523809523,0.9090909090909091,1.0,0.9,27,3,0,30
strong,22,Random Forest,Cascade,0.3,0.7,0.18333333333333332,11,0.95,0.9966666666666667,0.9523809523809523,0.9090909090909091,1.0,0.9,27,3,0,30
strong,22,Random Forest,Cascade,0.4,0.6,0.1,6,0.95,0.9966666666666667,0.9523809523809523,0.9090909090909091,1.0,0.9,27,3,0,30
strong,22,XGBoost,Stage 1 only,,,0.0,0,0.95,0.9877777777777779,0.9523809523809523,0.9090909090909091,1.0,0.9,27,3,0,30
strong,22,XGBoost,Stage 1 + Stage 2,,,1.0,60,0.9333333333333333,0.9922222222222222,0.9354838709677419,0.90625,0.9666666666666667,0.9,27,3,1,29
strong,22,XGBoost,Cascade,0.2,0.8,0.11666666666666667,7,0.9333333333333333,0.9855555555555555,0.9354838709677419,0.90625,0.9666666666666667,0.9,27,3,1,29
strong,22,XGBoost,Cascade,0.3,0.7,0.08333333333333333,5,0.9333333333333333,0.9855555555555555,0.9354838709677419,0.90625,0.9666666666666667,0.9,27,3,1,29
strong,22,XGBoost,Cascade,0.4,0.6,0.05,3,0.9333333333333333,0.9855555555555555,0.9354838709677419,0.90625,0.9666666666666667,0.9,27,3,1,29
strong,23,Logistic Regression,Stage 1 only,,,0.0,0,0.8333333333333334,0.9277777777777778,0.84375,0.7941176470588235,0.9,0.7666666666666667,23,7,3,27
strong,23,Logistic Regression,Stage 1 + Stage 2,,,1.0,60,0.8666666666666667,0.9377777777777778,0.8787878787878788,0.8055555555555556,0.9666666666666667,0.7666666666666667,23,7,1,29
strong,23,Logistic Regression,Cascade,0.2,0.8,0.15,9,0.8666666666666667,0.9522222222222222,0.8787878787878788,0.8055555555555556,0.9666666666666667,0.7666666666666667,23,7,1,29
strong,23,Logistic Regression,Cascade,0.3,0.7,0.08333333333333333,5,0.8666666666666667,0.9355555555555556,0.8787878787878788,0.8055555555555556,0.9666666666666667,0.7666666666666667,23,7,1,29
strong,23,Logistic Regression,Cascade,0.4,0.6,0.05,3,0.85,0.93,0.8615384615384616,0.8,0.9333333333333333,0.7666666666666667,23,7,2,28
strong,23,Random Forest,Stage 1 only,,,0.0,0,0.95,0.9977777777777778,0.9523809523809523,0.9090909090909091,1.0,0.9,27,3,0,30
strong,23,Random Forest,Stage 1 + Stage 2,,,1.0,60,0.9333333333333333,0.9922222222222222,0.9354838709677419,0.90625,0.9666666666666667,0.9,27,3,1,29
strong,23,Random Forest,Cascade,0.2,0.8,0.3333333333333333,20,0.9333333333333333,0.9922222222222222,0.9354838709677419,0.90625,0.9666666666666667,0.9,27,3,1,29
strong,23,Random Forest,Cascade,0.3,0.7,0.11666666666666667,7,0.9333333333333333,0.9944444444444445,0.9354838709677419,0.90625,0.9666666666666667,0.9,27,3,1,29
strong,23,Random Forest,Cascade,0.4,0.6,0.06666666666666667,4,0.9166666666666666,0.9955555555555556,0.9206349206349206,0.8787878787878788,0.9666666666666667,0.8666666666666667,26,4,1,29
strong,23,XGBoost,Stage 1 only,,,0.0,0,0.9333333333333333,0.9944444444444445,0.9375,0.8823529411764706,1.0,0.8666666666666667,26,4,0,30
strong,23,XGBoost,Stage 1 + Stage 2,,,1.0,60,0.9333333333333333,0.9922222222222222,0.9354838709677419,0.90625,0.9666666666666667,0.9,27,3,1,29
strong,23,XGBoost,Cascade,0.2,0.8,0.08333333333333333,5,0.9333333333333333,0.9933333333333334,0.9354838709677419,0.90625,0.9666666666666667,0.9,27,3,1,29
strong,23,XGBoost,Cascade,0.3,0.7,0.06666666666666667,4,0.9333333333333333,0.9922222222222222,0.9354838709677419,0.90625,0.9666666666666667,0.9,27,3,1,29
strong,23,XGBoost,Cascade,0.4,0.6,0.0,0,0.9333333333333333,0.9944444444444445,0.9375,0.8823529411764706,1.0,0.8666666666666667,26,4,0,30
strong,24,Logistic Regression,Stage 1 only,,,0.0,0,0.9166666666666666,0.9566666666666667,0.9152542372881356,0.9310344827586207,0.9,0.9333333333333333,28,2,3,27
strong,24,Logistic Regression,Stage 1 + Stage 2,,,1.0,60,0.8833333333333333,0.96,0.8888888888888888,0.8484848484848485,0.9333333333333333,0.8333333333333334,25,5,2,28
strong,24,Logistic Regression,Cascade,0.2,0.8,0.13333333333333333,8,0.8833333333333333,0.9622222222222223,0.8852459016393442,0.8709677419354839,0.9,0.8666666666666667,26,4,3,27
strong,24,Logistic Regression,Cascade,0.3,0.7,0.06666666666666667,4,0.8833333333333333,0.9522222222222223,0.8852459016393442,0.8709677419354839,0.9,0.8666666666666667,26,4,3,27
strong,24,Logistic Regression,Cascade,0.4,0.6,0.016666666666666666,1,0.9166666666666666,0.9522222222222223,0.9152542372881356,0.9310344827586207,0.9,0.9333333333333333,28,2,3,27
strong,24,Random Forest,Stage 1 only,,,0.0,0,0.95,1.0,0.9523809523809523,0.9090909090909091,1.0,0.9,27,3,0,30
strong,24,Random Forest,Stage 1 + Stage 2,,,1.0,60,1.0,1.0,1.0,1.0,1.0,1.0,30,0,0,30
strong,24,Random Forest,Cascade,0.2,0.8,0.23333333333333334,14,1.0,1.0,1.0,1.0,1.0,1.0,30,0,0,30
strong,24,Random Forest,Cascade,0.3,0.7,0.13333333333333333,8,1.0,1.0,1.0,1.0,1.0,1.0,30,0,0,30
strong,24,Random Forest,Cascade,0.4,0.6,0.08333333333333333,5,1.0,1.0,1.0,1.0,1.0,1.0,30,0,0,30
strong,24,XGBoost,Stage 1 only,,,0.0,0,0.9333333333333333,0.9955555555555555,0.9375,0.8823529411764706,1.0,0.8666666666666667,26,4,0,30
strong,24,XGBoost,Stage 1 + Stage 2,,,1.0,60,0.9166666666666666,0.9911111111111112,0.9206349206349206,0.8787878787878788,0.9666666666666667,0.8666666666666667,26,4,1,29
strong,24,XGBoost,Cascade,0.2,0.8,0.1,6,0.9166666666666666,0.9922222222222222,0.9206349206349206,0.8787878787878788,0.9666666666666667,0.8666666666666667,26,4,1,29
strong,24,XGBoost,Cascade,0.3,0.7,0.05,3,0.9333333333333333,0.9944444444444445,0.9375,0.8823529411764706,1.0,0.8666666666666667,26,4,0,30
strong,24,XGBoost,Cascade,0.4,0.6,0.016666666666666666,1,0.9333333333333333,0.9955555555555555,0.9375,0.8823529411764706,1.0,0.8666666666666667,26,4,0,30
strong,25,Logistic Regression,Stage 1 only,,,0.0,0,0.8666666666666667,0.9377777777777778,0.8666666666666667,0.8666666666666667,0.8666666666666667,0.8666666666666667,26,4,4,26
strong,25,Logistic Regression,Stage 1 + Stage 2,,,1.0,60,0.8666666666666667,0.9433333333333334,0.8620689655172413,0.8928571428571429,0.8333333333333334,0.9,27,3,5,25
strong,25,Logistic Regression,Cascade,0.2,0.8,0.26666666666666666,16,0.8666666666666667,0.9477777777777778,0.8620689655172413,0.8928571428571429,0.8333333333333334,0.9,27,3,5,25
strong,25,Logistic Regression,Cascade,0.3,0.7,0.13333333333333333,8,0.8833333333333333,0.9388888888888889,0.8771929824561403,0.9259259259259259,0.8333333333333334,0.9333333333333333,28,2,5,25
strong,25,Logistic Regression,Cascade,0.4,0.6,0.08333333333333333,5,0.9,0.9411111111111111,0.896551724137931,0.9285714285714286,0.8666666666666667,0.9333333333333333,28,2,4,26
strong,25,Random Forest,Stage 1 only,,,0.0,0,0.9666666666666667,1.0,0.967741935483871,0.9375,1.0,0.9333333333333333,28,2,0,30
strong,25,Random Forest,Stage 1 + Stage 2,,,1.0,60,1.0,1.0,1.0,1.0,1.0,1.0,30,0,0,30
strong,25,Random Forest,Cascade,0.2,0.8,0.31666666666666665,19,1.0,1.0,1.0,1.0,1.0,1.0,30,0,0,30
strong,25,Random Forest,Cascade,0.3,0.7,0.15,9,1.0,1.0,1.0,1.0,1.0,1.0,30,0,0,30
strong,25,Random Forest,Cascade,0.4,0.6,0.08333333333333333,5,1.0,1.0,1.0,1.0,1.0,1.0,30,0,0,30
strong,25,XGBoost,Stage 1 only,,,0.0,0,0.9666666666666667,0.9933333333333334,0.9666666666666667,0.9666666666666667,0.9666666666666667,0.9666666666666667,29,1,1,29
strong,25,XGBoost,Stage 1 + Stage 2,,,1.0,60,0.95,0.9922222222222222,0.9508196721311475,0.9354838709677419,0.9666666666666667,0.9333333333333333,28,2,1,29
strong,25,XGBoost,Cascade,0.2,0.8,0.13333333333333333,8,0.95,0.9922222222222222,0.9508196721311475,0.9354838709677419,0.9666666666666667,0.9333333333333333,28,2,1,29
strong,25,XGBoost,Cascade,0.3,0.7,0.06666666666666667,4,0.95,0.9922222222222222,0.9508196721311475,0.9354838709677419,0.9666666666666667,0.9333333333333333,28,2,1,29
strong,25,XGBoost,Cascade,0.4,0.6,0.03333333333333333,2,0.9666666666666667,0.9933333333333334,0.9666666666666667,0.9666666666666667,0.9666666666666667,0.9666666666666667,29,1,1,29
strong,26,Logistic Regression,Stage 1 only,,,0.0,0,0.95,0.9833333333333333,0.9473684210526315,1.0,0.9,1.0,30,0,3,27
strong,26,Logistic Regression,Stage 1 + Stage 2,,,1.0,60,0.9333333333333333,0.9844444444444445,0.9310344827586207,0.9642857142857143,0.9,0.9666666666666667,29,1,3,27
strong,26,Logistic Regression,Cascade,0.2,0.8,0.2,12,0.9333333333333333,0.9855555555555555,0.9310344827586207,0.9642857142857143,0.9,0.9666666666666667,29,1,3,27
strong,26,Logistic Regression,Cascade,0.3,0.7,0.13333333333333333,8,0.9333333333333333,0.9855555555555555,0.9310344827586207,0.9642857142857143,0.9,0.9666666666666667,29,1,3,27
strong,26,Logistic Regression,Cascade,0.4,0.6,0.03333333333333333,2,0.9333333333333333,0.9833333333333333,0.9285714285714286,1.0,0.8666666666666667,1.0,30,0,4,26
strong,26,Random Forest,Stage 1 only,,,0.0,0,0.9833333333333333,1.0,0.9836065573770492,0.967741935483871,1.0,0.9666666666666667,29,1,0,30
strong,26,Random Forest,Stage 1 + Stage 2,,,1.0,60,0.9666666666666667,0.9983333333333334,0.9666666666666667,0.9666666666666667,0.9666666666666667,0.9666666666666667,29,1,1,29
strong,26,Random Forest,Cascade,0.2,0.8,0.25,15,0.9666666666666667,0.9983333333333334,0.9666666666666667,0.9666666666666667,0.9666666666666667,0.9666666666666667,29,1,1,29
strong,26,Random Forest,Cascade,0.3,0.7,0.11666666666666667,7,0.9666666666666667,0.9988888888888888,0.9666666666666667,0.9666666666666667,0.9666666666666667,0.9666666666666667,29,1,1,29
strong,26,Random Forest,Cascade,0.4,0.6,0.05,3,1.0,1.0,1.0,1.0,1.0,1.0,30,0,0,30
strong,26,XGBoost,Stage 1 only,,,0.0,0,0.9833333333333333,0.9988888888888889,0.9836065573770492,0.967741935483871,1.0,0.9666666666666667,29,1,0,30
strong,26,XGBoost,Stage 1 + Stage 2,,,1.0,60,0.9833333333333333,0.9988888888888889,0.9836065573770492,0.967741935483871,1.0,0.9666666666666667,29,1,0,30
strong,26,XGBoost,Cascade,0.2,0.8,0.06666666666666667,4,0.9833333333333333,1.0,0.9836065573770492,0.967741935483871,1.0,0.9666666666666667,29,1,0,30
strong,26,XGBoost,Cascade,0.3,0.7,0.016666666666666666,1,0.9833333333333333,0.9988888888888889,0.9836065573770492,0.967741935483871,1.0,0.9666666666666667,29,1,0,30
strong,26,XGBoost,Cascade,0.4,0.6,0.016666666666666666,1,0.9833333333333333,0.9988888888888889,0.9836065573770492,0.967741935483871,1.0,0.9666666666666667,29,1,0,30
strong,27,Logistic Regression,Stage 1 only,,,0.0,0,0.9166666666666666,0.9666666666666667,0.9180327868852459,0.9032258064516129,0.9333333333333333,0.9,27,3,2,28
strong,27,Logistic Regression,Stage 1 + Stage 2,,,1.0,60,0.9,0.9666666666666667,0.9032258064516129,0.875,0.9333333333333333,0.8666666666666667,26,4,2,28
strong,27,Logistic Regression,Cascade,0.2,0.8,0.08333333333333333,5,0.9166666666666666,0.9577777777777778,0.9180327868852459,0.9032258064516129,0.9333333333333333,0.9,27,3,2,28
strong,27,Logistic Regression,Cascade,0.3,0.7,0.03333333333333333,2,0.9166666666666666,0.9522222222222222,0.9180327868852459,0.9032258064516129,0.9333333333333333,0.9,27,3,2,28
strong,27,Logistic Regression,Cascade,0.4,0.6,0.0,0,0.9166666666666666,0.9666666666666667,0.9180327868852459,0.9032258064516129,0.9333333333333333,0.9,27,3,2,28
strong,27,Random Forest,Stage 1 only,,,0.0,0,0.9833333333333333,0.9988888888888889,0.9836065573770492,0.967741935483871,1.0,0.9666666666666667,29,1,0,30
strong,27,Random Forest,Stage 1 + Stage 2,,,1.0,60,0.9666666666666667,1.0,0.967741935483871,0.9375,1.0,0.9333333333333333,28,2,0,30
strong,27,Random Forest,Cascade,0.2,0.8,0.25,15,0.9666666666666667,1.0,0.967741935483871,0.9375,1.0,0.9333333333333333,28,2,0,30
strong,27,Random Forest,Cascade,0.3,0.7,0.15,9,0.9666666666666667,1.0,0.967741935483871,0.9375,1.0,0.9333333333333333,28,2,0,30
strong,27,Random Forest,Cascade,0.4,0.6,0.06666666666666667,4,0.9833333333333333,1.0,0.9836065573770492,0.967741935483871,1.0,0.9666666666666667,29,1,0,30
strong,27,XGBoost,Stage 1 only,,,0.0,0,0.9333333333333333,0.9933333333333334,0.9333333333333333,0.9333333333333333,0.9333333333333333,0.9333333333333333,28,2,2,28
strong,27,XGBoost,Stage 1 + Stage 2,,,1.0,60,0.9666666666666667,0.9933333333333334,0.967741935483871,0.9375,1.0,0.9333333333333333,28,2,0,30
strong,27,XGBoost,Cascade,0.2,0.8,0.05,3,0.9666666666666667,0.9933333333333334,0.967741935483871,0.9375,1.0,0.9333333333333333,28,2,0,30
strong,27,XGBoost,Cascade,0.3,0.7,0.05,3,0.9666666666666667,0.9933333333333334,0.967741935483871,0.9375,1.0,0.9333333333333333,28,2,0,30
strong,27,XGBoost,Cascade,0.4,0.6,0.03333333333333333,2,0.9666666666666667,0.9933333333333334,0.967741935483871,0.9375,1.0,0.9333333333333333,28,2,0,30
strong,28,Logistic Regression,Stage 1 only,,,0.0,0,0.9166666666666666,0.9777777777777779,0.9180327868852459,0.9032258064516129,0.9333333333333333,0.9,27,3,2,28
strong,28,Logistic Regression,Stage 1 + Stage 2,,,1.0,60,0.8833333333333333,0.9633333333333333,0.8852459016393442,0.8709677419354839,0.9,0.8666666666666667,26,4,3,27
strong,28,Logistic Regression,Cascade,0.2,0.8,0.23333333333333334,14,0.9166666666666666,0.9833333333333334,0.9206349206349206,0.8787878787878788,0.9666666666666667,0.8666666666666667,26,4,1,29
strong,28,Logistic Regression,Cascade,0.3,0.7,0.16666666666666666,10,0.9333333333333333,0.9888888888888889,0.9354838709677419,0.90625,0.9666666666666667,0.9,27,3,1,29
strong,28,Logistic Regression,Cascade,0.4,0.6,0.03333333333333333,2,0.9166666666666666,0.9822222222222223,0.9180327868852459,0.9032258064516129,0.9333333333333333,0.9,27,3,2,28
strong,28,Random Forest,Stage 1 only,,,0.0,0,0.9666666666666667,0.9972222222222222,0.9666666666666667,0.9666666666666667,0.9666666666666667,0.9666666666666667,29,1,1,29
strong,28,Random Forest,Stage 1 + Stage 2,,,1.0,60,0.95,1.0,0.9523809523809523,0.9090909090909091,1.0,0.9,27,3,0,30
strong,28,Random Forest,Cascade,0.2,0.8,0.3,18,0.95,1.0,0.9523809523809523,0.9090909090909091,1.0,0.9,27,3,0,30
strong,28,Random Forest,Cascade,0.3,0.7,0.11666666666666667,7,0.95,1.0,0.9523809523809523,0.9090909090909091,1.0,0.9,27,3,0,30
strong,28,Random Forest,Cascade,0.4,0.6,0.05,3,0.95,0.9994444444444444,0.9523809523809523,0.9090909090909091,1.0,0.9,27,3,0,30
strong,28,XGBoost,Stage 1 only,,,0.0,0,0.9666666666666667,0.9988888888888889,0.967741935483871,0.9375,1.0,0.9333333333333333,28,2,0,30
strong,28,XGBoost,Stage 1 + Stage 2,,,1.0,60,0.95,0.9988888888888889,0.9523809523809523,0.9090909090909091,1.0,0.9,27,3,0,30
strong,28,XGBoost,Cascade,0.2,0.8,0.1,6,0.95,0.9988888888888889,0.9523809523809523,0.9090909090909091,1.0,0.9,27,3,0,30
strong,28,XGBoost,Cascade,0.3,0.7,0.06666666666666667,4,0.9666666666666667,1.0,0.967741935483871,0.9375,1.0,0.9333333333333333,28,2,0,30
strong,28,XGBoost,Cascade,0.4,0.6,0.0,0,0.9666666666666667,0.9988888888888889,0.967741935483871,0.9375,1.0,0.9333333333333333,28,2,0,30
strong,29,Logistic Regression,Stage 1 only,,,0.0,0,0.8833333333333333,0.9688888888888888,0.8888888888888888,0.8484848484848485,0.9333333333333333,0.8333333333333334,25,5,2,28
strong,29,Logistic Regression,Stage 1 + Stage 2,,,1.0,60,0.9166666666666666,0.9455555555555556,0.9230769230769231,0.8571428571428571,1.0,0.8333333333333334,25,5,0,30
strong,29,Logistic Regression,Cascade,0.2,0.8,0.26666666666666666,16,0.9166666666666666,0.9388888888888889,0.9230769230769231,0.8571428571428571,1.0,0.8333333333333334,25,5,0,30
strong,29,Logistic Regression,Cascade,0.3,0.7,0.11666666666666667,7,0.9,0.9511111111111112,0.90625,0.8529411764705882,0.9666666666666667,0.8333333333333334,25,5,1,29
strong,29,Logistic Regression,Cascade,0.4,0.6,0.03333333333333333,2,0.9,0.9733333333333333,0.9032258064516129,0.875,0.9333333333333333,0.8666666666666667,26,4,2,28
strong,29,Random Forest,Stage 1 only,,,0.0,0,0.95,0.9977777777777778,0.9523809523809523,0.9090909090909091,1.0,0.9,27,3,0,30
strong,29,Random Forest,Stage 1 + Stage 2,,,1.0,60,0.9666666666666667,0.9994444444444445,0.967741935483871,0.9375,1.0,0.9333333333333333,28,2,0,30
strong,29,Random Forest,Cascade,0.2,0.8,0.26666666666666666,16,0.9666666666666667,0.9994444444444445,0.967741935483871,0.9375,1.0,0.9333333333333333,28,2,0,30
strong,29,Random Forest,Cascade,0.3,0.7,0.13333333333333333,8,0.9666666666666667,0.9994444444444445,0.967741935483871,0.9375,1.0,0.9333333333333333,28,2,0,30
strong,29,Random Forest,Cascade,0.4,0.6,0.06666666666666667,4,0.9666666666666667,0.9977777777777778,0.967741935483871,0.9375,1.0,0.9333333333333333,28,2,0,30
strong,29,XGBoost,Stage 1 only,,,0.0,0,0.9333333333333333,0.9922222222222222,0.9375,0.8823529411764706,1.0,0.8666666666666667,26,4,0,30
strong,29,XGBoost,Stage 1 + Stage 2,,,1.0,60,0.9166666666666666,0.9877777777777779,0.9206349206349206,0.8787878787878788,0.9666666666666667,0.8666666666666667,26,4,1,29
strong,29,XGBoost,Cascade,0.2,0.8,0.05,3,0.9166666666666666,0.9911111111111112,0.9206349206349206,0.8787878787878788,0.9666666666666667,0.8666666666666667,26,4,1,29
strong,29,XGBoost,Cascade,0.3,0.7,0.016666666666666666,1,0.9166666666666666,0.9922222222222222,0.9206349206349206,0.8787878787878788,0.9666666666666667,0.8666666666666667,26,4,1,29
strong,29,XGBoost,Cascade,0.4,0.6,0.016666666666666666,1,0.9166666666666666,0.9922222222222222,0.9206349206349206,0.8787878787878788,0.9666666666666667,0.8666666666666667,26,4,1,29
strong,30,Logistic Regression,Stage 1 only,,,0.0,0,0.8666666666666667,0.9622222222222222,0.8787878787878788,0.8055555555555556,0.9666666666666667,0.7666666666666667,23,7,1,29
strong,30,Logistic Regression,Stage 1 + Stage 2,,,1.0,60,0.9,0.96,0.90625,0.8529411764705882,0.9666666666666667,0.8333333333333334,25,5,1,29
strong,30,Logistic Regression,Cascade,0.2,0.8,0.25,15,0.8833333333333333,0.9788888888888889,0.8923076923076924,0.8285714285714286,0.9666666666666667,0.8,24,6,1,29
strong,30,Logistic Regression,Cascade,0.3,0.7,0.16666666666666666,10,0.8833333333333333,0.9622222222222222,0.8923076923076924,0.8285714285714286,0.9666666666666667,0.8,24,6,1,29
strong,30,Logistic Regression,Cascade,0.4,0.6,0.08333333333333333,5,0.8833333333333333,0.9544444444444444,0.8923076923076924,0.8285714285714286,0.9666666666666667,0.8,24,6,1,29
strong,30,Random Forest,Stage 1 only,,,0.0,0,0.9833333333333333,0.9999999999999999,0.9836065573770492,0.967741935483871,1.0,0.9666666666666667,29,1,0,30
strong,30,Random Forest,Stage 1 + Stage 2,,,1.0,60,1.0,1.0,1.0,1.0,1.0,1.0,30,0,0,30
strong,30,Random Forest,Cascade,0.2,0.8,0.3333333333333333,20,1.0,1.0,1.0,1.0,1.0,1.0,30,0,0,30
strong,30,Random Forest,Cascade,0.3,0.7,0.18333333333333332,11,1.0,1.0,1.0,1.0,1.0,1.0,30,0,0,30
strong,30,Random Forest,Cascade,0.4,0.6,0.06666666666666667,4,1.0,1.0,1.0,1.0,1.0,1.0,30,0,0,30
strong,30,XGBoost,Stage 1 only,,,0.0,0,0.9333333333333333,0.9977777777777778,0.9375,0.8823529411764706,1.0,0.8666666666666667,26,4,0,30
strong,30,XGBoost,Stage 1 + Stage 2,,,1.0,60,0.9333333333333333,0.9955555555555555,0.9375,0.8823529411764706,1.0,0.8666666666666667,26,4,0,30
strong,30,XGBoost,Cascade,0.2,0.8,0.1,6,0.9333333333333333,0.9955555555555555,0.9375,0.8823529411764706,1.0,0.8666666666666667,26,4,0,30
strong,30,XGBoost,Cascade,0.3,0.7,0.03333333333333333,2,0.9333333333333333,0.9966666666666667,0.9375,0.8823529411764706,1.0,0.8666666666666667,26,4,0,30
strong,30,XGBoost,Cascade,0.4,0.6,0.03333333333333333,2,0.9333333333333333,0.9966666666666667,0.9375,0.8823529411764706,1.0,0.8666666666666667,26,4,0,30
