scenario,split,model,threshold_low,threshold_high,row_index,y_true,p_stage1,p_full,stage1_pred,full_pred,changed_prediction,corrected_error,worsened_prediction
weak,1,Logistic Regression,0.2,0.8,136,1,0.42223575508255984,0.1562023085814626,0,0,0,0,0
weak,1,Logistic Regression,0.2,0.8,133,1,0.7872389021240471,0.9914139205518825,1,1,0,0,0
weak,1,Logistic Regression,0.2,0.8,113,1,0.4266827424475468,0.9625246748651264,0,1,1,1,0
weak,1,Logistic Regression,0.2,0.8,91,0,0.4004124286247889,0.0468161910441063,0,0,0,0,0
weak,1,Logistic Regression,0.2,0.8,114,1,0.6801443748465693,0.7431718553253068,1,1,0,0,0
weak,1,Logistic Regression,0.2,0.8,140,1,0.5746913603772623,0.1990118814339812,1,0,1,0,1
weak,1,Logistic Regression,0.2,0.8,98,0,0.3135239528950572,0.03743596560497788,0,0,0,0,0
weak,1,Logistic Regression,0.2,0.8,63,0,0.42192602509367366,0.1299248740682264,0,0,0,0,0
weak,1,Logistic Regression,0.2,0.8,2,0,0.6521129824482124,0.015159872543423268,1,0,1,1,0
weak,1,Logistic Regression,0.2,0.8,100,1,0.7612554562428415,0.7088214610664774,1,1,0,0,0
weak,1,Logistic Regression,0.2,0.8,57,0,0.46812427441290616,0.8658075629887652,0,1,1,0,1
weak,1,Logistic Regression,0.2,0.8,59,0,0.7665595667220034,0.12653668837951088,1,0,1,1,0
weak,1,Logistic Regression,0.2,0.8,122,1,0.5129211429701757,0.9947105138831062,1,1,0,0,0
weak,1,Logistic Regression,0.2,0.8,196,1,0.6697721042316742,0.7707172313970643,1,1,0,0,0
weak,1,Logistic Regression,0.2,0.8,102,1,0.7175456677157642,0.9819427295866872,1,1,0,0,0
weak,1,Logistic Regression,0.2,0.8,127,1,0.7699422660239873,0.8190073629838213,1,1,0,0,0
weak,1,Logistic Regression,0.2,0.8,1,0,0.7270904791679634,0.6218123391896603,1,1,0,0,0
weak,1,Logistic Regression,0.2,0.8,172,1,0.4937110552879721,0.8209143542417381,0,1,1,1,0
weak,1,Logistic Regression,0.2,0.8,23,0,0.6939966619425777,0.868673244783721,1,1,0,0,0
weak,1,Logistic Regression,0.2,0.8,84,0,0.7084284852204183,0.42902714221151544,1,0,1,1,0
weak,1,Logistic Regression,0.2,0.8,52,0,0.6110157186114102,0.11797878592525357,1,0,1,1,0
weak,1,Logistic Regression,0.2,0.8,29,0,0.6577822281055363,0.1747250232004885,1,0,1,1,0
weak,1,Logistic Regression,0.2,0.8,79,0,0.622548021613566,0.7467065374210015,1,1,0,0,0
weak,1,Logistic Regression,0.2,0.8,75,0,0.6746345233893556,0.012976041360708694,1,0,1,1,0
weak,1,Logistic Regression,0.2,0.8,37,0,0.5421680947870552,0.03712186646312491,1,0,1,1,0
weak,1,Logistic Regression,0.2,0.8,132,1,0.7785322917120249,0.06368888122697054,1,0,1,0,1
weak,1,Logistic Regression,0.2,0.8,20,0,0.6518424055062558,0.37703679026607495,1,0,1,1,0
weak,1,Logistic Regression,0.2,0.8,194,1,0.675374856890726,0.6199338217491226,1,1,0,0,0
weak,1,Logistic Regression,0.2,0.8,197,1,0.4520943806671752,0.9954912427523305,0,1,1,1,0
weak,1,Logistic Regression,0.2,0.8,92,0,0.6884513114952756,0.26803637382851264,1,0,1,1,0
weak,1,Logistic Regression,0.2,0.8,126,1,0.5998485290462475,0.9492059549734186,1,1,0,0,0
weak,1,Logistic Regression,0.2,0.8,180,1,0.42997430250311963,0.6561659498506539,0,1,1,1,0
weak,1,Logistic Regression,0.2,0.8,21,0,0.6160172940770934,0.1586713368061786,1,0,1,1,0
weak,1,Logistic Regression,0.2,0.8,104,1,0.7534124888345036,0.9664081747689206,1,1,0,0,0
weak,1,Logistic Regression,0.2,0.8,71,0,0.5673169682523296,0.21418631628797724,1,0,1,1,0
weak,1,Logistic Regression,0.2,0.8,108,1,0.7572268676035114,0.5196080020864364,1,1,0,0,0
weak,1,Logistic Regression,0.2,0.8,171,1,0.4836135125871298,0.043178707024438226,0,0,0,0,0
weak,1,Logistic Regression,0.2,0.8,82,0,0.417685322662005,0.3366074409897167,0,0,0,0,0
weak,1,Logistic Regression,0.2,0.8,58,0,0.22162299071796587,0.3955131529507723,0,0,0,0,0
weak,1,Logistic Regression,0.2,0.8,134,1,0.5477611738938847,0.9843101601094657,1,1,0,0,0
weak,1,Logistic Regression,0.3,0.7,136,1,0.42223575508255984,0.1562023085814626,0,0,0,0,0
weak,1,Logistic Regression,0.3,0.7,113,1,0.4266827424475468,0.9625246748651264,0,1,1,1,0
weak,1,Logistic Regression,0.3,0.7,91,0,0.4004124286247889,0.0468161910441063,0,0,0,0,0
weak,1,Logistic Regression,0.3,0.7,114,1,0.6801443748465693,0.7431718553253068,1,1,0,0,0
weak,1,Logistic Regression,0.3,0.7,140,1,0.5746913603772623,0.1990118814339812,1,0,1,0,1
weak,1,Logistic Regression,0.3,0.7,98,0,0.3135239528950572,0.03743596560497788,0,0,0,0,0
weak,1,Logistic Regression,0.3,0.7,63,0,0.42192602509367366,0.1299248740682264,0,0,0,0,0
weak,1,Logistic Regression,0.3,0.7,2,0,0.6521129824482124,0.015159872543423268,1,0,1,1,0
weak,1,Logistic Regression,0.3,0.7,57,0,0.46812427441290616,0.8658075629887652,0,1,1,0,1
weak,1,Logistic Regression,0.3,0.7,122,1,0.5129211429701757,0.9947105138831062,1,1,0,0,0
weak,1,Logistic Regression,0.3,0.7,196,1,0.6697721042316742,0.7707172313970643,1,1,0,0,0
weak,1,Logistic Regression,0.3,0.7,172,1,0.4937110552879721,0.8209143542417381,0,1,1,1,0
weak,1,Logistic Regression,0.3,0.7,23,0,0.6939966619425777,0.868673244783721,1,1,0,0,0
weak,1,Logistic Regression,0.3,0.7,52,0,0.6110157186114102,0.11797878592525357,1,0,1,1,0
weak,1,Logistic Regression,0.3,0.7,29,0,0.6577822281055363,0.1747250232004885,1,0,1,1,0
weak,1,Logistic Regression,0.3,0.7,79,0,0.622548021613566,0.7467065374210015,1,1,0,0,0
weak,1,Logistic Regression,0.3,0.7,75,0,0.6746345233893556,0.012976041360708694,1,0,1,1,0
weak,1,Logistic Regression,0.3,0.7,37,0,0.5421680947870552,0.03712186646312491,1,0,1,1,0
weak,1,Logistic Regression,0.3,0.7,20,0,0.6518424055062558,0.37703679026607495,1,0,1,1,0
weak,1,Logistic Regression,0.3,0.7,194,1,0.675374856890726,0.6199338217491226,1,1,0,0,0
weak,1,Logistic Regression,0.3,0.7,197,1,0.4520943806671752,0.9954912427523305,0,1,1,1,0
weak,1,Logistic Regression,0.3,0.7,92,0,0.6884513114952756,0.26803637382851264,1,0,1,1,0
weak,1,Logistic Regression,0.3,0.7,126,1,0.5998485290462475,0.9492059549734186,1,1,0,0,0
weak,1,Logistic Regression,0.3,0.7,180,1,0.42997430250311963,0.6561659498506539,0,1,1,1,0
weak,1,Logistic Regression,0.3,0.7,21,0,0.6160172940770934,0.1586713368061786,1,0,1,1,0
weak,1,Logistic Regression,0.3,0.7,71,0,0.5673169682523296,0.21418631628797724,1,0,1,1,0
weak,1,Logistic Regression,0.3,0.7,171,1,0.4836135125871298,0.043178707024438226,0,0,0,0,0
weak,1,Logistic Regression,0.3,0.7,82,0,0.417685322662005,0.3366074409897167,0,0,0,0,0
weak,1,Logistic Regression,0.3,0.7,134,1,0.5477611738938847,0.9843101601094657,1,1,0,0,0
weak,1,Logistic Regression,0.4,0.6,136,1,0.42223575508255984,0.1562023085814626,0,0,0,0,0
weak,1,Logistic Regression,0.4,0.6,113,1,0.4266827424475468,0.9625246748651264,0,1,1,1,0
weak,1,Logistic Regression,0.4,0.6,91,0,0.4004124286247889,0.0468161910441063,0,0,0,0,0
weak,1,Logistic Regression,0.4,0.6,140,1,0.5746913603772623,0.1990118814339812,1,0,1,0,1
weak,1,Logistic Regression,0.4,0.6,63,0,0.42192602509367366,0.1299248740682264,0,0,0,0,0
weak,1,Logistic Regression,0.4,0.6,57,0,0.46812427441290616,0.8658075629887652,0,1,1,0,1
weak,1,Logistic Regression,0.4,0.6,122,1,0.5129211429701757,0.9947105138831062,1,1,0,0,0
weak,1,Logistic Regression,0.4,0.6,172,1,0.4937110552879721,0.8209143542417381,0,1,1,1,0
weak,1,Logistic Regression,0.4,0.6,37,0,0.5421680947870552,0.03712186646312491,1,0,1,1,0
weak,1,Logistic Regression,0.4,0.6,197,1,0.4520943806671752,0.9954912427523305,0,1,1,1,0
weak,1,Logistic Regression,0.4,0.6,126,1,0.5998485290462475,0.9492059549734186,1,1,0,0,0
weak,1,Logistic Regression,0.4,0.6,180,1,0.42997430250311963,0.6561659498506539,0,1,1,1,0
weak,1,Logistic Regression,0.4,0.6,71,0,0.5673169682523296,0.21418631628797724,1,0,1,1,0
weak,1,Logistic Regression,0.4,0.6,171,1,0.4836135125871298,0.043178707024438226,0,0,0,0,0
weak,1,Logistic Regression,0.4,0.6,82,0,0.417685322662005,0.3366074409897167,0,0,0,0,0
weak,1,Logistic Regression,0.4,0.6,134,1,0.5477611738938847,0.9843101601094657,1,1,0,0,0
weak,1,Random Forest,0.2,0.8,107,1,0.54,0.63,1,1,0,0,0
weak,1,Random Forest,0.2,0.8,106,1,0.74,0.8,1,1,0,0,0
weak,1,Random Forest,0.2,0.8,136,1,0.73,0.56,1,1,0,0,0
weak,1,Random Forest,0.2,0.8,133,1,0.54,0.69,1,1,0,0,0
weak,1,Random Forest,0.2,0.8,113,1,0.71,0.72,1,1,0,0,0
weak,1,Random Forest,0.2,0.8,91,0,0.58,0.34,1,0,1,1,0
weak,1,Random Forest,0.2,0.8,177,1,0.62,0.45,1,0,1,0,1
weak,1,Random Forest,0.2,0.8,114,1,0.69,0.71,1,1,0,0,0
weak,1,Random Forest,0.2,0.8,140,1,0.54,0.44,1,0,1,0,1
weak,1,Random Forest,0.2,0.8,98,0,0.23,0.22,0,0,0,0,0
weak,1,Random Forest,0.2,0.8,63,0,0.43,0.32,0,0,0,0,0
weak,1,Random Forest,0.2,0.8,2,0,0.24,0.32,0,0,0,0,0
weak,1,Random Forest,0.2,0.8,100,1,0.76,0.65,1,1,0,0,0
weak,1,Random Forest,0.2,0.8,59,0,0.24,0.32,0,0,0,0,0
weak,1,Random Forest,0.2,0.8,122,1,0.69,0.77,1,1,0,0,0
weak,1,Random Forest,0.2,0.8,196,1,0.71,0.77,1,1,0,0,0
weak,1,Random Forest,0.2,0.8,102,1,0.76,0.62,1,1,0,0,0
weak,1,Random Forest,0.2,0.8,1,0,0.73,0.56,1,1,0,0,0
weak,1,Random Forest,0.2,0.8,172,1,0.75,0.74,1,1,0,0,0
weak,1,Random Forest,0.2,0.8,84,0,0.69,0.67,1,1,0,0,0
weak,1,Random Forest,0.2,0.8,52,0,0.3,0.22,0,0,0,0,0
weak,1,Random Forest,0.2,0.8,79,0,0.51,0.6,1,1,0,0,0
weak,1,Random Forest,0.2,0.8,87,0,0.34,0.38,0,0,0,0,0
weak,1,Random Forest,0.2,0.8,75,0,0.75,0.34,1,0,1,1,0
weak,1,Random Forest,0.2,0.8,37,0,0.74,0.33,1,0,1,1,0
weak,1,Random Forest,0.2,0.8,20,0,0.32,0.39,0,0,0,0,0
weak,1,Random Forest,0.2,0.8,146,1,0.72,0.62,1,1,0,0,0
weak,1,Random Forest,0.2,0.8,180,1,0.76,0.58,1,1,0,0,0
weak,1,Random Forest,0.2,0.8,21,0,0.22,0.36,0,0,0,0,0
weak,1,Random Forest,0.2,0.8,60,0,0.22,0.33,0,0,0,0,0
weak,1,Random Forest,0.2,0.8,104,1,0.77,0.81,1,1,0,0,0
weak,1,Random Forest,0.2,0.8,143,1,0.76,0.64,1,1,0,0,0
weak,1,Random Forest,0.2,0.8,71,0,0.27,0.26,0,0,0,0,0
weak,1,Random Forest,0.2,0.8,41,0,0.63,0.57,1,1,0,0,0
weak,1,Random Forest,0.2,0.8,74,0,0.55,0.38,1,0,1,1,0
weak,1,Random Forest,0.2,0.8,171,1,0.75,0.59,1,1,0,0,0
weak,1,Random Forest,0.2,0.8,82,0,0.22,0.13,0,0,0,0,0
weak,1,Random Forest,0.2,0.8,147,1,0.67,0.62,1,1,0,0,0
weak,1,Random Forest,0.2,0.8,164,1,0.76,0.57,1,1,0,0,0
weak,1,Random Forest,0.2,0.8,58,0,0.53,0.53,1,1,0,0,0
weak,1,Random Forest,0.2,0.8,134,1,0.76,0.81,1,1,0,0,0
weak,1,Random Forest,0.3,0.7,107,1,0.54,0.63,1,1,0,0,0
weak,1,Random Forest,0.3,0.7,133,1,0.54,0.69,1,1,0,0,0
weak,1,Random Forest,0.3,0.7,91,0,0.58,0.34,1,0,1,1,0
weak,1,Random Forest,0.3,0.7,177,1,0.62,0.45,1,0,1,0,1
weak,1,Random Forest,0.3,0.7,114,1,0.69,0.71,1,1,0,0,0
weak,1,Random Forest,0.3,0.7,140,1,0.54,0.44,1,0,1,0,1
weak,1,Random Forest,0.3,0.7,63,0,0.43,0.32,0,0,0,0,0
weak,1,Random Forest,0.3,0.7,122,1,0.69,0.77,1,1,0,0,0
weak,1,Random Forest,0.3,0.7,84,0,0.69,0.67,1,1,0,0,0
weak,1,Random Forest,0.3,0.7,79,0,0.51,0.6,1,1,0,0,0
weak,1,Random Forest,0.3,0.7,87,0,0.34,0.38,0,0,0,0,0
weak,1,Random Forest,0.3,0.7,20,0,0.32,0.39,0,0,0,0,0
weak,1,Random Forest,0.3,0.7,41,0,0.63,0.57,1,1,0,0,0
weak,1,Random Forest,0.3,0.7,74,0,0.55,0.38,1,0,1,1,0
weak,1,Random Forest,0.3,0.7,147,1,0.67,0.62,1,1,0,0,0
weak,1,Random Forest,0.3,0.7,58,0,0.53,0.53,1,1,0,0,0
weak,1,Random Forest,0.4,0.6,107,1,0.54,0.63,1,1,0,0,0
weak,1,Random Forest,0.4,0.6,133,1,0.54,0.69,1,1,0,0,0
weak,1,Random Forest,0.4,0.6,91,0,0.58,0.34,1,0,1,1,0
weak,1,Random Forest,0.4,0.6,140,1,0.54,0.44,1,0,1,0,1
weak,1,Random Forest,0.4,0.6,63,0,0.43,0.32,0,0,0,0,0
weak,1,Random Forest,0.4,0.6,79,0,0.51,0.6,1,1,0,0,0
weak,1,Random Forest,0.4,0.6,74,0,0.55,0.38,1,0,1,1,0
weak,1,Random Forest,0.4,0.6,58,0,0.53,0.53,1,1,0,0,0
weak,1,XGBoost,0.2,0.8,113,1,0.5373103022575378,0.9849559664726257,1,1,0,0,0
weak,1,XGBoost,0.2,0.8,91,0,0.6554703116416931,0.36685970425605774,1,0,1,1,0
weak,1,XGBoost,0.2,0.8,114,1,0.7568620443344116,0.8398754596710205,1,1,0,0,0
weak,1,XGBoost,0.2,0.8,140,1,0.20500467717647552,0.42298054695129395,0,0,0,0,0
weak,1,XGBoost,0.2,0.8,59,0,0.4428994059562683,0.055049363523721695,0,0,0,0,0
weak,1,XGBoost,0.2,0.8,122,1,0.48920994997024536,0.9383367896080017,0,1,1,1,0
weak,1,XGBoost,0.2,0.8,196,1,0.7040227055549622,0.8066878914833069,1,1,0,0,0
weak,1,XGBoost,0.2,0.8,102,1,0.7927250266075134,0.8218725323677063,1,1,0,0,0
weak,1,XGBoost,0.2,0.8,1,0,0.7287371158599854,0.5278545618057251,1,1,0,0,0
weak,1,XGBoost,0.2,0.8,84,0,0.4789549708366394,0.7295249104499817,0,1,1,0,1
weak,1,XGBoost,0.2,0.8,87,0,0.5255424380302429,0.3930251896381378,1,0,1,1,0
weak,1,XGBoost,0.2,0.8,75,0,0.777408242225647,0.30982470512390137,1,0,1,1,0
weak,1,XGBoost,0.2,0.8,37,0,0.2580586373806,0.09701638668775558,0,0,0,0,0
weak,1,XGBoost,0.2,0.8,146,1,0.6051507592201233,0.43247881531715393,1,0,1,0,1
weak,1,XGBoost,0.2,0.8,104,1,0.31114768981933594,0.8999859690666199,0,1,1,1,0
weak,1,XGBoost,0.2,0.8,41,0,0.5849109292030334,0.41278764605522156,1,0,1,1,0
weak,1,XGBoost,0.2,0.8,74,0,0.574280321598053,0.4507480561733246,1,0,1,1,0
weak,1,XGBoost,0.2,0.8,58,0,0.4860338568687439,0.7656009197235107,0,1,1,0,1
weak,1,XGBoost,0.3,0.7,113,1,0.5373103022575378,0.9849559664726257,1,1,0,0,0
weak,1,XGBoost,0.3,0.7,91,0,0.6554703116416931,0.36685970425605774,1,0,1,1,0
weak,1,XGBoost,0.3,0.7,59,0,0.4428994059562683,0.055049363523721695,0,0,0,0,0
weak,1,XGBoost,0.3,0.7,122,1,0.48920994997024536,0.9383367896080017,0,1,1,1,0
weak,1,XGBoost,0.3,0.7,84,0,0.4789549708366394,0.7295249104499817,0,1,1,0,1
weak,1,XGBoost,0.3,0.7,87,0,0.5255424380302429,0.3930251896381378,1,0,1,1,0
weak,1,XGBoost,0.3,0.7,146,1,0.6051507592201233,0.43247881531715393,1,0,1,0,1
weak,1,XGBoost,0.3,0.7,104,1,0.31114768981933594,0.8999859690666199,0,1,1,1,0
weak,1,XGBoost,0.3,0.7,41,0,0.5849109292030334,0.41278764605522156,1,0,1,1,0
weak,1,XGBoost,0.3,0.7,74,0,0.574280321598053,0.4507480561733246,1,0,1,1,0
weak,1,XGBoost,0.3,0.7,58,0,0.4860338568687439,0.7656009197235107,0,1,1,0,1
weak,1,XGBoost,0.4,0.6,113,1,0.5373103022575378,0.9849559664726257,1,1,0,0,0
weak,1,XGBoost,0.4,0.6,59,0,0.4428994059562683,0.055049363523721695,0,0,0,0,0
weak,1,XGBoost,0.4,0.6,122,1,0.48920994997024536,0.9383367896080017,0,1,1,1,0
weak,1,XGBoost,0.4,0.6,84,0,0.4789549708366394,0.7295249104499817,0,1,1,0,1
weak,1,XGBoost,0.4,0.6,87,0,0.5255424380302429,0.3930251896381378,1,0,1,1,0
weak,1,XGBoost,0.4,0.6,41,0,0.5849109292030334,0.41278764605522156,1,0,1,1,0
weak,1,XGBoost,0.4,0.6,74,0,0.574280321598053,0.4507480561733246,1,0,1,1,0
weak,1,XGBoost,0.4,0.6,58,0,0.4860338568687439,0.7656009197235107,0,1,1,0,1
weak,2,Logistic Regression,0.2,0.8,157,1,0.7458433033402605,0.9576445229148266,1,1,0,0,0
weak,2,Logistic Regression,0.2,0.8,173,1,0.6788259398547465,0.9931042454483795,1,1,0,0,0
weak,2,Logistic Regression,0.2,0.8,95,0,0.2640901241151147,0.1570202567196098,0,0,0,0,0
weak,2,Logistic Regression,0.2,0.8,0,0,0.2646017075616741,0.017354499923483917,0,0,0,0,0
weak,2,Logistic Regression,0.2,0.8,185,1,0.5219764799708545,0.809104035991581,1,1,0,0,0
weak,2,Logistic Regression,0.2,0.8,47,0,0.7325684817089304,0.6390729780300533,1,1,0,0,0
weak,2,Logistic Regression,0.2,0.8,116,1,0.3814767481333757,0.4247580075357065,0,0,0,0,0
weak,2,Logistic Regression,0.2,0.8,154,1,0.6734133885391644,0.8452036764610222,1,1,0,0,0
weak,2,Logistic Regression,0.2,0.8,181,1,0.369144314447231,0.9856541508352918,0,1,1,1,0
weak,2,Logistic Regression,0.2,0.8,112,1,0.7083615324071096,0.3856556358694048,1,0,1,0,1
weak,2,Logistic Regression,0.2,0.8,135,1,0.7102537972539231,0.9418855557502209,1,1,0,0,0
weak,2,Logistic Regression,0.2,0.8,39,0,0.3819345267512786,0.07868389599487716,0,0,0,0,0
weak,2,Logistic Regression,0.2,0.8,54,0,0.5745720899120963,0.010757205681366663,1,0,1,1,0
weak,2,Logistic Regression,0.2,0.8,189,1,0.37234938885882163,0.9680028372360567,0,1,1,1,0
weak,2,Logistic Regression,0.2,0.8,80,0,0.27968238473456436,0.006857224596081543,0,0,0,0,0
weak,2,Logistic Regression,0.2,0.8,16,0,0.7097304929695207,0.9565448959349475,1,1,0,0,0
weak,2,Logistic Regression,0.2,0.8,90,0,0.23898343094889068,0.00968579739038298,0,0,0,0,0
weak,2,Logistic Regression,0.2,0.8,191,1,0.5485936888403167,0.9776599617082228,1,1,0,0,0
weak,2,Logistic Regression,0.2,0.8,178,1,0.43262026805836734,0.9283285301693722,0,1,1,1,0
weak,2,Logistic Regression,0.2,0.8,33,0,0.4325728851439372,0.710786754871496,0,1,1,0,1
weak,2,Logistic Regression,0.2,0.8,163,1,0.5617663143934495,0.5122935184282973,1,1,0,0,0
weak,2,Logistic Regression,0.2,0.8,129,1,0.6807852262184635,0.8213863098943428,1,1,0,0,0
weak,2,Logistic Regression,0.2,0.8,29,0,0.7308336858795452,0.08095245424838603,1,0,1,1,0
weak,2,Logistic Regression,0.2,0.8,188,1,0.5305868603050068,0.9876331992037595,1,1,0,0,0
weak,2,Logistic Regression,0.2,0.8,12,0,0.3442079425520606,0.14023992540115032,0,0,0,0,0
weak,2,Logistic Regression,0.2,0.8,92,0,0.7434322570700421,0.4710817692622079,1,0,1,1,0
weak,2,Logistic Regression,0.2,0.8,122,1,0.31753758019632183,0.9956012795031581,0,1,1,1,0
weak,2,Logistic Regression,0.2,0.8,57,0,0.41300858973718707,0.795204404507118,0,1,1,0,1
weak,2,Logistic Regression,0.2,0.8,172,1,0.4614562558719173,0.7815347324334808,0,1,1,1,0
weak,2,Logistic Regression,0.2,0.8,99,0,0.2033475420752411,0.07751113077188304,0,0,0,0,0
weak,2,Logistic Regression,0.2,0.8,136,1,0.3613390884526123,0.04948459861652292,0,0,0,0,0
weak,2,Logistic Regression,0.2,0.8,82,0,0.31974873126358244,0.5967690360775061,0,1,1,0,1
weak,2,Logistic Regression,0.2,0.8,21,0,0.49517577919051037,0.047053453518493465,0,0,0,0,0
weak,2,Logistic Regression,0.2,0.8,11,0,0.5282829966097173,0.1389569218409632,1,0,1,1,0
weak,2,Logistic Regression,0.2,0.8,62,0,0.26977093274650704,0.013296986019577907,0,0,0,0,0
weak,2,Logistic Regression,0.2,0.8,111,1,0.7934652784250232,0.973947460546982,1,1,0,0,0
weak,2,Logistic Regression,0.2,0.8,8,0,0.29282765953332823,0.033093682726713425,0,0,0,0,0
weak,2,Logistic Regression,0.2,0.8,18,0,0.3079100044912987,0.07961770505462663,0,0,0,0,0
weak,2,Logistic Regression,0.2,0.8,109,1,0.24714656196367307,0.4239739192510465,0,0,0,0,0
weak,2,Logistic Regression,0.2,0.8,98,0,0.2921284933524926,0.06581277430025204,0,0,0,0,0
weak,2,Logistic Regression,0.2,0.8,63,0,0.4423197304595934,0.15590136688325248,0,0,0,0,0
weak,2,Logistic Regression,0.2,0.8,148,1,0.7833493742205098,0.4720175268672725,1,0,1,0,1
weak,2,Logistic Regression,0.2,0.8,66,0,0.5870739227580544,0.9813084210566384,1,1,0,0,0
weak,2,Logistic Regression,0.2,0.8,88,0,0.5311377545428115,0.1807349350044078,1,0,1,1,0
weak,2,Logistic Regression,0.2,0.8,120,1,0.3272621141903073,0.2379297025917957,0,0,0,0,0
weak,2,Logistic Regression,0.2,0.8,68,0,0.7974285206513706,0.5412232964294215,1,1,0,0,0
weak,2,Logistic Regression,0.2,0.8,167,1,0.7297227666723421,0.9274301945040435,1,1,0,0,0
weak,2,Logistic Regression,0.2,0.8,174,1,0.780831631517569,0.9745595280622986,1,1,0,0,0
weak,2,Logistic Regression,0.2,0.8,179,1,0.7839082040835478,0.8922516687580705,1,1,0,0,0
weak,2,Logistic Regression,0.2,0.8,133,1,0.7718806568290717,0.965714427720285,1,1,0,0,0
weak,2,Logistic Regression,0.2,0.8,15,0,0.7805592326052971,0.8438410112999067,1,1,0,0,0
weak,2,Logistic Regression,0.2,0.8,161,1,0.6659471995389646,0.4710173723096379,1,0,1,0,1
weak,2,Logistic Regression,0.3,0.7,173,1,0.6788259398547465,0.9931042454483795,1,1,0,0,0
weak,2,Logistic Regression,0.3,0.7,185,1,0.5219764799708545,0.809104035991581,1,1,0,0,0
weak,2,Logistic Regression,0.3,0.7,116,1,0.3814767481333757,0.4247580075357065,0,0,0,0,0
weak,2,Logistic Regression,0.3,0.7,154,1,0.6734133885391644,0.8452036764610222,1,1,0,0,0
weak,2,Logistic Regression,0.3,0.7,181,1,0.369144314447231,0.9856541508352918,0,1,1,1,0
weak,2,Logistic Regression,0.3,0.7,39,0,0.3819345267512786,0.07868389599487716,0,0,0,0,0
weak,2,Logistic Regression,0.3,0.7,54,0,0.5745720899120963,0.010757205681366663,1,0,1,1,0
weak,2,Logistic Regression,0.3,0.7,189,1,0.37234938885882163,0.9680028372360567,0,1,1,1,0
weak,2,Logistic Regression,0.3,0.7,191,1,0.5485936888403167,0.9776599617082228,1,1,0,0,0
weak,2,Logistic Regression,0.3,0.7,178,1,0.43262026805836734,0.9283285301693722,0,1,1,1,0
weak,2,Logistic Regression,0.3,0.7,33,0,0.4325728851439372,0.710786754871496,0,1,1,0,1
weak,2,Logistic Regression,0.3,0.7,163,1,0.5617663143934495,0.5122935184282973,1,1,0,0,0
weak,2,Logistic Regression,0.3,0.7,129,1,0.6807852262184635,0.8213863098943428,1,1,0,0,0
weak,2,Logistic Regression,0.3,0.7,188,1,0.5305868603050068,0.9876331992037595,1,1,0,0,0
weak,2,Logistic Regression,0.3,0.7,12,0,0.3442079425520606,0.14023992540115032,0,0,0,0,0
weak,2,Logistic Regression,0.3,0.7,122,1,0.31753758019632183,0.9956012795031581,0,1,1,1,0
weak,2,Logistic Regression,0.3,0.7,57,0,0.41300858973718707,0.795204404507118,0,1,1,0,1
weak,2,Logistic Regression,0.3,0.7,172,1,0.4614562558719173,0.7815347324334808,0,1,1,1,0
weak,2,Logistic Regression,0.3,0.7,136,1,0.3613390884526123,0.04948459861652292,0,0,0,0,0
weak,2,Logistic Regression,0.3,0.7,82,0,0.31974873126358244,0.5967690360775061,0,1,1,0,1
weak,2,Logistic Regression,0.3,0.7,21,0,0.49517577919051037,0.047053453518493465,0,0,0,0,0
weak,2,Logistic Regression,0.3,0.7,11,0,0.5282829966097173,0.1389569218409632,1,0,1,1,0
weak,2,Logistic Regression,0.3,0.7,18,0,0.3079100044912987,0.07961770505462663,0,0,0,0,0
weak,2,Logistic Regression,0.3,0.7,63,0,0.4423197304595934,0.15590136688325248,0,0,0,0,0
weak,2,Logistic Regression,0.3,0.7,66,0,0.5870739227580544,0.9813084210566384,1,1,0,0,0
weak,2,Logistic Regression,0.3,0.7,88,0,0.5311377545428115,0.1807349350044078,1,0,1,1,0
weak,2,Logistic Regression,0.3,0.7,120,1,0.3272621141903073,0.2379297025917957,0,0,0,0,0
weak,2,Logistic Regression,0.3,0.7,161,1,0.6659471995389646,0.4710173723096379,1,0,1,0,1
weak,2,Logistic Regression,0.4,0.6,185,1,0.5219764799708545,0.809104035991581,1,1,0,0,0
weak,2,Logistic Regression,0.4,0.6,54,0,0.5745720899120963,0.010757205681366663,1,0,1,1,0
weak,2,Logistic Regression,0.4,0.6,191,1,0.5485936888403167,0.9776599617082228,1,1,0,0,0
weak,2,Logistic Regression,0.4,0.6,178,1,0.43262026805836734,0.9283285301693722,0,1,1,1,0
weak,2,Logistic Regression,0.4,0.6,33,0,0.4325728851439372,0.710786754871496,0,1,1,0,1
weak,2,Logistic Regression,0.4,0.6,163,1,0.5617663143934495,0.5122935184282973,1,1,0,0,0
weak,2,Logistic Regression,0.4,0.6,188,1,0.5305868603050068,0.9876331992037595,1,1,0,0,0
weak,2,Logistic Regression,0.4,0.6,57,0,0.41300858973718707,0.795204404507118,0,1,1,0,1
weak,2,Logistic Regression,0.4,0.6,172,1,0.4614562558719173,0.7815347324334808,0,1,1,1,0
weak,2,Logistic Regression,0.4,0.6,21,0,0.49517577919051037,0.047053453518493465,0,0,0,0,0
weak,2,Logistic Regression,0.4,0.6,11,0,0.5282829966097173,0.1389569218409632,1,0,1,1,0
weak,2,Logistic Regression,0.4,0.6,63,0,0.4423197304595934,0.15590136688325248,0,0,0,0,0
weak,2,Logistic Regression,0.4,0.6,66,0,0.5870739227580544,0.9813084210566384,1,1,0,0,0
weak,2,Logistic Regression,0.4,0.6,88,0,0.5311377545428115,0.1807349350044078,1,0,1,1,0
weak,2,Random Forest,0.2,0.8,157,1,0.75,0.78,1,1,0,0,0
weak,2,Random Forest,0.2,0.8,173,1,0.76,0.71,1,1,0,0,0
weak,2,Random Forest,0.2,0.8,185,1,0.78,0.78,1,1,0,0,0
weak,2,Random Forest,0.2,0.8,47,0,0.5,0.56,1,1,0,0,0
weak,2,Random Forest,0.2,0.8,116,1,0.47,0.62,0,1,1,1,0
weak,2,Random Forest,0.2,0.8,154,1,0.52,0.44,1,0,1,0,1
weak,2,Random Forest,0.2,0.8,181,1,0.74,0.84,1,1,0,0,0
weak,2,Random Forest,0.2,0.8,22,0,0.24,0.33,0,0,0,0,0
weak,2,Random Forest,0.2,0.8,39,0,0.28,0.31,0,0,0,0,0
weak,2,Random Forest,0.2,0.8,189,1,0.56,0.78,1,1,0,0,0
weak,2,Random Forest,0.2,0.8,16,0,0.64,0.57,1,1,0,0,0
weak,2,Random Forest,0.2,0.8,123,1,0.46,0.66,0,1,1,1,0
weak,2,Random Forest,0.2,0.8,178,1,0.75,0.75,1,1,0,0,0
weak,2,Random Forest,0.2,0.8,33,0,0.24,0.34,0,0,0,0,0
weak,2,Random Forest,0.2,0.8,163,1,0.66,0.62,1,1,0,0,0
weak,2,Random Forest,0.2,0.8,129,1,0.72,0.64,1,1,0,0,0
weak,2,Random Forest,0.2,0.8,29,0,0.34,0.23,0,0,0,0,0
weak,2,Random Forest,0.2,0.8,188,1,0.65,0.83,1,1,0,0,0
weak,2,Random Forest,0.2,0.8,60,0,0.21,0.36,0,0,0,0,0
weak,2,Random Forest,0.2,0.8,12,0,0.27,0.2,0,0,0,0,0
weak,2,Random Forest,0.2,0.8,122,1,0.6,0.68,1,1,0,0,0
weak,2,Random Forest,0.2,0.8,128,1,0.61,0.76,1,1,0,0,0
weak,2,Random Forest,0.2,0.8,172,1,0.66,0.71,1,1,0,0,0
weak,2,Random Forest,0.2,0.8,190,1,0.71,0.78,1,1,0,0,0
weak,2,Random Forest,0.2,0.8,106,1,0.75,0.66,1,1,0,0,0
weak,2,Random Forest,0.2,0.8,136,1,0.58,0.48,1,0,1,0,1
weak,2,Random Forest,0.2,0.8,82,0,0.21,0.16,0,0,0,0,0
weak,2,Random Forest,0.2,0.8,8,0,0.21,0.24,0,0,0,0,0
weak,2,Random Forest,0.2,0.8,18,0,0.23,0.24,0,0,0,0,0
weak,2,Random Forest,0.2,0.8,61,0,0.21,0.25,0,0,0,0,0
weak,2,Random Forest,0.2,0.8,109,1,0.5,0.64,1,1,0,0,0
weak,2,Random Forest,0.2,0.8,98,0,0.3,0.15,0,0,0,0,0
weak,2,Random Forest,0.2,0.8,63,0,0.3,0.41,0,0,0,0,0
weak,2,Random Forest,0.2,0.8,148,1,0.66,0.63,1,1,0,0,0
weak,2,Random Forest,0.2,0.8,66,0,0.45,0.75,0,1,1,0,1
weak,2,Random Forest,0.2,0.8,88,0,0.62,0.32,1,0,1,1,0
weak,2,Random Forest,0.2,0.8,120,1,0.58,0.59,1,1,0,0,0
weak,2,Random Forest,0.2,0.8,68,0,0.59,0.52,1,1,0,0,0
weak,2,Random Forest,0.2,0.8,167,1,0.73,0.63,1,1,0,0,0
weak,2,Random Forest,0.2,0.8,174,1,0.71,0.9,1,1,0,0,0
weak,2,Random Forest,0.2,0.8,179,1,0.6,0.64,1,1,0,0,0
weak,2,Random Forest,0.2,0.8,133,1,0.64,0.71,1,1,0,0,0
weak,2,Random Forest,0.2,0.8,15,0,0.6,0.61,1,1,0,0,0
weak,2,Random Forest,0.3,0.7,47,0,0.5,0.56,1,1,0,0,0
weak,2,Random Forest,0.3,0.7,116,1,0.47,0.62,0,1,1,1,0
weak,2,Random Forest,0.3,0.7,154,1,0.52,0.44,1,0,1,0,1
weak,2,Random Forest,0.3,0.7,189,1,0.56,0.78,1,1,0,0,0
weak,2,Random Forest,0.3,0.7,16,0,0.64,0.57,1,1,0,0,0
weak,2,Random Forest,0.3,0.7,123,1,0.46,0.66,0,1,1,1,0
weak,2,Random Forest,0.3,0.7,163,1,0.66,0.62,1,1,0,0,0
weak,2,Random Forest,0.3,0.7,29,0,0.34,0.23,0,0,0,0,0
weak,2,Random Forest,0.3,0.7,188,1,0.65,0.83,1,1,0,0,0
weak,2,Random Forest,0.3,0.7,122,1,0.6,0.68,1,1,0,0,0
weak,2,Random Forest,0.3,0.7,128,1,0.61,0.76,1,1,0,0,0
weak,2,Random Forest,0.3,0.7,172,1,0.66,0.71,1,1,0,0,0
weak,2,Random Forest,0.3,0.7,136,1,0.58,0.48,1,0,1,0,1
weak,2,Random Forest,0.3,0.7,109,1,0.5,0.64,1,1,0,0,0
weak,2,Random Forest,0.3,0.7,148,1,0.66,0.63,1,1,0,0,0
weak,2,Random Forest,0.3,0.7,66,0,0.45,0.75,0,1,1,0,1
weak,2,Random Forest,0.3,0.7,88,0,0.62,0.32,1,0,1,1,0
weak,2,Random Forest,0.3,0.7,120,1,0.58,0.59,1,1,0,0,0
weak,2,Random Forest,0.3,0.7,68,0,0.59,0.52,1,1,0,0,0
weak,2,Random Forest,0.3,0.7,179,1,0.6,0.64,1,1,0,0,0
weak,2,Random Forest,0.3,0.7,133,1,0.64,0.71,1,1,0,0,0
weak,2,Random Forest,0.3,0.7,15,0,0.6,0.61,1,1,0,0,0
weak,2,Random Forest,0.4,0.6,47,0,0.5,0.56,1,1,0,0,0
weak,2,Random Forest,0.4,0.6,116,1,0.47,0.62,0,1,1,1,0
weak,2,Random Forest,0.4,0.6,154,1,0.52,0.44,1,0,1,0,1
weak,2,Random Forest,0.4,0.6,189,1,0.56,0.78,1,1,0,0,0
weak,2,Random Forest,0.4,0.6,123,1,0.46,0.66,0,1,1,1,0
weak,2,Random Forest,0.4,0.6,136,1,0.58,0.48,1,0,1,0,1
weak,2,Random Forest,0.4,0.6,109,1,0.5,0.64,1,1,0,0,0
weak,2,Random Forest,0.4,0.6,66,0,0.45,0.75,0,1,1,0,1
weak,2,Random Forest,0.4,0.6,120,1,0.58,0.59,1,1,0,0,0
weak,2,Random Forest,0.4,0.6,68,0,0.59,0.52,1,1,0,0,0
weak,2,XGBoost,0.2,0.8,173,1,0.7190796732902527,0.5519785284996033,1,1,0,0,0
weak,2,XGBoost,0.2,0.8,47,0,0.4673635959625244,0.3032420873641968,0,0,0,0,0
weak,2,XGBoost,0.2,0.8,116,1,0.3826453387737274,0.4026302397251129,0,0,0,0,0
weak,2,XGBoost,0.2,0.8,154,1,0.5867242813110352,0.5140713453292847,1,1,0,0,0
weak,2,XGBoost,0.2,0.8,181,1,0.6838414072990417,0.9239394664764404,1,1,0,0,0
weak,2,XGBoost,0.2,0.8,189,1,0.6615915894508362,0.8892228007316589,1,1,0,0,0
weak,2,XGBoost,0.2,0.8,16,0,0.7850635647773743,0.809097170829773,1,1,0,0,0
weak,2,XGBoost,0.2,0.8,123,1,0.2748277187347412,0.7971431016921997,0,1,1,1,0
weak,2,XGBoost,0.2,0.8,163,1,0.7558754086494446,0.632239580154419,1,1,0,0,0
weak,2,XGBoost,0.2,0.8,12,0,0.23142164945602417,0.14397338032722473,0,0,0,0,0
weak,2,XGBoost,0.2,0.8,136,1,0.4057099521160126,0.13468442857265472,0,0,0,0,0
weak,2,XGBoost,0.2,0.8,61,0,0.20176385343074799,0.04522952064871788,0,0,0,0,0
weak,2,XGBoost,0.2,0.8,109,1,0.7210466861724854,0.8832741975784302,1,1,0,0,0
weak,2,XGBoost,0.2,0.8,66,0,0.6721957921981812,0.9577397704124451,1,1,0,0,0
weak,2,XGBoost,0.2,0.8,88,0,0.7337464094161987,0.11567028611898422,1,0,1,1,0
weak,2,XGBoost,0.2,0.8,68,0,0.3443259000778198,0.3273986279964447,0,0,0,0,0
weak,2,XGBoost,0.2,0.8,179,1,0.6562575101852417,0.6224835515022278,1,1,0,0,0
weak,2,XGBoost,0.2,0.8,15,0,0.5038915276527405,0.9196613430976868,1,1,0,0,0
weak,2,XGBoost,0.3,0.7,47,0,0.4673635959625244,0.3032420873641968,0,0,0,0,0
weak,2,XGBoost,0.3,0.7,116,1,0.3826453387737274,0.4026302397251129,0,0,0,0,0
weak,2,XGBoost,0.3,0.7,154,1,0.5867242813110352,0.5140713453292847,1,1,0,0,0
weak,2,XGBoost,0.3,0.7,181,1,0.6838414072990417,0.9239394664764404,1,1,0,0,0
weak,2,XGBoost,0.3,0.7,189,1,0.6615915894508362,0.8892228007316589,1,1,0,0,0
weak,2,XGBoost,0.3,0.7,136,1,0.4057099521160126,0.13468442857265472,0,0,0,0,0
weak,2,XGBoost,0.3,0.7,66,0,0.6721957921981812,0.9577397704124451,1,1,0,0,0
weak,2,XGBoost,0.3,0.7,68,0,0.3443259000778198,0.3273986279964447,0,0,0,0,0
weak,2,XGBoost,0.3,0.7,179,1,0.6562575101852417,0.6224835515022278,1,1,0,0,0
weak,2,XGBoost,0.3,0.7,15,0,0.5038915276527405,0.9196613430976868,1,1,0,0,0
weak,2,XGBoost,0.4,0.6,47,0,0.4673635959625244,0.3032420873641968,0,0,0,0,0
weak,2,XGBoost,0.4,0.6,154,1,0.5867242813110352,0.5140713453292847,1,1,0,0,0
weak,2,XGBoost,0.4,0.6,136,1,0.4057099521160126,0.13468442857265472,0,0,0,0,0
weak,2,XGBoost,0.4,0.6,15,0,0.5038915276527405,0.9196613430976868,1,1,0,0,0
weak,3,Logistic Regression,0.2,0.8,102,1,0.5611525630618351,0.9807016754409417,1,1,0,0,0
weak,3,Logistic Regression,0.2,0.8,21,0,0.36646563911441954,0.08120951004918243,0,0,0,0,0
weak,3,Logistic Regression,0.2,0.8,174,1,0.7828063769537881,0.9983200821815673,1,1,0,0,0
weak,3,Logistic Regression,0.2,0.8,120,1,0.2608232240270808,0.11621267114366969,0,0,0,0,0
weak,3,Logistic Regression,0.2,0.8,121,1,0.4122718489383002,0.05452423920915971,0,0,0,0,0
weak,3,Logistic Regression,0.2,0.8,185,1,0.4752416766009739,0.6735127585088512,0,1,1,1,0
weak,3,Logistic Regression,0.2,0.8,173,1,0.43086489610733103,0.99755678919339,0,1,1,1,0
weak,3,Logistic Regression,0.2,0.8,152,1,0.7673461127404726,0.8180306456520658,1,1,0,0,0
weak,3,Logistic Regression,0.2,0.8,69,0,0.7852199196032368,0.9962174625780278,1,1,0,0,0
weak,3,Logistic Regression,0.2,0.8,55,0,0.3574383883510709,0.7316154404055755,0,1,1,0,1
weak,3,Logistic Regression,0.2,0.8,31,0,0.4951746259022221,0.6665387960539345,0,1,1,0,1
weak,3,Logistic Regression,0.2,0.8,49,0,0.3783591405037449,0.13408721116022704,0,0,0,0,0
weak,3,Logistic Regression,0.2,0.8,77,0,0.3719716941098772,0.07289628432301544,0,0,0,0,0
weak,3,Logistic Regression,0.2,0.8,135,1,0.745168938400279,0.9681921685447946,1,1,0,0,0
weak,3,Logistic Regression,0.2,0.8,158,1,0.5003177543194609,0.9210622514828809,1,1,0,0,0
weak,3,Logistic Regression,0.2,0.8,15,0,0.7919434367198077,0.9293596933634874,1,1,0,0,0
weak,3,Logistic Regression,0.2,0.8,161,1,0.6233452616334275,0.6044222043478141,1,1,0,0,0
weak,3,Logistic Regression,0.2,0.8,139,1,0.5776820576238657,0.9606421368673305,1,1,0,0,0
weak,3,Logistic Regression,0.2,0.8,90,0,0.4055426778378593,0.013143370477182078,0,0,0,0,0
weak,3,Logistic Regression,0.2,0.8,42,0,0.22382326316611814,0.18964715297579496,0,0,0,0,0
weak,3,Logistic Regression,0.2,0.8,108,1,0.5366026302802827,0.3142409658820983,1,0,1,0,1
weak,3,Logistic Regression,0.2,0.8,183,1,0.38447541874889785,0.8157977477514785,0,1,1,1,0
weak,3,Logistic Regression,0.2,0.8,3,0,0.2553744390342068,0.0054351911136123945,0,0,0,0,0
weak,3,Logistic Regression,0.2,0.8,187,1,0.7900345473995322,0.986926535611496,1,1,0,0,0
weak,3,Logistic Regression,0.2,0.8,195,1,0.7720345516359375,0.8810882662611839,1,1,0,0,0
weak,3,Logistic Regression,0.2,0.8,74,0,0.46775082255548517,0.15032784074548045,0,0,0,0,0
weak,3,Logistic Regression,0.2,0.8,165,1,0.7295437805698486,0.9398126161001067,1,1,0,0,0
weak,3,Logistic Regression,0.2,0.8,81,0,0.22689477626381052,0.010845559131054847,0,0,0,0,0
weak,3,Logistic Regression,0.2,0.8,192,1,0.3680478630963116,0.9665642745441253,0,1,1,1,0
weak,3,Logistic Regression,0.2,0.8,125,1,0.5770697430585354,0.9991677700416616,1,1,0,0,0
weak,3,Logistic Regression,0.2,0.8,98,0,0.2640141689019951,0.066253928190458,0,0,0,0,0
weak,3,Logistic Regression,0.2,0.8,199,1,0.5823742046951815,0.7920082758848599,1,1,0,0,0
weak,3,Logistic Regression,0.2,0.8,54,0,0.5187833594914695,0.001060584497439216,1,0,1,1,0
weak,3,Logistic Regression,0.2,0.8,41,0,0.4182794274176673,0.29828025422597465,0,0,0,0,0
weak,3,Logistic Regression,0.2,0.8,0,0,0.23012565396981313,0.01836596892618034,0,0,0,0,0
weak,3,Logistic Regression,0.2,0.8,50,0,0.5842268620532077,0.2620910354242671,1,0,1,1,0
weak,3,Logistic Regression,0.2,0.8,151,1,0.6007705803103865,0.819402534977199,1,1,0,0,0
weak,3,Logistic Regression,0.2,0.8,94,0,0.290401639943172,0.5261408878290609,0,1,1,0,1
weak,3,Logistic Regression,0.2,0.8,105,1,0.5825780451838196,0.43537442977151447,1,0,1,0,1
weak,3,Logistic Regression,0.2,0.8,181,1,0.43221921914468353,0.9914526884030822,0,1,1,1,0
weak,3,Logistic Regression,0.2,0.8,154,1,0.6158303735066954,0.8412708928634969,1,1,0,0,0
weak,3,Logistic Regression,0.2,0.8,79,0,0.6647182765858933,0.6314238432098148,1,1,0,0,0
weak,3,Logistic Regression,0.2,0.8,169,1,0.772820379522822,0.9889895970740967,1,1,0,0,0
weak,3,Logistic Regression,0.2,0.8,163,1,0.4177287078350588,0.6860003718738882,0,1,1,1,0
weak,3,Logistic Regression,0.3,0.7,102,1,0.5611525630618351,0.9807016754409417,1,1,0,0,0
weak,3,Logistic Regression,0.3,0.7,21,0,0.36646563911441954,0.08120951004918243,0,0,0,0,0
weak,3,Logistic Regression,0.3,0.7,121,1,0.4122718489383002,0.05452423920915971,0,0,0,0,0
weak,3,Logistic Regression,0.3,0.7,185,1,0.4752416766009739,0.6735127585088512,0,1,1,1,0
weak,3,Logistic Regression,0.3,0.7,173,1,0.43086489610733103,0.99755678919339,0,1,1,1,0
weak,3,Logistic Regression,0.3,0.7,55,0,0.3574383883510709,0.7316154404055755,0,1,1,0,1
weak,3,Logistic Regression,0.3,0.7,31,0,0.4951746259022221,0.6665387960539345,0,1,1,0,1
weak,3,Logistic Regression,0.3,0.7,49,0,0.3783591405037449,0.13408721116022704,0,0,0,0,0
weak,3,Logistic Regression,0.3,0.7,77,0,0.3719716941098772,0.07289628432301544,0,0,0,0,0
weak,3,Logistic Regression,0.3,0.7,158,1,0.5003177543194609,0.9210622514828809,1,1,0,0,0
weak,3,Logistic Regression,0.3,0.7,161,1,0.6233452616334275,0.6044222043478141,1,1,0,0,0
weak,3,Logistic Regression,0.3,0.7,139,1,0.5776820576238657,0.9606421368673305,1,1,0,0,0
weak,3,Logistic Regression,0.3,0.7,90,0,0.4055426778378593,0.013143370477182078,0,0,0,0,0
weak,3,Logistic Regression,0.3,0.7,108,1,0.5366026302802827,0.3142409658820983,1,0,1,0,1
weak,3,Logistic Regression,0.3,0.7,183,1,0.38447541874889785,0.8157977477514785,0,1,1,1,0
weak,3,Logistic Regression,0.3,0.7,74,0,0.46775082255548517,0.15032784074548045,0,0,0,0,0
weak,3,Logistic Regression,0.3,0.7,192,1,0.3680478630963116,0.9665642745441253,0,1,1,1,0
weak,3,Logistic Regression,0.3,0.7,125,1,0.5770697430585354,0.9991677700416616,1,1,0,0,0
weak,3,Logistic Regression,0.3,0.7,199,1,0.5823742046951815,0.7920082758848599,1,1,0,0,0
weak,3,Logistic Regression,0.3,0.7,54,0,0.5187833594914695,0.001060584497439216,1,0,1,1,0
weak,3,Logistic Regression,0.3,0.7,41,0,0.4182794274176673,0.29828025422597465,0,0,0,0,0
weak,3,Logistic Regression,0.3,0.7,50,0,0.5842268620532077,0.2620910354242671,1,0,1,1,0
weak,3,Logistic Regression,0.3,0.7,151,1,0.6007705803103865,0.819402534977199,1,1,0,0,0
weak,3,Logistic Regression,0.3,0.7,105,1,0.5825780451838196,0.43537442977151447,1,0,1,0,1
weak,3,Logistic Regression,0.3,0.7,181,1,0.43221921914468353,0.9914526884030822,0,1,1,1,0
weak,3,Logistic Regression,0.3,0.7,154,1,0.6158303735066954,0.8412708928634969,1,1,0,0,0
weak,3,Logistic Regression,0.3,0.7,79,0,0.6647182765858933,0.6314238432098148,1,1,0,0,0
weak,3,Logistic Regression,0.3,0.7,163,1,0.4177287078350588,0.6860003718738882,0,1,1,1,0
weak,3,Logistic Regression,0.4,0.6,102,1,0.5611525630618351,0.9807016754409417,1,1,0,0,0
weak,3,Logistic Regression,0.4,0.6,121,1,0.4122718489383002,0.05452423920915971,0,0,0,0,0
weak,3,Logistic Regression,0.4,0.6,185,1,0.4752416766009739,0.6735127585088512,0,1,1,1,0
weak,3,Logistic Regression,0.4,0.6,173,1,0.43086489610733103,0.99755678919339,0,1,1,1,0
weak,3,Logistic Regression,0.4,0.6,31,0,0.4951746259022221,0.6665387960539345,0,1,1,0,1
weak,3,Logistic Regression,0.4,0.6,158,1,0.5003177543194609,0.9210622514828809,1,1,0,0,0
weak,3,Logistic Regression,0.4,0.6,139,1,0.5776820576238657,0.9606421368673305,1,1,0,0,0
weak,3,Logistic Regression,0.4,0.6,90,0,0.4055426778378593,0.013143370477182078,0,0,0,0,0
weak,3,Logistic Regression,0.4,0.6,108,1,0.5366026302802827,0.3142409658820983,1,0,1,0,1
weak,3,Logistic Regression,0.4,0.6,74,0,0.46775082255548517,0.15032784074548045,0,0,0,0,0
weak,3,Logistic Regression,0.4,0.6,125,1,0.5770697430585354,0.9991677700416616,1,1,0,0,0
weak,3,Logistic Regression,0.4,0.6,199,1,0.5823742046951815,0.7920082758848599,1,1,0,0,0
weak,3,Logistic Regression,0.4,0.6,54,0,0.5187833594914695,0.001060584497439216,1,0,1,1,0
weak,3,Logistic Regression,0.4,0.6,41,0,0.4182794274176673,0.29828025422597465,0,0,0,0,0
weak,3,Logistic Regression,0.4,0.6,50,0,0.5842268620532077,0.2620910354242671,1,0,1,1,0
weak,3,Logistic Regression,0.4,0.6,105,1,0.5825780451838196,0.43537442977151447,1,0,1,0,1
weak,3,Logistic Regression,0.4,0.6,181,1,0.43221921914468353,0.9914526884030822,0,1,1,1,0
weak,3,Logistic Regression,0.4,0.6,163,1,0.4177287078350588,0.6860003718738882,0,1,1,1,0
weak,3,Random Forest,0.2,0.8,102,1,0.78,0.61,1,1,0,0,0
weak,3,Random Forest,0.2,0.8,120,1,0.68,0.56,1,1,0,0,0
weak,3,Random Forest,0.2,0.8,121,1,0.71,0.59,1,1,0,0,0
weak,3,Random Forest,0.2,0.8,60,0,0.31,0.46,0,0,0,0,0
weak,3,Random Forest,0.2,0.8,173,1,0.7,0.55,1,1,0,0,0
weak,3,Random Forest,0.2,0.8,69,0,0.21,0.43,0,0,0,0,0
weak,3,Random Forest,0.2,0.8,31,0,0.35,0.49,0,0,0,0,0
weak,3,Random Forest,0.2,0.8,158,1,0.7,0.69,1,1,0,0,0
weak,3,Random Forest,0.2,0.8,4,0,0.27,0.51,0,1,1,0,1
weak,3,Random Forest,0.2,0.8,15,0,0.51,0.71,1,1,0,0,0
weak,3,Random Forest,0.2,0.8,155,1,0.6,0.75,1,1,0,0,0
weak,3,Random Forest,0.2,0.8,139,1,0.77,0.74,1,1,0,0,0
weak,3,Random Forest,0.2,0.8,20,0,0.25,0.45,0,0,0,0,0
weak,3,Random Forest,0.2,0.8,108,1,0.75,0.51,1,1,0,0,0
weak,3,Random Forest,0.2,0.8,187,1,0.79,0.83,1,1,0,0,0
weak,3,Random Forest,0.2,0.8,22,0,0.24,0.18,0,0,0,0,0
weak,3,Random Forest,0.2,0.8,7,0,0.23,0.23,0,0,0,0,0
weak,3,Random Forest,0.2,0.8,165,1,0.78,0.71,1,1,0,0,0
weak,3,Random Forest,0.2,0.8,123,1,0.47,0.75,0,1,1,1,0
weak,3,Random Forest,0.2,0.8,125,1,0.74,0.78,1,1,0,0,0
weak,3,Random Forest,0.2,0.8,98,0,0.22,0.32,0,0,0,0,0
weak,3,Random Forest,0.2,0.8,66,0,0.49,0.75,0,1,1,0,1
weak,3,Random Forest,0.2,0.8,103,1,0.78,0.82,1,1,0,0,0
weak,3,Random Forest,0.2,0.8,199,1,0.66,0.76,1,1,0,0,0
weak,3,Random Forest,0.2,0.8,41,0,0.6,0.61,1,1,0,0,0
weak,3,Random Forest,0.2,0.8,130,1,0.77,0.8,1,1,0,0,0
weak,3,Random Forest,0.2,0.8,105,1,0.63,0.71,1,1,0,0,0
weak,3,Random Forest,0.2,0.8,181,1,0.68,0.85,1,1,0,0,0
weak,3,Random Forest,0.2,0.8,154,1,0.58,0.62,1,1,0,0,0
weak,3,Random Forest,0.2,0.8,79,0,0.71,0.6,1,1,0,0,0
weak,3,Random Forest,0.2,0.8,169,1,0.72,0.79,1,1,0,0,0
weak,3,Random Forest,0.2,0.8,163,1,0.73,0.75,1,1,0,0,0
weak,3,Random Forest,0.3,0.7,120,1,0.68,0.56,1,1,0,0,0
weak,3,Random Forest,0.3,0.7,60,0,0.31,0.46,0,0,0,0,0
weak,3,Random Forest,0.3,0.7,31,0,0.35,0.49,0,0,0,0,0
weak,3,Random Forest,0.3,0.7,15,0,0.51,0.71,1,1,0,0,0
weak,3,Random Forest,0.3,0.7,155,1,0.6,0.75,1,1,0,0,0
weak,3,Random Forest,0.3,0.7,123,1,0.47,0.75,0,1,1,1,0
weak,3,Random Forest,0.3,0.7,66,0,0.49,0.75,0,1,1,0,1
weak,3,Random Forest,0.3,0.7,199,1,0.66,0.76,1,1,0,0,0
weak,3,Random Forest,0.3,0.7,41,0,0.6,0.61,1,1,0,0,0
weak,3,Random Forest,0.3,0.7,105,1,0.63,0.71,1,1,0,0,0
weak,3,Random Forest,0.3,0.7,181,1,0.68,0.85,1,1,0,0,0
weak,3,Random Forest,0.3,0.7,154,1,0.58,0.62,1,1,0,0,0
weak,3,Random Forest,0.4,0.6,15,0,0.51,0.71,1,1,0,0,0
weak,3,Random Forest,0.4,0.6,123,1,0.47,0.75,0,1,1,1,0
weak,3,Random Forest,0.4,0.6,66,0,0.49,0.75,0,1,1,0,1
weak,3,Random Forest,0.4,0.6,154,1,0.58,0.62,1,1,0,0,0
weak,3,XGBoost,0.2,0.8,102,1,0.7629714012145996,0.6539751887321472,1,1,0,0,0
weak,3,XGBoost,0.2,0.8,121,1,0.7527973651885986,0.8019091486930847,1,1,0,0,0
weak,3,XGBoost,0.2,0.8,60,0,0.5952901840209961,0.7644056081771851,1,1,0,0,0
weak,3,XGBoost,0.2,0.8,31,0,0.4687337279319763,0.8350203633308411,0,1,1,0,1
weak,3,XGBoost,0.2,0.8,4,0,0.2926724851131439,0.652411699295044,0,1,1,0,1
weak,3,XGBoost,0.2,0.8,15,0,0.35554370284080505,0.8537958264350891,0,1,1,0,1
weak,3,XGBoost,0.2,0.8,155,1,0.6408032774925232,0.6733564734458923,1,1,0,0,0
weak,3,XGBoost,0.2,0.8,165,1,0.46204009652137756,0.695645272731781,0,1,1,1,0
weak,3,XGBoost,0.2,0.8,123,1,0.5328155755996704,0.9489437937736511,1,1,0,0,0
weak,3,XGBoost,0.2,0.8,66,0,0.6587672233581543,0.9953338503837585,1,1,0,0,0
weak,3,XGBoost,0.2,0.8,105,1,0.7137477397918701,0.7308475971221924,1,1,0,0,0
weak,3,XGBoost,0.2,0.8,181,1,0.6190518140792847,0.972459614276886,1,1,0,0,0
weak,3,XGBoost,0.2,0.8,79,0,0.5494446754455566,0.8222861289978027,1,1,0,0,0
weak,3,XGBoost,0.3,0.7,60,0,0.5952901840209961,0.7644056081771851,1,1,0,0,0
weak,3,XGBoost,0.3,0.7,31,0,0.4687337279319763,0.8350203633308411,0,1,1,0,1
weak,3,XGBoost,0.3,0.7,15,0,0.35554370284080505,0.8537958264350891,0,1,1,0,1
weak,3,XGBoost,0.3,0.7,155,1,0.6408032774925232,0.6733564734458923,1,1,0,0,0
weak,3,XGBoost,0.3,0.7,165,1,0.46204009652137756,0.695645272731781,0,1,1,1,0
weak,3,XGBoost,0.3,0.7,123,1,0.5328155755996704,0.9489437937736511,1,1,0,0,0
weak,3,XGBoost,0.3,0.7,66,0,0.6587672233581543,0.9953338503837585,1,1,0,0,0
weak,3,XGBoost,0.3,0.7,181,1,0.6190518140792847,0.972459614276886,1,1,0,0,0
weak,3,XGBoost,0.3,0.7,79,0,0.5494446754455566,0.8222861289978027,1,1,0,0,0
weak,3,XGBoost,0.4,0.6,60,0,0.5952901840209961,0.7644056081771851,1,1,0,0,0
weak,3,XGBoost,0.4,0.6,31,0,0.4687337279319763,0.8350203633308411,0,1,1,0,1
weak,3,XGBoost,0.4,0.6,165,1,0.46204009652137756,0.695645272731781,0,1,1,1,0
weak,3,XGBoost,0.4,0.6,123,1,0.5328155755996704,0.9489437937736511,1,1,0,0,0
weak,3,XGBoost,0.4,0.6,79,0,0.5494446754455566,0.8222861289978027,1,1,0,0,0
weak,4,Logistic Regression,0.2,0.8,62,0,0.46794732729010596,0.04562061643485945,0,0,0,0,0
weak,4,Logistic Regression,0.2,0.8,126,1,0.657160829231463,0.9771653145699527,1,1,0,0,0
weak,4,Logistic Regression,0.2,0.8,66,0,0.6371810558454647,0.8905205356001216,1,1,0,0,0
weak,4,Logistic Regression,0.2,0.8,137,1,0.6947098311925661,0.9007731779754833,1,1,0,0,0
weak,4,Logistic Regression,0.2,0.8,145,1,0.4807066640286972,0.17399348028545694,0,0,0,0,0
weak,4,Logistic Regression,0.2,0.8,184,1,0.5641545646940569,0.9707736697495274,1,1,0,0,0
weak,4,Logistic Regression,0.2,0.8,54,0,0.5437001510257732,0.004039110891870197,1,0,1,1,0
weak,4,Logistic Regression,0.2,0.8,79,0,0.668742758330357,0.4960092800059187,1,0,1,1,0
weak,4,Logistic Regression,0.2,0.8,31,0,0.7924622923799753,0.6525578605479876,1,1,0,0,0
weak,4,Logistic Regression,0.2,0.8,7,0,0.25977522516238954,0.001782919343615666,0,0,0,0,0
weak,4,Logistic Regression,0.2,0.8,199,1,0.4419306039006527,0.5503900102806693,0,1,1,1,0
weak,4,Logistic Regression,0.2,0.8,2,0,0.6393916146868808,0.004133839519485976,1,0,1,1,0
weak,4,Logistic Regression,0.2,0.8,28,0,0.2787311252661526,0.007873364452020729,0,0,0,0,0
weak,4,Logistic Regression,0.2,0.8,117,1,0.4598536465066441,0.7791680982898516,0,1,1,1,0
weak,4,Logistic Regression,0.2,0.8,82,0,0.40769804513936564,0.6616703285805581,0,1,1,0,1
weak,4,Logistic Regression,0.2,0.8,50,0,0.3793011699205641,0.12399429424600826,0,0,0,0,0
weak,4,Logistic Regression,0.2,0.8,197,1,0.5269352769906099,0.9941039174996363,1,1,0,0,0
weak,4,Logistic Regression,0.2,0.8,58,0,0.3825957089740262,0.515655696091427,0,1,1,0,1
weak,4,Logistic Regression,0.2,0.8,91,0,0.5558379470639639,0.02473342803412874,1,0,1,1,0
weak,4,Logistic Regression,0.2,0.8,141,1,0.40986236275846955,0.14310170278009515,0,0,0,0,0
weak,4,Logistic Regression,0.2,0.8,96,0,0.28841408769827614,0.040427105082056033,0,0,0,0,0
weak,4,Logistic Regression,0.2,0.8,71,0,0.5829125480118871,0.09684673996644026,1,0,1,1,0
weak,4,Logistic Regression,0.2,0.8,105,1,0.592444973654395,0.5731550719606513,1,1,0,0,0
weak,4,Logistic Regression,0.2,0.8,33,0,0.4387619922008029,0.6765037297618253,0,1,1,0,1
weak,4,Logistic Regression,0.2,0.8,109,1,0.3831833274960689,0.7299675318925506,0,1,1,1,0
weak,4,Logistic Regression,0.2,0.8,92,0,0.7690909989081928,0.6857233370762438,1,1,0,0,0
weak,4,Logistic Regression,0.2,0.8,49,0,0.4181076206373029,0.14138479307658267,0,0,0,0,0
weak,4,Logistic Regression,0.2,0.8,175,1,0.4708540557281689,0.956131265701725,0,1,1,1,0
weak,4,Logistic Regression,0.2,0.8,193,1,0.4055426099570426,0.27257492313648934,0,0,0,0,0
weak,4,Logistic Regression,0.2,0.8,93,0,0.25669044567870025,0.4574851561734294,0,0,0,0,0
weak,4,Logistic Regression,0.2,0.8,37,0,0.597962034407314,0.006415835848473956,1,0,1,1,0
weak,4,Logistic Regression,0.2,0.8,140,1,0.4347006760154417,0.6594315309917267,0,1,1,1,0
weak,4,Logistic Regression,0.2,0.8,6,0,0.2418777920270828,0.31584884774515,0,0,0,0,0
weak,4,Logistic Regression,0.2,0.8,188,1,0.3227857116093253,0.9958830893896075,0,1,1,1,0
weak,4,Logistic Regression,0.2,0.8,170,1,0.6363512489376703,0.08922660266320048,1,0,1,0,1
weak,4,Logistic Regression,0.2,0.8,90,0,0.300149893850556,0.006892194960508544,0,0,0,0,0
weak,4,Logistic Regression,0.2,0.8,53,0,0.45914844674106736,0.04844668484123052,0,0,0,0,0
weak,4,Logistic Regression,0.2,0.8,64,0,0.25527120502663564,0.011749293053589982,0,0,0,0,0
weak,4,Logistic Regression,0.2,0.8,3,0,0.491203572316335,0.016174074435905635,0,0,0,0,0
weak,4,Logistic Regression,0.2,0.8,88,0,0.5809431053401544,0.36140428178665684,1,0,1,1,0
weak,4,Logistic Regression,0.2,0.8,152,1,0.7401700536519145,0.43430339698733383,1,0,1,0,1
weak,4,Logistic Regression,0.2,0.8,174,1,0.7098837198709749,0.9713288411452028,1,1,0,0,0
weak,4,Logistic Regression,0.2,0.8,161,1,0.5765776397958883,0.39466459278519866,1,0,1,0,1
weak,4,Logistic Regression,0.2,0.8,76,0,0.6344116406328442,0.12994555925107323,1,0,1,1,0
weak,4,Logistic Regression,0.2,0.8,0,0,0.39645281411337524,0.01167577833671399,0,0,0,0,0
weak,4,Logistic Regression,0.2,0.8,73,0,0.47509317809982865,0.8796667934319962,0,1,1,0,1
weak,4,Logistic Regression,0.2,0.8,133,1,0.6293781980265649,0.9896036679360859,1,1,0,0,0
weak,4,Logistic Regression,0.2,0.8,144,1,0.26410637163128264,0.1916178880436697,0,0,0,0,0
weak,4,Logistic Regression,0.2,0.8,116,1,0.42185523913027545,0.35327142217636387,0,0,0,0,0
weak,4,Logistic Regression,0.2,0.8,136,1,0.30283766667390694,0.014938226543598892,0,0,0,0,0
weak,4,Logistic Regression,0.3,0.7,62,0,0.46794732729010596,0.04562061643485945,0,0,0,0,0
weak,4,Logistic Regression,0.3,0.7,126,1,0.657160829231463,0.9771653145699527,1,1,0,0,0
weak,4,Logistic Regression,0.3,0.7,66,0,0.6371810558454647,0.8905205356001216,1,1,0,0,0
weak,4,Logistic Regression,0.3,0.7,137,1,0.6947098311925661,0.9007731779754833,1,1,0,0,0
weak,4,Logistic Regression,0.3,0.7,145,1,0.4807066640286972,0.17399348028545694,0,0,0,0,0
weak,4,Logistic Regression,0.3,0.7,184,1,0.5641545646940569,0.9707736697495274,1,1,0,0,0
weak,4,Logistic Regression,0.3,0.7,54,0,0.5437001510257732,0.004039110891870197,1,0,1,1,0
weak,4,Logistic Regression,0.3,0.7,79,0,0.668742758330357,0.4960092800059187,1,0,1,1,0
weak,4,Logistic Regression,0.3,0.7,199,1,0.4419306039006527,0.5503900102806693,0,1,1,1,0
weak,4,Logistic Regression,0.3,0.7,2,0,0.6393916146868808,0.004133839519485976,1,0,1,1,0
weak,4,Logistic Regression,0.3,0.7,117,1,0.4598536465066441,0.7791680982898516,0,1,1,1,0
weak,4,Logistic Regression,0.3,0.7,82,0,0.40769804513936564,0.6616703285805581,0,1,1,0,1
weak,4,Logistic Regression,0.3,0.7,50,0,0.3793011699205641,0.12399429424600826,0,0,0,0,0
weak,4,Logistic Regression,0.3,0.7,197,1,0.5269352769906099,0.9941039174996363,1,1,0,0,0
weak,4,Logistic Regression,0.3,0.7,58,0,0.3825957089740262,0.515655696091427,0,1,1,0,1
weak,4,Logistic Regression,0.3,0.7,91,0,0.5558379470639639,0.02473342803412874,1,0,1,1,0
weak,4,Logistic Regression,0.3,0.7,141,1,0.40986236275846955,0.14310170278009515,0,0,0,0,0
weak,4,Logistic Regression,0.3,0.7,71,0,0.5829125480118871,0.09684673996644026,1,0,1,1,0
weak,4,Logistic Regression,0.3,0.7,105,1,0.592444973654395,0.5731550719606513,1,1,0,0,0
weak,4,Logistic Regression,0.3,0.7,33,0,0.4387619922008029,0.6765037297618253,0,1,1,0,1
weak,4,Logistic Regression,0.3,0.7,109,1,0.3831833274960689,0.7299675318925506,0,1,1,1,0
weak,4,Logistic Regression,0.3,0.7,49,0,0.4181076206373029,0.14138479307658267,0,0,0,0,0
weak,4,Logistic Regression,0.3,0.7,175,1,0.4708540557281689,0.956131265701725,0,1,1,1,0
weak,4,Logistic Regression,0.3,0.7,193,1,0.4055426099570426,0.27257492313648934,0,0,0,0,0
weak,4,Logistic Regression,0.3,0.7,37,0,0.597962034407314,0.006415835848473956,1,0,1,1,0
weak,4,Logistic Regression,0.3,0.7,140,1,0.4347006760154417,0.6594315309917267,0,1,1,1,0
weak,4,Logistic Regression,0.3,0.7,188,1,0.3227857116093253,0.9958830893896075,0,1,1,1,0
weak,4,Logistic Regression,0.3,0.7,170,1,0.6363512489376703,0.08922660266320048,1,0,1,0,1
weak,4,Logistic Regression,0.3,0.7,90,0,0.300149893850556,0.006892194960508544,0,0,0,0,0
weak,4,Logistic Regression,0.3,0.7,53,0,0.45914844674106736,0.04844668484123052,0,0,0,0,0
weak,4,Logistic Regression,0.3,0.7,3,0,0.491203572316335,0.016174074435905635,0,0,0,0,0
weak,4,Logistic Regression,0.3,0.7,88,0,0.5809431053401544,0.36140428178665684,1,0,1,1,0
weak,4,Logistic Regression,0.3,0.7,161,1,0.5765776397958883,0.39466459278519866,1,0,1,0,1
weak,4,Logistic Regression,0.3,0.7,76,0,0.6344116406328442,0.12994555925107323,1,0,1,1,0
weak,4,Logistic Regression,0.3,0.7,0,0,0.39645281411337524,0.01167577833671399,0,0,0,0,0
weak,4,Logistic Regression,0.3,0.7,73,0,0.47509317809982865,0.8796667934319962,0,1,1,0,1
weak,4,Logistic Regression,0.3,0.7,133,1,0.6293781980265649,0.9896036679360859,1,1,0,0,0
weak,4,Logistic Regression,0.3,0.7,116,1,0.42185523913027545,0.35327142217636387,0,0,0,0,0
weak,4,Logistic Regression,0.3,0.7,136,1,0.30283766667390694,0.014938226543598892,0,0,0,0,0
weak,4,Logistic Regression,0.4,0.6,62,0,0.46794732729010596,0.04562061643485945,0,0,0,0,0
weak,4,Logistic Regression,0.4,0.6,145,1,0.4807066640286972,0.17399348028545694,0,0,0,0,0
weak,4,Logistic Regression,0.4,0.6,184,1,0.5641545646940569,0.9707736697495274,1,1,0,0,0
weak,4,Logistic Regression,0.4,0.6,54,0,0.5437001510257732,0.004039110891870197,1,0,1,1,0
weak,4,Logistic Regression,0.4,0.6,199,1,0.4419306039006527,0.5503900102806693,0,1,1,1,0
weak,4,Logistic Regression,0.4,0.6,117,1,0.4598536465066441,0.7791680982898516,0,1,1,1,0
weak,4,Logistic Regression,0.4,0.6,82,0,0.40769804513936564,0.6616703285805581,0,1,1,0,1
weak,4,Logistic Regression,0.4,0.6,197,1,0.5269352769906099,0.9941039174996363,1,1,0,0,0
weak,4,Logistic Regression,0.4,0.6,91,0,0.5558379470639639,0.02473342803412874,1,0,1,1,0
weak,4,Logistic Regression,0.4,0.6,141,1,0.40986236275846955,0.14310170278009515,0,0,0,0,0
weak,4,Logistic Regression,0.4,0.6,71,0,0.5829125480118871,0.09684673996644026,1,0,1,1,0
weak,4,Logistic Regression,0.4,0.6,105,1,0.592444973654395,0.5731550719606513,1,1,0,0,0
weak,4,Logistic Regression,0.4,0.6,33,0,0.4387619922008029,0.6765037297618253,0,1,1,0,1
weak,4,Logistic Regression,0.4,0.6,49,0,0.4181076206373029,0.14138479307658267,0,0,0,0,0
weak,4,Logistic Regression,0.4,0.6,175,1,0.4708540557281689,0.956131265701725,0,1,1,1,0
weak,4,Logistic Regression,0.4,0.6,193,1,0.4055426099570426,0.27257492313648934,0,0,0,0,0
weak,4,Logistic Regression,0.4,0.6,37,0,0.597962034407314,0.006415835848473956,1,0,1,1,0
weak,4,Logistic Regression,0.4,0.6,140,1,0.4347006760154417,0.6594315309917267,0,1,1,1,0
weak,4,Logistic Regression,0.4,0.6,53,0,0.45914844674106736,0.04844668484123052,0,0,0,0,0
weak,4,Logistic Regression,0.4,0.6,3,0,0.491203572316335,0.016174074435905635,0,0,0,0,0
weak,4,Logistic Regression,0.4,0.6,88,0,0.5809431053401544,0.36140428178665684,1,0,1,1,0
weak,4,Logistic Regression,0.4,0.6,161,1,0.5765776397958883,0.39466459278519866,1,0,1,0,1
weak,4,Logistic Regression,0.4,0.6,73,0,0.47509317809982865,0.8796667934319962,0,1,1,0,1
weak,4,Logistic Regression,0.4,0.6,116,1,0.42185523913027545,0.35327142217636387,0,0,0,0,0
weak,4,Random Forest,0.2,0.8,66,0,0.58,0.75,1,1,0,0,0
weak,4,Random Forest,0.2,0.8,137,1,0.72,0.89,1,1,0,0,0
weak,4,Random Forest,0.2,0.8,169,1,0.69,0.76,1,1,0,0,0
weak,4,Random Forest,0.2,0.8,184,1,0.73,0.79,1,1,0,0,0
weak,4,Random Forest,0.2,0.8,156,1,0.71,0.57,1,1,0,0,0
weak,4,Random Forest,0.2,0.8,79,0,0.63,0.65,1,1,0,0,0
weak,4,Random Forest,0.2,0.8,31,0,0.56,0.53,1,1,0,0,0
weak,4,Random Forest,0.2,0.8,7,0,0.24,0.18,0,0,0,0,0
weak,4,Random Forest,0.2,0.8,199,1,0.53,0.67,1,1,0,0,0
weak,4,Random Forest,0.2,0.8,28,0,0.46,0.37,0,0,0,0,0
weak,4,Random Forest,0.2,0.8,117,1,0.72,0.71,1,1,0,0,0
weak,4,Random Forest,0.2,0.8,58,0,0.58,0.6,1,1,0,0,0
weak,4,Random Forest,0.2,0.8,91,0,0.57,0.39,1,0,1,1,0
weak,4,Random Forest,0.2,0.8,141,1,0.73,0.6,1,1,0,0,0
weak,4,Random Forest,0.2,0.8,139,1,0.75,0.74,1,1,0,0,0
weak,4,Random Forest,0.2,0.8,105,1,0.65,0.63,1,1,0,0,0
weak,4,Random Forest,0.2,0.8,56,0,0.76,0.62,1,1,0,0,0
weak,4,Random Forest,0.2,0.8,109,1,0.53,0.74,1,1,0,0,0
weak,4,Random Forest,0.2,0.8,49,0,0.21,0.31,0,0,0,0,0
weak,4,Random Forest,0.2,0.8,175,1,0.69,0.66,1,1,0,0,0
weak,4,Random Forest,0.2,0.8,111,1,0.74,0.75,1,1,0,0,0
weak,4,Random Forest,0.2,0.8,193,1,0.77,0.68,1,1,0,0,0
weak,4,Random Forest,0.2,0.8,37,0,0.69,0.28,1,0,1,1,0
weak,4,Random Forest,0.2,0.8,140,1,0.51,0.49,1,0,1,0,1
weak,4,Random Forest,0.2,0.8,6,0,0.46,0.49,0,0,0,0,0
weak,4,Random Forest,0.2,0.8,188,1,0.74,0.8,1,1,0,0,0
weak,4,Random Forest,0.2,0.8,170,1,0.59,0.54,1,1,0,0,0
weak,4,Random Forest,0.2,0.8,53,0,0.26,0.27,0,0,0,0,0
weak,4,Random Forest,0.2,0.8,64,0,0.38,0.42,0,0,0,0,0
weak,4,Random Forest,0.2,0.8,88,0,0.75,0.5,1,1,0,0,0
weak,4,Random Forest,0.2,0.8,73,0,0.31,0.24,0,0,0,0,0
weak,4,Random Forest,0.2,0.8,9,0,0.48,0.55,0,1,1,0,1
weak,4,Random Forest,0.2,0.8,133,1,0.57,0.75,1,1,0,0,0
weak,4,Random Forest,0.2,0.8,144,1,0.61,0.66,1,1,0,0,0
weak,4,Random Forest,0.2,0.8,116,1,0.53,0.51,1,1,0,0,0
weak,4,Random Forest,0.2,0.8,136,1,0.73,0.49,1,0,1,0,1
weak,4,Random Forest,0.3,0.7,66,0,0.58,0.75,1,1,0,0,0
weak,4,Random Forest,0.3,0.7,169,1,0.69,0.76,1,1,0,0,0
weak,4,Random Forest,0.3,0.7,79,0,0.63,0.65,1,1,0,0,0
weak,4,Random Forest,0.3,0.7,31,0,0.56,0.53,1,1,0,0,0
weak,4,Random Forest,0.3,0.7,199,1,0.53,0.67,1,1,0,0,0
weak,4,Random Forest,0.3,0.7,28,0,0.46,0.37,0,0,0,0,0
weak,4,Random Forest,0.3,0.7,58,0,0.58,0.6,1,1,0,0,0
weak,4,Random Forest,0.3,0.7,91,0,0.57,0.39,1,0,1,1,0
weak,4,Random Forest,0.3,0.7,105,1,0.65,0.63,1,1,0,0,0
weak,4,Random Forest,0.3,0.7,109,1,0.53,0.74,1,1,0,0,0
weak,4,Random Forest,0.3,0.7,175,1,0.69,0.66,1,1,0,0,0
weak,4,Random Forest,0.3,0.7,37,0,0.69,0.28,1,0,1,1,0
weak,4,Random Forest,0.3,0.7,140,1,0.51,0.49,1,0,1,0,1
weak,4,Random Forest,0.3,0.7,6,0,0.46,0.49,0,0,0,0,0
weak,4,Random Forest,0.3,0.7,170,1,0.59,0.54,1,1,0,0,0
weak,4,Random Forest,0.3,0.7,64,0,0.38,0.42,0,0,0,0,0
weak,4,Random Forest,0.3,0.7,73,0,0.31,0.24,0,0,0,0,0
weak,4,Random Forest,0.3,0.7,9,0,0.48,0.55,0,1,1,0,1
weak,4,Random Forest,0.3,0.7,133,1,0.57,0.75,1,1,0,0,0
weak,4,Random Forest,0.3,0.7,144,1,0.61,0.66,1,1,0,0,0
weak,4,Random Forest,0.3,0.7,116,1,0.53,0.51,1,1,0,0,0
weak,4,Random Forest,0.4,0.6,66,0,0.58,0.75,1,1,0,0,0
weak,4,Random Forest,0.4,0.6,31,0,0.56,0.53,1,1,0,0,0
weak,4,Random Forest,0.4,0.6,199,1,0.53,0.67,1,1,0,0,0
weak,4,Random Forest,0.4,0.6,28,0,0.46,0.37,0,0,0,0,0
weak,4,Random Forest,0.4,0.6,58,0,0.58,0.6,1,1,0,0,0
weak,4,Random Forest,0.4,0.6,91,0,0.57,0.39,1,0,1,1,0
weak,4,Random Forest,0.4,0.6,109,1,0.53,0.74,1,1,0,0,0
weak,4,Random Forest,0.4,0.6,140,1,0.51,0.49,1,0,1,0,1
weak,4,Random Forest,0.4,0.6,6,0,0.46,0.49,0,0,0,0,0
weak,4,Random Forest,0.4,0.6,170,1,0.59,0.54,1,1,0,0,0
weak,4,Random Forest,0.4,0.6,9,0,0.48,0.55,0,1,1,0,1
weak,4,Random Forest,0.4,0.6,133,1,0.57,0.75,1,1,0,0,0
weak,4,Random Forest,0.4,0.6,116,1,0.53,0.51,1,1,0,0,0
weak,4,XGBoost,0.2,0.8,79,0,0.6948108673095703,0.8904585242271423,1,1,0,0,0
weak,4,XGBoost,0.2,0.8,199,1,0.7420188784599304,0.8382219672203064,1,1,0,0,0
weak,4,XGBoost,0.2,0.8,28,0,0.5014795064926147,0.19227334856987,1,0,1,1,0
weak,4,XGBoost,0.2,0.8,197,1,0.787023663520813,0.9653529524803162,1,1,0,0,0
weak,4,XGBoost,0.2,0.8,58,0,0.48384329676628113,0.812852680683136,0,1,1,0,1
weak,4,XGBoost,0.2,0.8,91,0,0.7702957987785339,0.12388704717159271,1,0,1,1,0
weak,4,XGBoost,0.2,0.8,105,1,0.6794283986091614,0.8460754752159119,1,1,0,0,0
weak,4,XGBoost,0.2,0.8,56,0,0.7034127712249756,0.7963424921035767,1,1,0,0,0
weak,4,XGBoost,0.2,0.8,109,1,0.5258297920227051,0.9516690969467163,1,1,0,0,0
weak,4,XGBoost,0.2,0.8,188,1,0.738640546798706,0.9655326008796692,1,1,0,0,0
weak,4,XGBoost,0.2,0.8,170,1,0.29851385951042175,0.26131781935691833,0,0,0,0,0
weak,4,XGBoost,0.2,0.8,64,0,0.6453703045845032,0.1651688665151596,1,0,1,1,0
weak,4,XGBoost,0.2,0.8,88,0,0.7972126603126526,0.18077273666858673,1,0,1,1,0
weak,4,XGBoost,0.2,0.8,9,0,0.7476935386657715,0.6922482848167419,1,1,0,0,0
weak,4,XGBoost,0.2,0.8,133,1,0.7919830679893494,0.9753853678703308,1,1,0,0,0
weak,4,XGBoost,0.2,0.8,144,1,0.5866517424583435,0.9638286828994751,1,1,0,0,0
weak,4,XGBoost,0.2,0.8,116,1,0.7962446808815002,0.7169382572174072,1,1,0,0,0
weak,4,XGBoost,0.3,0.7,79,0,0.6948108673095703,0.8904585242271423,1,1,0,0,0
weak,4,XGBoost,0.3,0.7,28,0,0.5014795064926147,0.19227334856987,1,0,1,1,0
weak,4,XGBoost,0.3,0.7,58,0,0.48384329676628113,0.812852680683136,0,1,1,0,1
weak,4,XGBoost,0.3,0.7,105,1,0.6794283986091614,0.8460754752159119,1,1,0,0,0
weak,4,XGBoost,0.3,0.7,109,1,0.5258297920227051,0.9516690969467163,1,1,0,0,0
weak,4,XGBoost,0.3,0.7,64,0,0.6453703045845032,0.1651688665151596,1,0,1,1,0
weak,4,XGBoost,0.3,0.7,144,1,0.5866517424583435,0.9638286828994751,1,1,0,0,0
weak,4,XGBoost,0.4,0.6,28,0,0.5014795064926147,0.19227334856987,1,0,1,1,0
weak,4,XGBoost,0.4,0.6,58,0,0.48384329676628113,0.812852680683136,0,1,1,0,1
weak,4,XGBoost,0.4,0.6,109,1,0.5258297920227051,0.9516690969467163,1,1,0,0,0
weak,4,XGBoost,0.4,0.6,144,1,0.5866517424583435,0.9638286828994751,1,1,0,0,0
weak,5,Logistic Regression,0.2,0.8,168,1,0.7328480193694141,0.9550740810554961,1,1,0,0,0
weak,5,Logistic Regression,0.2,0.8,6,0,0.28242084286515984,0.6404810665514242,0,1,1,0,1
weak,5,Logistic Regression,0.2,0.8,88,0,0.3815820825304522,0.6358978538473898,0,1,1,0,1
weak,5,Logistic Regression,0.2,0.8,126,1,0.7046711784476264,0.9515169176030696,1,1,0,0,0
weak,5,Logistic Regression,0.2,0.8,52,0,0.4872042365885209,0.18143174369562728,0,0,0,0,0
weak,5,Logistic Regression,0.2,0.8,79,0,0.6809550721222215,0.8831945545352315,1,1,0,0,0
weak,5,Logistic Regression,0.2,0.8,138,1,0.7603855428703795,0.9676308252311887,1,1,0,0,0
weak,5,Logistic Regression,0.2,0.8,131,1,0.713796352864233,0.9287558804665182,1,1,0,0,0
weak,5,Logistic Regression,0.2,0.8,57,0,0.5980117108278894,0.8306321235040678,1,1,0,0,0
weak,5,Logistic Regression,0.2,0.8,114,1,0.6272050765559629,0.9403879371254019,1,1,0,0,0
weak,5,Logistic Regression,0.2,0.8,118,1,0.6708007422895744,0.09035178960894412,1,0,1,0,1
weak,5,Logistic Regression,0.2,0.8,190,1,0.2238751177369543,0.3481641205734583,0,0,0,0,0
weak,5,Logistic Regression,0.2,0.8,197,1,0.4119579331577899,0.994702809498762,0,1,1,1,0
weak,5,Logistic Regression,0.2,0.8,18,0,0.23900711925922566,0.1659864954986863,0,0,0,0,0
weak,5,Logistic Regression,0.2,0.8,196,1,0.6120076797472221,0.6676351477150759,1,1,0,0,0
weak,5,Logistic Regression,0.2,0.8,121,1,0.4861886873670943,0.22255743243227255,0,0,0,0,0
weak,5,Logistic Regression,0.2,0.8,58,0,0.2178134575498723,0.6067264294311312,0,1,1,0,1
weak,5,Logistic Regression,0.2,0.8,12,0,0.3629543031403422,0.03258788460076993,0,0,0,0,0
weak,5,Logistic Regression,0.2,0.8,90,0,0.2717564311839379,0.022220762625298728,0,0,0,0,0
weak,5,Logistic Regression,0.2,0.8,5,0,0.21943941285856974,0.18536359688885304,0,0,0,0,0
weak,5,Logistic Regression,0.2,0.8,76,0,0.6894930855444545,0.4974838048050845,1,0,1,1,0
weak,5,Logistic Regression,0.2,0.8,39,0,0.3349423743346744,0.16922986899401754,0,0,0,0,0
weak,5,Logistic Regression,0.2,0.8,120,1,0.5376600134449306,0.4515167439293377,1,0,1,0,1
weak,5,Logistic Regression,0.2,0.8,180,1,0.3622410195195613,0.745240615224518,0,1,1,1,0
weak,5,Logistic Regression,0.2,0.8,183,1,0.43029634627894037,0.5870622292925964,0,1,1,1,0
weak,5,Logistic Regression,0.2,0.8,37,0,0.6255454611529048,0.03448816610313149,1,0,1,1,0
weak,5,Logistic Regression,0.2,0.8,97,0,0.7846046780366119,0.7349947396890498,1,1,0,0,0
weak,5,Logistic Regression,0.2,0.8,40,0,0.4992718844258668,0.07637844199485119,0,0,0,0,0
weak,5,Logistic Regression,0.2,0.8,145,1,0.44773248754477607,0.027095692125725504,0,0,0,0,0
weak,5,Logistic Regression,0.2,0.8,30,0,0.4430286329315575,0.47810127225595106,0,0,0,0,0
weak,5,Logistic Regression,0.2,0.8,62,0,0.306887798970738,0.03652563791372223,0,0,0,0,0
weak,5,Logistic Regression,0.2,0.8,102,1,0.6808881290111616,0.9585167911144057,1,1,0,0,0
weak,5,Logistic Regression,0.2,0.8,158,1,0.2274469492234755,0.794640806726651,0,1,1,1,0
weak,5,Logistic Regression,0.2,0.8,166,1,0.696187706699732,0.566835275804574,1,1,0,0,0
weak,5,Logistic Regression,0.2,0.8,81,0,0.3583665487010477,0.1588637648723197,0,0,0,0,0
weak,5,Logistic Regression,0.2,0.8,83,0,0.20096147790942875,0.19731053464844903,0,0,0,0,0
weak,5,Logistic Regression,0.2,0.8,185,1,0.4332112782388469,0.8243392226652775,0,1,1,1,0
weak,5,Logistic Regression,0.2,0.8,105,1,0.5617018653921974,0.6332313688761155,1,1,0,0,0
weak,5,Logistic Regression,0.2,0.8,112,1,0.5454502649210416,0.439152832656824,1,0,1,0,1
weak,5,Logistic Regression,0.2,0.8,199,1,0.7009177554336593,0.9019996178579008,1,1,0,0,0
weak,5,Logistic Regression,0.2,0.8,4,0,0.2159724192308651,0.1665585778302364,0,0,0,0,0
weak,5,Logistic Regression,0.2,0.8,44,0,0.3709888730963049,0.01572662692391113,0,0,0,0,0
weak,5,Logistic Regression,0.2,0.8,101,1,0.6940931592637656,0.9834937196715046,1,1,0,0,0
weak,5,Logistic Regression,0.3,0.7,88,0,0.3815820825304522,0.6358978538473898,0,1,1,0,1
weak,5,Logistic Regression,0.3,0.7,52,0,0.4872042365885209,0.18143174369562728,0,0,0,0,0
weak,5,Logistic Regression,0.3,0.7,79,0,0.6809550721222215,0.8831945545352315,1,1,0,0,0
weak,5,Logistic Regression,0.3,0.7,57,0,0.5980117108278894,0.8306321235040678,1,1,0,0,0
weak,5,Logistic Regression,0.3,0.7,114,1,0.6272050765559629,0.9403879371254019,1,1,0,0,0
weak,5,Logistic Regression,0.3,0.7,118,1,0.6708007422895744,0.09035178960894412,1,0,1,0,1
weak,5,Logistic Regression,0.3,0.7,197,1,0.4119579331577899,0.994702809498762,0,1,1,1,0
weak,5,Logistic Regression,0.3,0.7,196,1,0.6120076797472221,0.6676351477150759,1,1,0,0,0
weak,5,Logistic Regression,0.3,0.7,121,1,0.4861886873670943,0.22255743243227255,0,0,0,0,0
weak,5,Logistic Regression,0.3,0.7,12,0,0.3629543031403422,0.03258788460076993,0,0,0,0,0
weak,5,Logistic Regression,0.3,0.7,76,0,0.6894930855444545,0.4974838048050845,1,0,1,1,0
weak,5,Logistic Regression,0.3,0.7,39,0,0.3349423743346744,0.16922986899401754,0,0,0,0,0
weak,5,Logistic Regression,0.3,0.7,120,1,0.5376600134449306,0.4515167439293377,1,0,1,0,1
weak,5,Logistic Regression,0.3,0.7,180,1,0.3622410195195613,0.745240615224518,0,1,1,1,0
weak,5,Logistic Regression,0.3,0.7,183,1,0.43029634627894037,0.5870622292925964,0,1,1,1,0
weak,5,Logistic Regression,0.3,0.7,37,0,0.6255454611529048,0.03448816610313149,1,0,1,1,0
weak,5,Logistic Regression,0.3,0.7,40,0,0.4992718844258668,0.07637844199485119,0,0,0,0,0
weak,5,Logistic Regression,0.3,0.7,145,1,0.44773248754477607,0.027095692125725504,0,0,0,0,0
weak,5,Logistic Regression,0.3,0.7,30,0,0.4430286329315575,0.47810127225595106,0,0,0,0,0
weak,5,Logistic Regression,0.3,0.7,62,0,0.306887798970738,0.03652563791372223,0,0,0,0,0
weak,5,Logistic Regression,0.3,0.7,102,1,0.6808881290111616,0.9585167911144057,1,1,0,0,0
weak,5,Logistic Regression,0.3,0.7,166,1,0.696187706699732,0.566835275804574,1,1,0,0,0
weak,5,Logistic Regression,0.3,0.7,81,0,0.3583665487010477,0.1588637648723197,0,0,0,0,0
weak,5,Logistic Regression,0.3,0.7,185,1,0.4332112782388469,0.8243392226652775,0,1,1,1,0
weak,5,Logistic Regression,0.3,0.7,105,1,0.5617018653921974,0.6332313688761155,1,1,0,0,0
weak,5,Logistic Regression,0.3,0.7,112,1,0.5454502649210416,0.439152832656824,1,0,1,0,1
weak,5,Logistic Regression,0.3,0.7,44,0,0.3709888730963049,0.01572662692391113,0,0,0,0,0
weak,5,Logistic Regression,0.3,0.7,101,1,0.6940931592637656,0.9834937196715046,1,1,0,0,0
weak,5,Logistic Regression,0.4,0.6,52,0,0.4872042365885209,0.18143174369562728,0,0,0,0,0
weak,5,Logistic Regression,0.4,0.6,57,0,0.5980117108278894,0.8306321235040678,1,1,0,0,0
weak,5,Logistic Regression,0.4,0.6,197,1,0.4119579331577899,0.994702809498762,0,1,1,1,0
weak,5,Logistic Regression,0.4,0.6,121,1,0.4861886873670943,0.22255743243227255,0,0,0,0,0
weak,5,Logistic Regression,0.4,0.6,120,1,0.5376600134449306,0.4515167439293377,1,0,1,0,1
weak,5,Logistic Regression,0.4,0.6,183,1,0.43029634627894037,0.5870622292925964,0,1,1,1,0
weak,5,Logistic Regression,0.4,0.6,40,0,0.4992718844258668,0.07637844199485119,0,0,0,0,0
weak,5,Logistic Regression,0.4,0.6,145,1,0.44773248754477607,0.027095692125725504,0,0,0,0,0
weak,5,Logistic Regression,0.4,0.6,30,0,0.4430286329315575,0.47810127225595106,0,0,0,0,0
weak,5,Logistic Regression,0.4,0.6,185,1,0.4332112782388469,0.8243392226652775,0,1,1,1,0
weak,5,Logistic Regression,0.4,0.6,105,1,0.5617018653921974,0.6332313688761155,1,1,0,0,0
weak,5,Logistic Regression,0.4,0.6,112,1,0.5454502649210416,0.439152832656824,1,0,1,0,1
weak,5,Random Forest,0.2,0.8,6,0,0.52,0.54,1,1,0,0,0
weak,5,Random Forest,0.2,0.8,88,0,0.76,0.4,1,0,1,1,0
weak,5,Random Forest,0.2,0.8,52,0,0.24,0.23,0,0,0,0,0
weak,5,Random Forest,0.2,0.8,79,0,0.74,0.72,1,1,0,0,0
weak,5,Random Forest,0.2,0.8,138,1,0.78,0.85,1,1,0,0,0
weak,5,Random Forest,0.2,0.8,131,1,0.69,0.67,1,1,0,0,0
weak,5,Random Forest,0.2,0.8,114,1,0.7,0.78,1,1,0,0,0
weak,5,Random Forest,0.2,0.8,197,1,0.78,0.84,1,1,0,0,0
weak,5,Random Forest,0.2,0.8,196,1,0.77,0.7,1,1,0,0,0
weak,5,Random Forest,0.2,0.8,121,1,0.75,0.64,1,1,0,0,0
weak,5,Random Forest,0.2,0.8,58,0,0.56,0.58,1,1,0,0,0
weak,5,Random Forest,0.2,0.8,5,0,0.62,0.42,1,0,1,1,0
weak,5,Random Forest,0.2,0.8,76,0,0.24,0.35,0,0,0,0,0
weak,5,Random Forest,0.2,0.8,120,1,0.76,0.63,1,1,0,0,0
weak,5,Random Forest,0.2,0.8,59,0,0.28,0.27,0,0,0,0,0
weak,5,Random Forest,0.2,0.8,180,1,0.71,0.61,1,1,0,0,0
weak,5,Random Forest,0.2,0.8,177,1,0.72,0.42,1,0,1,0,1
weak,5,Random Forest,0.2,0.8,183,1,0.76,0.61,1,1,0,0,0
weak,5,Random Forest,0.2,0.8,37,0,0.75,0.3,1,0,1,1,0
weak,5,Random Forest,0.2,0.8,188,1,0.54,0.86,1,1,0,0,0
weak,5,Random Forest,0.2,0.8,156,1,0.79,0.57,1,1,0,0,0
weak,5,Random Forest,0.2,0.8,146,1,0.78,0.67,1,1,0,0,0
weak,5,Random Forest,0.2,0.8,40,0,0.31,0.28,0,0,0,0,0
weak,5,Random Forest,0.2,0.8,102,1,0.67,0.71,1,1,0,0,0
weak,5,Random Forest,0.2,0.8,87,0,0.35,0.29,0,0,0,0,0
weak,5,Random Forest,0.2,0.8,158,1,0.64,0.78,1,1,0,0,0
weak,5,Random Forest,0.2,0.8,41,0,0.58,0.55,1,1,0,0,0
weak,5,Random Forest,0.2,0.8,185,1,0.79,0.75,1,1,0,0,0
weak,5,Random Forest,0.2,0.8,199,1,0.7,0.61,1,1,0,0,0
weak,5,Random Forest,0.2,0.8,4,0,0.26,0.27,0,0,0,0,0
weak,5,Random Forest,0.2,0.8,155,1,0.69,0.71,1,1,0,0,0
weak,5,Random Forest,0.2,0.8,44,0,0.53,0.44,1,0,1,1,0
weak,5,Random Forest,0.2,0.8,101,1,0.71,0.81,1,1,0,0,0
weak,5,Random Forest,0.3,0.7,6,0,0.52,0.54,1,1,0,0,0
weak,5,Random Forest,0.3,0.7,131,1,0.69,0.67,1,1,0,0,0
weak,5,Random Forest,0.3,0.7,58,0,0.56,0.58,1,1,0,0,0
weak,5,Random Forest,0.3,0.7,5,0,0.62,0.42,1,0,1,1,0
weak,5,Random Forest,0.3,0.7,188,1,0.54,0.86,1,1,0,0,0
weak,5,Random Forest,0.3,0.7,40,0,0.31,0.28,0,0,0,0,0
weak,5,Random Forest,0.3,0.7,102,1,0.67,0.71,1,1,0,0,0
weak,5,Random Forest,0.3,0.7,87,0,0.35,0.29,0,0,0,0,0
weak,5,Random Forest,0.3,0.7,158,1,0.64,0.78,1,1,0,0,0
weak,5,Random Forest,0.3,0.7,41,0,0.58,0.55,1,1,0,0,0
weak,5,Random Forest,0.3,0.7,155,1,0.69,0.71,1,1,0,0,0
weak,5,Random Forest,0.3,0.7,44,0,0.53,0.44,1,0,1,1,0
weak,5,Random Forest,0.4,0.6,6,0,0.52,0.54,1,1,0,0,0
weak,5,Random Forest,0.4,0.6,58,0,0.56,0.58,1,1,0,0,0
weak,5,Random Forest,0.4,0.6,188,1,0.54,0.86,1,1,0,0,0
weak,5,Random Forest,0.4,0.6,41,0,0.58,0.55,1,1,0,0,0
weak,5,Random Forest,0.4,0.6,44,0,0.53,0.44,1,0,1,1,0
weak,5,XGBoost,0.2,0.8,88,0,0.5737345814704895,0.41467586159706116,1,0,1,1,0
weak,5,XGBoost,0.2,0.8,79,0,0.6875717639923096,0.8869482278823853,1,1,0,0,0
weak,5,XGBoost,0.2,0.8,131,1,0.4043859839439392,0.4460272789001465,0,0,0,0,0
weak,5,XGBoost,0.2,0.8,114,1,0.7594075798988342,0.888027012348175,1,1,0,0,0
weak,5,XGBoost,0.2,0.8,121,1,0.37389254570007324,0.6732407212257385,0,1,1,1,0
weak,5,XGBoost,0.2,0.8,58,0,0.5263235569000244,0.8051220774650574,1,1,0,0,0
weak,5,XGBoost,0.2,0.8,5,0,0.396480530500412,0.16892090439796448,0,0,0,0,0
weak,5,XGBoost,0.2,0.8,180,1,0.622033417224884,0.7070395350456238,1,1,0,0,0
weak,5,XGBoost,0.2,0.8,37,0,0.5188548564910889,0.06830115616321564,1,0,1,1,0
weak,5,XGBoost,0.2,0.8,188,1,0.7922207713127136,0.9783375859260559,1,1,0,0,0
weak,5,XGBoost,0.2,0.8,87,0,0.4047875702381134,0.24692098796367645,0,0,0,0,0
weak,5,XGBoost,0.2,0.8,41,0,0.6981375813484192,0.45361796021461487,1,0,1,1,0
weak,5,XGBoost,0.2,0.8,105,1,0.782703697681427,0.8487609028816223,1,1,0,0,0
weak,5,XGBoost,0.2,0.8,155,1,0.43407243490219116,0.8809475302696228,0,1,1,1,0
weak,5,XGBoost,0.3,0.7,88,0,0.5737345814704895,0.41467586159706116,1,0,1,1,0
weak,5,XGBoost,0.3,0.7,79,0,0.6875717639923096,0.8869482278823853,1,1,0,0,0
weak,5,XGBoost,0.3,0.7,131,1,0.4043859839439392,0.4460272789001465,0,0,0,0,0
weak,5,XGBoost,0.3,0.7,121,1,0.37389254570007324,0.6732407212257385,0,1,1,1,0
weak,5,XGBoost,0.3,0.7,58,0,0.5263235569000244,0.8051220774650574,1,1,0,0,0
weak,5,XGBoost,0.3,0.7,5,0,0.396480530500412,0.16892090439796448,0,0,0,0,0
weak,5,XGBoost,0.3,0.7,180,1,0.622033417224884,0.7070395350456238,1,1,0,0,0
weak,5,XGBoost,0.3,0.7,37,0,0.5188548564910889,0.06830115616321564,1,0,1,1,0
weak,5,XGBoost,0.3,0.7,87,0,0.4047875702381134,0.24692098796367645,0,0,0,0,0
weak,5,XGBoost,0.3,0.7,41,0,0.6981375813484192,0.45361796021461487,1,0,1,1,0
weak,5,XGBoost,0.3,0.7,155,1,0.43407243490219116,0.8809475302696228,0,1,1,1,0
weak,5,XGBoost,0.4,0.6,88,0,0.5737345814704895,0.41467586159706116,1,0,1,1,0
weak,5,XGBoost,0.4,0.6,131,1,0.4043859839439392,0.4460272789001465,0,0,0,0,0
weak,5,XGBoost,0.4,0.6,58,0,0.5263235569000244,0.8051220774650574,1,1,0,0,0
weak,5,XGBoost,0.4,0.6,37,0,0.5188548564910889,0.06830115616321564,1,0,1,1,0
weak,5,XGBoost,0.4,0.6,87,0,0.4047875702381134,0.24692098796367645,0,0,0,0,0
weak,5,XGBoost,0.4,0.6,155,1,0.43407243490219116,0.8809475302696228,0,1,1,1,0
weak,6,Logistic Regression,0.2,0.8,104,1,0.7201507664079968,0.9910439227833845,1,1,0,0,0
weak,6,Logistic Regression,0.2,0.8,159,1,0.32752845737617653,0.864986185097018,0,1,1,1,0
weak,6,Logistic Regression,0.2,0.8,132,1,0.7481085072105919,0.02442098873824935,1,0,1,0,1
weak,6,Logistic Regression,0.2,0.8,108,1,0.7679550524561521,0.612433125071967,1,1,0,0,0
weak,6,Logistic Regression,0.2,0.8,68,0,0.716293370521171,0.26453759068144467,1,0,1,1,0
weak,6,Logistic Regression,0.2,0.8,134,1,0.3402821641134922,0.99458734254408,0,1,1,1,0
weak,6,Logistic Regression,0.2,0.8,37,0,0.32077584731372966,0.005842026796794113,0,0,0,0,0
weak,6,Logistic Regression,0.2,0.8,110,1,0.6895742662939679,0.9843875621292423,1,1,0,0,0
weak,6,Logistic Regression,0.2,0.8,19,0,0.2524380403109834,0.060044277886534124,0,0,0,0,0
weak,6,Logistic Regression,0.2,0.8,192,1,0.2589738317486744,0.9839797295557107,0,1,1,1,0
weak,6,Logistic Regression,0.2,0.8,118,1,0.5400640897915936,0.053536885304409046,1,0,1,0,1
weak,6,Logistic Regression,0.2,0.8,28,0,0.30428203440515234,0.013015991593628583,0,0,0,0,0
weak,6,Logistic Regression,0.2,0.8,145,1,0.46202778518545196,0.007730734338442109,0,0,0,0,0
weak,6,Logistic Regression,0.2,0.8,25,0,0.6098757823359199,0.21116617003411234,1,0,1,1,0
weak,6,Logistic Regression,0.2,0.8,58,0,0.3313967304274969,0.3737917535503438,0,0,0,0,0
weak,6,Logistic Regression,0.2,0.8,42,0,0.21625867855914355,0.11868737777551605,0,0,0,0,0
weak,6,Logistic Regression,0.2,0.8,148,1,0.5477563180397826,0.642867938421596,1,1,0,0,0
weak,6,Logistic Regression,0.2,0.8,85,0,0.5161293808563077,0.06752314198776614,1,0,1,1,0
weak,6,Logistic Regression,0.2,0.8,175,1,0.6176092883010108,0.9447775178607449,1,1,0,0,0
weak,6,Logistic Regression,0.2,0.8,44,0,0.3184382570588415,0.007009495756244009,0,0,0,0,0
weak,6,Logistic Regression,0.2,0.8,0,0,0.409922146445827,0.0043868404280860045,0,0,0,0,0
weak,6,Logistic Regression,0.2,0.8,98,0,0.5110233411789652,0.028862813855694523,1,0,1,1,0
weak,6,Logistic Regression,0.2,0.8,183,1,0.5476904411025478,0.5510602857583575,1,1,0,0,0
weak,6,Logistic Regression,0.2,0.8,114,1,0.7126600073696115,0.9184338139741415,1,1,0,0,0
weak,6,Logistic Regression,0.2,0.8,171,1,0.7226174336631851,0.016008725235585785,1,0,1,0,1
weak,6,Logistic Regression,0.2,0.8,170,1,0.36939404894720657,0.0836990827832515,0,0,0,0,0
weak,6,Logistic Regression,0.2,0.8,127,1,0.6762934693269748,0.7288571973115019,1,1,0,0,0
weak,6,Logistic Regression,0.2,0.8,120,1,0.4777774665384449,0.16113680937984498,0,0,0,0,0
weak,6,Logistic Regression,0.2,0.8,69,0,0.7963655829859523,0.9787543034281668,1,1,0,0,0
weak,6,Logistic Regression,0.2,0.8,173,1,0.29105918966337135,0.8636208329888926,0,1,1,1,0
weak,6,Logistic Regression,0.2,0.8,79,0,0.5864823104885102,0.8813312280320138,1,1,0,0,0
weak,6,Logistic Regression,0.2,0.8,97,0,0.710010960936892,0.532918272826449,1,1,0,0,0
weak,6,Logistic Regression,0.2,0.8,34,0,0.7940714335129089,0.029339319342799375,1,0,1,1,0
weak,6,Logistic Regression,0.2,0.8,165,1,0.5257377388616844,0.6990510546901492,1,1,0,0,0
weak,6,Logistic Regression,0.2,0.8,77,0,0.2792817648569551,0.15738747075766363,0,0,0,0,0
weak,6,Logistic Regression,0.2,0.8,102,1,0.57437378462687,0.9875106884895948,1,1,0,0,0
weak,6,Logistic Regression,0.2,0.8,32,0,0.21111192652800453,0.018027169917518234,0,0,0,0,0
weak,6,Logistic Regression,0.2,0.8,179,1,0.7565946596974902,0.9788606129133869,1,1,0,0,0
weak,6,Logistic Regression,0.2,0.8,55,0,0.46105759003082136,0.6398148383838682,0,1,1,0,1
weak,6,Logistic Regression,0.2,0.8,49,0,0.5924652440215981,0.07024889893283148,1,0,1,1,0
weak,6,Logistic Regression,0.2,0.8,111,1,0.7382018890215454,0.9928902517332623,1,1,0,0,0
weak,6,Logistic Regression,0.2,0.8,43,0,0.6680468009892496,0.055955330249664065,1,0,1,1,0
weak,6,Logistic Regression,0.2,0.8,52,0,0.5722969557526529,0.13375944135149542,1,0,1,1,0
weak,6,Logistic Regression,0.2,0.8,50,0,0.5612981383476694,0.12511543804515046,1,0,1,1,0
weak,6,Logistic Regression,0.2,0.8,11,0,0.7067437072806103,0.15928744973723757,1,0,1,1,0
weak,6,Logistic Regression,0.3,0.7,159,1,0.32752845737617653,0.864986185097018,0,1,1,1,0
weak,6,Logistic Regression,0.3,0.7,134,1,0.3402821641134922,0.99458734254408,0,1,1,1,0
weak,6,Logistic Regression,0.3,0.7,37,0,0.32077584731372966,0.005842026796794113,0,0,0,0,0
weak,6,Logistic Regression,0.3,0.7,110,1,0.6895742662939679,0.9843875621292423,1,1,0,0,0
weak,6,Logistic Regression,0.3,0.7,118,1,0.5400640897915936,0.053536885304409046,1,0,1,0,1
weak,6,Logistic Regression,0.3,0.7,28,0,0.30428203440515234,0.013015991593628583,0,0,0,0,0
weak,6,Logistic Regression,0.3,0.7,145,1,0.46202778518545196,0.007730734338442109,0,0,0,0,0
weak,6,Logistic Regression,0.3,0.7,25,0,0.6098757823359199,0.21116617003411234,1,0,1,1,0
weak,6,Logistic Regression,0.3,0.7,58,0,0.3313967304274969,0.3737917535503438,0,0,0,0,0
weak,6,Logistic Regression,0.3,0.7,148,1,0.5477563180397826,0.642867938421596,1,1,0,0,0
weak,6,Logistic Regression,0.3,0.7,85,0,0.5161293808563077,0.06752314198776614,1,0,1,1,0
weak,6,Logistic Regression,0.3,0.7,175,1,0.6176092883010108,0.9447775178607449,1,1,0,0,0
weak,6,Logistic Regression,0.3,0.7,44,0,0.3184382570588415,0.007009495756244009,0,0,0,0,0
weak,6,Logistic Regression,0.3,0.7,0,0,0.409922146445827,0.0043868404280860045,0,0,0,0,0
weak,6,Logistic Regression,0.3,0.7,98,0,0.5110233411789652,0.028862813855694523,1,0,1,1,0
weak,6,Logistic Regression,0.3,0.7,183,1,0.5476904411025478,0.5510602857583575,1,1,0,0,0
weak,6,Logistic Regression,0.3,0.7,170,1,0.36939404894720657,0.0836990827832515,0,0,0,0,0
weak,6,Logistic Regression,0.3,0.7,127,1,0.6762934693269748,0.7288571973115019,1,1,0,0,0
weak,6,Logistic Regression,0.3,0.7,120,1,0.4777774665384449,0.16113680937984498,0,0,0,0,0
weak,6,Logistic Regression,0.3,0.7,79,0,0.5864823104885102,0.8813312280320138,1,1,0,0,0
weak,6,Logistic Regression,0.3,0.7,165,1,0.5257377388616844,0.6990510546901492,1,1,0,0,0
weak,6,Logistic Regression,0.3,0.7,102,1,0.57437378462687,0.9875106884895948,1,1,0,0,0
weak,6,Logistic Regression,0.3,0.7,55,0,0.46105759003082136,0.6398148383838682,0,1,1,0,1
weak,6,Logistic Regression,0.3,0.7,49,0,0.5924652440215981,0.07024889893283148,1,0,1,1,0
weak,6,Logistic Regression,0.3,0.7,43,0,0.6680468009892496,0.055955330249664065,1,0,1,1,0
weak,6,Logistic Regression,0.3,0.7,52,0,0.5722969557526529,0.13375944135149542,1,0,1,1,0
weak,6,Logistic Regression,0.3,0.7,50,0,0.5612981383476694,0.12511543804515046,1,0,1,1,0
weak,6,Logistic Regression,0.4,0.6,118,1,0.5400640897915936,0.053536885304409046,1,0,1,0,1
weak,6,Logistic Regression,0.4,0.6,145,1,0.46202778518545196,0.007730734338442109,0,0,0,0,0
weak,6,Logistic Regression,0.4,0.6,148,1,0.5477563180397826,0.642867938421596,1,1,0,0,0
weak,6,Logistic Regression,0.4,0.6,85,0,0.5161293808563077,0.06752314198776614,1,0,1,1,0
weak,6,Logistic Regression,0.4,0.6,0,0,0.409922146445827,0.0043868404280860045,0,0,0,0,0
weak,6,Logistic Regression,0.4,0.6,98,0,0.5110233411789652,0.028862813855694523,1,0,1,1,0
weak,6,Logistic Regression,0.4,0.6,183,1,0.5476904411025478,0.5510602857583575,1,1,0,0,0
weak,6,Logistic Regression,0.4,0.6,120,1,0.4777774665384449,0.16113680937984498,0,0,0,0,0
weak,6,Logistic Regression,0.4,0.6,79,0,0.5864823104885102,0.8813312280320138,1,1,0,0,0
weak,6,Logistic Regression,0.4,0.6,165,1,0.5257377388616844,0.6990510546901492,1,1,0,0,0
weak,6,Logistic Regression,0.4,0.6,102,1,0.57437378462687,0.9875106884895948,1,1,0,0,0
weak,6,Logistic Regression,0.4,0.6,55,0,0.46105759003082136,0.6398148383838682,0,1,1,0,1
weak,6,Logistic Regression,0.4,0.6,49,0,0.5924652440215981,0.07024889893283148,1,0,1,1,0
weak,6,Logistic Regression,0.4,0.6,52,0,0.5722969557526529,0.13375944135149542,1,0,1,1,0
weak,6,Logistic Regression,0.4,0.6,50,0,0.5612981383476694,0.12511543804515046,1,0,1,1,0
weak,6,Random Forest,0.2,0.8,104,1,0.73,0.83,1,1,0,0,0
weak,6,Random Forest,0.2,0.8,159,1,0.63,0.68,1,1,0,0,0
weak,6,Random Forest,0.2,0.8,132,1,0.71,0.46,1,0,1,0,1
weak,6,Random Forest,0.2,0.8,68,0,0.7,0.47,1,0,1,1,0
weak,6,Random Forest,0.2,0.8,134,1,0.57,0.82,1,1,0,0,0
weak,6,Random Forest,0.2,0.8,177,1,0.63,0.53,1,1,0,0,0
weak,6,Random Forest,0.2,0.8,37,0,0.54,0.32,1,0,1,1,0
weak,6,Random Forest,0.2,0.8,192,1,0.68,0.77,1,1,0,0,0
weak,6,Random Forest,0.2,0.8,28,0,0.31,0.24,0,0,0,0,0
weak,6,Random Forest,0.2,0.8,38,0,0.5,0.43,1,0,1,1,0
weak,6,Random Forest,0.2,0.8,25,0,0.3,0.45,0,0,0,0,0
weak,6,Random Forest,0.2,0.8,58,0,0.68,0.54,1,1,0,0,0
weak,6,Random Forest,0.2,0.8,143,1,0.73,0.73,1,1,0,0,0
weak,6,Random Forest,0.2,0.8,148,1,0.61,0.6,1,1,0,0,0
weak,6,Random Forest,0.2,0.8,175,1,0.66,0.74,1,1,0,0,0
weak,6,Random Forest,0.2,0.8,44,0,0.56,0.51,1,1,0,0,0
weak,6,Random Forest,0.2,0.8,98,0,0.21,0.25,0,0,0,0,0
weak,6,Random Forest,0.2,0.8,114,1,0.73,0.73,1,1,0,0,0
weak,6,Random Forest,0.2,0.8,171,1,0.68,0.53,1,1,0,0,0
weak,6,Random Forest,0.2,0.8,170,1,0.52,0.52,1,1,0,0,0
weak,6,Random Forest,0.2,0.8,127,1,0.77,0.81,1,1,0,0,0
weak,6,Random Forest,0.2,0.8,120,1,0.74,0.6,1,1,0,0,0
weak,6,Random Forest,0.2,0.8,69,0,0.26,0.36,0,0,0,0,0
weak,6,Random Forest,0.2,0.8,173,1,0.67,0.71,1,1,0,0,0
weak,6,Random Forest,0.2,0.8,79,0,0.66,0.71,1,1,0,0,0
weak,6,Random Forest,0.2,0.8,34,0,0.25,0.26,0,0,0,0,0
weak,6,Random Forest,0.2,0.8,165,1,0.59,0.56,1,1,0,0,0
weak,6,Random Forest,0.2,0.8,102,1,0.72,0.66,1,1,0,0,0
weak,6,Random Forest,0.2,0.8,7,0,0.25,0.25,0,0,0,0,0
weak,6,Random Forest,0.2,0.8,188,1,0.54,0.77,1,1,0,0,0
weak,6,Random Forest,0.2,0.8,56,0,0.76,0.46,1,0,1,1,0
weak,6,Random Forest,0.2,0.8,179,1,0.78,0.73,1,1,0,0,0
weak,6,Random Forest,0.2,0.8,147,1,0.6,0.59,1,1,0,0,0
weak,6,Random Forest,0.2,0.8,55,0,0.26,0.31,0,0,0,0,0
weak,6,Random Forest,0.2,0.8,49,0,0.21,0.24,0,0,0,0,0
weak,6,Random Forest,0.2,0.8,111,1,0.78,0.81,1,1,0,0,0
weak,6,Random Forest,0.2,0.8,186,1,0.78,0.68,1,1,0,0,0
weak,6,Random Forest,0.2,0.8,43,0,0.34,0.19,0,0,0,0,0
weak,6,Random Forest,0.2,0.8,52,0,0.25,0.24,0,0,0,0,0
weak,6,Random Forest,0.3,0.7,159,1,0.63,0.68,1,1,0,0,0
weak,6,Random Forest,0.3,0.7,134,1,0.57,0.82,1,1,0,0,0
weak,6,Random Forest,0.3,0.7,177,1,0.63,0.53,1,1,0,0,0
weak,6,Random Forest,0.3,0.7,37,0,0.54,0.32,1,0,1,1,0
weak,6,Random Forest,0.3,0.7,192,1,0.68,0.77,1,1,0,0,0
weak,6,Random Forest,0.3,0.7,28,0,0.31,0.24,0,0,0,0,0
weak,6,Random Forest,0.3,0.7,38,0,0.5,0.43,1,0,1,1,0
weak,6,Random Forest,0.3,0.7,58,0,0.68,0.54,1,1,0,0,0
weak,6,Random Forest,0.3,0.7,148,1,0.61,0.6,1,1,0,0,0
weak,6,Random Forest,0.3,0.7,175,1,0.66,0.74,1,1,0,0,0
weak,6,Random Forest,0.3,0.7,44,0,0.56,0.51,1,1,0,0,0
weak,6,Random Forest,0.3,0.7,171,1,0.68,0.53,1,1,0,0,0
weak,6,Random Forest,0.3,0.7,170,1,0.52,0.52,1,1,0,0,0
weak,6,Random Forest,0.3,0.7,173,1,0.67,0.71,1,1,0,0,0
weak,6,Random Forest,0.3,0.7,79,0,0.66,0.71,1,1,0,0,0
weak,6,Random Forest,0.3,0.7,165,1,0.59,0.56,1,1,0,0,0
weak,6,Random Forest,0.3,0.7,188,1,0.54,0.77,1,1,0,0,0
weak,6,Random Forest,0.3,0.7,147,1,0.6,0.59,1,1,0,0,0
weak,6,Random Forest,0.3,0.7,43,0,0.34,0.19,0,0,0,0,0
weak,6,Random Forest,0.4,0.6,134,1,0.57,0.82,1,1,0,0,0
weak,6,Random Forest,0.4,0.6,37,0,0.54,0.32,1,0,1,1,0
weak,6,Random Forest,0.4,0.6,38,0,0.5,0.43,1,0,1,1,0
weak,6,Random Forest,0.4,0.6,44,0,0.56,0.51,1,1,0,0,0
weak,6,Random Forest,0.4,0.6,170,1,0.52,0.52,1,1,0,0,0
weak,6,Random Forest,0.4,0.6,165,1,0.59,0.56,1,1,0,0,0
weak,6,Random Forest,0.4,0.6,188,1,0.54,0.77,1,1,0,0,0
weak,6,XGBoost,0.2,0.8,104,1,0.5083296895027161,0.9353811740875244,1,1,0,0,0
weak,6,XGBoost,0.2,0.8,132,1,0.6403592824935913,0.6338794827461243,1,1,0,0,0
weak,6,XGBoost,0.2,0.8,68,0,0.6580924987792969,0.5332492589950562,1,1,0,0,0
weak,6,XGBoost,0.2,0.8,134,1,0.5279711484909058,0.9691169857978821,1,1,0,0,0
weak,6,XGBoost,0.2,0.8,37,0,0.21924404799938202,0.06202734634280205,0,0,0,0,0
weak,6,XGBoost,0.2,0.8,25,0,0.2607603669166565,0.41334235668182373,0,0,0,0,0
weak,6,XGBoost,0.2,0.8,58,0,0.636204183101654,0.7130861878395081,1,1,0,0,0
weak,6,XGBoost,0.2,0.8,148,1,0.480243980884552,0.860557496547699,0,1,1,1,0
weak,6,XGBoost,0.2,0.8,44,0,0.6429005861282349,0.793734610080719,1,1,0,0,0
weak,6,XGBoost,0.2,0.8,114,1,0.6402798891067505,0.603836715221405,1,1,0,0,0
weak,6,XGBoost,0.2,0.8,170,1,0.21460887789726257,0.22900442779064178,0,0,0,0,0
weak,6,XGBoost,0.2,0.8,173,1,0.5391048192977905,0.506371021270752,1,1,0,0,0
weak,6,XGBoost,0.2,0.8,79,0,0.7171285152435303,0.9379756450653076,1,1,0,0,0
weak,6,XGBoost,0.2,0.8,165,1,0.33975449204444885,0.8418135643005371,0,1,1,1,0
weak,6,XGBoost,0.2,0.8,188,1,0.785512387752533,0.9628788232803345,1,1,0,0,0
weak,6,XGBoost,0.2,0.8,147,1,0.27508917450904846,0.4110853672027588,0,0,0,0,0
weak,6,XGBoost,0.2,0.8,186,1,0.7810076475143433,0.7002519965171814,1,1,0,0,0
weak,6,XGBoost,0.3,0.7,104,1,0.5083296895027161,0.9353811740875244,1,1,0,0,0
weak,6,XGBoost,0.3,0.7,132,1,0.6403592824935913,0.6338794827461243,1,1,0,0,0
weak,6,XGBoost,0.3,0.7,68,0,0.6580924987792969,0.5332492589950562,1,1,0,0,0
weak,6,XGBoost,0.3,0.7,134,1,0.5279711484909058,0.9691169857978821,1,1,0,0,0
weak,6,XGBoost,0.3,0.7,58,0,0.636204183101654,0.7130861878395081,1,1,0,0,0
weak,6,XGBoost,0.3,0.7,148,1,0.480243980884552,0.860557496547699,0,1,1,1,0
weak,6,XGBoost,0.3,0.7,44,0,0.6429005861282349,0.793734610080719,1,1,0,0,0
weak,6,XGBoost,0.3,0.7,114,1,0.6402798891067505,0.603836715221405,1,1,0,0,0
weak,6,XGBoost,0.3,0.7,173,1,0.5391048192977905,0.506371021270752,1,1,0,0,0
weak,6,XGBoost,0.3,0.7,165,1,0.33975449204444885,0.8418135643005371,0,1,1,1,0
weak,6,XGBoost,0.4,0.6,104,1,0.5083296895027161,0.9353811740875244,1,1,0,0,0
weak,6,XGBoost,0.4,0.6,134,1,0.5279711484909058,0.9691169857978821,1,1,0,0,0
weak,6,XGBoost,0.4,0.6,148,1,0.480243980884552,0.860557496547699,0,1,1,1,0
weak,6,XGBoost,0.4,0.6,173,1,0.5391048192977905,0.506371021270752,1,1,0,0,0
weak,7,Logistic Regression,0.2,0.8,12,0,0.2921992428805855,0.19730625394244042,0,0,0,0,0
weak,7,Logistic Regression,0.2,0.8,181,1,0.34391960157601825,0.9499579244292291,0,1,1,1,0
weak,7,Logistic Regression,0.2,0.8,67,0,0.6468657327738387,0.24537254587883786,1,0,1,1,0
weak,7,Logistic Regression,0.2,0.8,178,1,0.39290063885766663,0.6731591458073979,0,1,1,1,0
weak,7,Logistic Regression,0.2,0.8,90,0,0.35619554373728657,0.03087436686796125,0,0,0,0,0
weak,7,Logistic Regression,0.2,0.8,131,1,0.6612772285371861,0.7395756532630242,1,1,0,0,0
weak,7,Logistic Regression,0.2,0.8,40,0,0.6054449055727051,0.19085219158660213,1,0,1,1,0
weak,7,Logistic Regression,0.2,0.8,44,0,0.3871080551142422,0.07699964152179321,0,0,0,0,0
weak,7,Logistic Regression,0.2,0.8,77,0,0.3245516231240252,0.13731723696504244,0,0,0,0,0
weak,7,Logistic Regression,0.2,0.8,79,0,0.7334080635921175,0.4599251227465629,1,0,1,1,0
weak,7,Logistic Regression,0.2,0.8,110,1,0.5468520230970911,0.8578729711328924,1,1,0,0,0
weak,7,Logistic Regression,0.2,0.8,180,1,0.30327819099052755,0.4035118501332895,0,0,0,0,0
weak,7,Logistic Regression,0.2,0.8,97,0,0.6939992661465707,0.7268379725376819,1,1,0,0,0
weak,7,Logistic Regression,0.2,0.8,104,1,0.7789799875780872,0.9568197146000879,1,1,0,0,0
weak,7,Logistic Regression,0.2,0.8,2,0,0.5167883254775449,0.040898923216911846,1,0,1,1,0
weak,7,Logistic Regression,0.2,0.8,65,0,0.6061222928716524,0.4042482154913903,1,0,1,1,0
weak,7,Logistic Regression,0.2,0.8,191,1,0.574190037202277,0.764713734677103,1,1,0,0,0
weak,7,Logistic Regression,0.2,0.8,152,1,0.4385974744875324,0.12513522041716368,0,0,0,0,0
weak,7,Logistic Regression,0.2,0.8,159,1,0.46749748862604373,0.8178821717130047,0,1,1,1,0
weak,7,Logistic Regression,0.2,0.8,137,1,0.6229214967677285,0.8603558046005538,1,1,0,0,0
weak,7,Logistic Regression,0.2,0.8,173,1,0.36367777437689053,0.8560139916481235,0,1,1,1,0
weak,7,Logistic Regression,0.2,0.8,81,0,0.41425904928354457,0.25151449257998076,0,0,0,0,0
weak,7,Logistic Regression,0.2,0.8,1,0,0.5527011888287137,0.46939071296527984,1,0,1,1,0
weak,7,Logistic Regression,0.2,0.8,112,1,0.5397652079295236,0.4484311416986249,1,0,1,0,1
weak,7,Logistic Regression,0.2,0.8,64,0,0.23697606809710828,0.08294787808312082,0,0,0,0,0
weak,7,Logistic Regression,0.2,0.8,74,0,0.22939172107945155,0.08780819289568707,0,0,0,0,0
weak,7,Logistic Regression,0.2,0.8,135,1,0.5877452960724222,0.8935129669980586,1,1,0,0,0
weak,7,Logistic Regression,0.2,0.8,13,0,0.5254280466946898,0.14235961382849907,1,0,1,1,0
weak,7,Logistic Regression,0.2,0.8,120,1,0.5485258409732067,0.4840609195176601,1,0,1,0,1
weak,7,Logistic Regression,0.2,0.8,184,1,0.7842861743438015,0.9672707504682916,1,1,0,0,0
weak,7,Logistic Regression,0.2,0.8,189,1,0.42916878369352746,0.9148050788642272,0,1,1,1,0
weak,7,Logistic Regression,0.2,0.8,151,1,0.36484885718661875,0.3587308954584038,0,0,0,0,0
weak,7,Logistic Regression,0.2,0.8,199,1,0.7333164009924427,0.8114418554068554,1,1,0,0,0
weak,7,Logistic Regression,0.2,0.8,92,0,0.7403958497152294,0.7615840641693035,1,1,0,0,0
weak,7,Logistic Regression,0.2,0.8,154,1,0.7377544977245245,0.9375099177865157,1,1,0,0,0
weak,7,Logistic Regression,0.2,0.8,125,1,0.6331537448600847,0.9888679748856011,1,1,0,0,0
weak,7,Logistic Regression,0.2,0.8,19,0,0.654606271623956,0.489478747313283,1,0,1,1,0
weak,7,Logistic Regression,0.2,0.8,9,0,0.7809684151346273,0.66520235635733,1,1,0,0,0
weak,7,Logistic Regression,0.2,0.8,5,0,0.22748781292864123,0.21716567233621334,0,0,0,0,0
weak,7,Logistic Regression,0.2,0.8,78,0,0.7750484730073856,0.5646635121749493,1,1,0,0,0
weak,7,Logistic Regression,0.3,0.7,181,1,0.34391960157601825,0.9499579244292291,0,1,1,1,0
weak,7,Logistic Regression,0.3,0.7,67,0,0.6468657327738387,0.24537254587883786,1,0,1,1,0
weak,7,Logistic Regression,0.3,0.7,178,1,0.39290063885766663,0.6731591458073979,0,1,1,1,0
weak,7,Logistic Regression,0.3,0.7,90,0,0.35619554373728657,0.03087436686796125,0,0,0,0,0
weak,7,Logistic Regression,0.3,0.7,131,1,0.6612772285371861,0.7395756532630242,1,1,0,0,0
weak,7,Logistic Regression,0.3,0.7,40,0,0.6054449055727051,0.19085219158660213,1,0,1,1,0
weak,7,Logistic Regression,0.3,0.7,44,0,0.3871080551142422,0.07699964152179321,0,0,0,0,0
weak,7,Logistic Regression,0.3,0.7,77,0,0.3245516231240252,0.13731723696504244,0,0,0,0,0
weak,7,Logistic Regression,0.3,0.7,110,1,0.5468520230970911,0.8578729711328924,1,1,0,0,0
weak,7,Logistic Regression,0.3,0.7,180,1,0.30327819099052755,0.4035118501332895,0,0,0,0,0
weak,7,Logistic Regression,0.3,0.7,97,0,0.6939992661465707,0.7268379725376819,1,1,0,0,0
weak,7,Logistic Regression,0.3,0.7,2,0,0.5167883254775449,0.040898923216911846,1,0,1,1,0
weak,7,Logistic Regression,0.3,0.7,65,0,0.6061222928716524,0.4042482154913903,1,0,1,1,0
weak,7,Logistic Regression,0.3,0.7,191,1,0.574190037202277,0.764713734677103,1,1,0,0,0
weak,7,Logistic Regression,0.3,0.7,152,1,0.4385974744875324,0.12513522041716368,0,0,0,0,0
weak,7,Logistic Regression,0.3,0.7,159,1,0.46749748862604373,0.8178821717130047,0,1,1,1,0
weak,7,Logistic Regression,0.3,0.7,137,1,0.6229214967677285,0.8603558046005538,1,1,0,0,0
weak,7,Logistic Regression,0.3,0.7,173,1,0.36367777437689053,0.8560139916481235,0,1,1,1,0
weak,7,Logistic Regression,0.3,0.7,81,0,0.41425904928354457,0.25151449257998076,0,0,0,0,0
weak,7,Logistic Regression,0.3,0.7,1,0,0.5527011888287137,0.46939071296527984,1,0,1,1,0
weak,7,Logistic Regression,0.3,0.7,112,1,0.5397652079295236,0.4484311416986249,1,0,1,0,1
weak,7,Logistic Regression,0.3,0.7,135,1,0.5877452960724222,0.8935129669980586,1,1,0,0,0
weak,7,Logistic Regression,0.3,0.7,13,0,0.5254280466946898,0.14235961382849907,1,0,1,1,0
weak,7,Logistic Regression,0.3,0.7,120,1,0.5485258409732067,0.4840609195176601,1,0,1,0,1
weak,7,Logistic Regression,0.3,0.7,189,1,0.42916878369352746,0.9148050788642272,0,1,1,1,0
weak,7,Logistic Regression,0.3,0.7,151,1,0.36484885718661875,0.3587308954584038,0,0,0,0,0
weak,7,Logistic Regression,0.3,0.7,125,1,0.6331537448600847,0.9888679748856011,1,1,0,0,0
weak,7,Logistic Regression,0.3,0.7,19,0,0.654606271623956,0.489478747313283,1,0,1,1,0
weak,7,Logistic Regression,0.4,0.6,110,1,0.5468520230970911,0.8578729711328924,1,1,0,0,0
weak,7,Logistic Regression,0.4,0.6,2,0,0.5167883254775449,0.040898923216911846,1,0,1,1,0
weak,7,Logistic Regression,0.4,0.6,191,1,0.574190037202277,0.764713734677103,1,1,0,0,0
weak,7,Logistic Regression,0.4,0.6,152,1,0.4385974744875324,0.12513522041716368,0,0,0,0,0
weak,7,Logistic Regression,0.4,0.6,159,1,0.46749748862604373,0.8178821717130047,0,1,1,1,0
weak,7,Logistic Regression,0.4,0.6,81,0,0.41425904928354457,0.25151449257998076,0,0,0,0,0
weak,7,Logistic Regression,0.4,0.6,1,0,0.5527011888287137,0.46939071296527984,1,0,1,1,0
weak,7,Logistic Regression,0.4,0.6,112,1,0.5397652079295236,0.4484311416986249,1,0,1,0,1
weak,7,Logistic Regression,0.4,0.6,135,1,0.5877452960724222,0.8935129669980586,1,1,0,0,0
weak,7,Logistic Regression,0.4,0.6,13,0,0.5254280466946898,0.14235961382849907,1,0,1,1,0
weak,7,Logistic Regression,0.4,0.6,120,1,0.5485258409732067,0.4840609195176601,1,0,1,0,1
weak,7,Logistic Regression,0.4,0.6,189,1,0.42916878369352746,0.9148050788642272,0,1,1,1,0
weak,7,Random Forest,0.2,0.8,144,1,0.38,0.46,0,0,0,0,0
weak,7,Random Forest,0.2,0.8,181,1,0.77,0.84,1,1,0,0,0
weak,7,Random Forest,0.2,0.8,67,0,0.32,0.25,0,0,0,0,0
weak,7,Random Forest,0.2,0.8,178,1,0.63,0.62,1,1,0,0,0
weak,7,Random Forest,0.2,0.8,131,1,0.53,0.57,1,1,0,0,0
weak,7,Random Forest,0.2,0.8,40,0,0.46,0.4,0,0,0,0,0
weak,7,Random Forest,0.2,0.8,128,1,0.45,0.6,0,1,1,1,0
weak,7,Random Forest,0.2,0.8,44,0,0.5,0.48,1,0,1,1,0
weak,7,Random Forest,0.2,0.8,79,0,0.75,0.71,1,1,0,0,0
weak,7,Random Forest,0.2,0.8,59,0,0.33,0.41,0,0,0,0,0
weak,7,Random Forest,0.2,0.8,110,1,0.6,0.69,1,1,0,0,0
weak,7,Random Forest,0.2,0.8,138,1,0.72,0.68,1,1,0,0,0
weak,7,Random Forest,0.2,0.8,180,1,0.56,0.54,1,1,0,0,0
weak,7,Random Forest,0.2,0.8,24,0,0.22,0.21,0,0,0,0,0
weak,7,Random Forest,0.2,0.8,167,1,0.73,0.66,1,1,0,0,0
weak,7,Random Forest,0.2,0.8,97,0,0.22,0.18,0,0,0,0,0
weak,7,Random Forest,0.2,0.8,104,1,0.68,0.79,1,1,0,0,0
weak,7,Random Forest,0.2,0.8,20,0,0.39,0.36,0,0,0,0,0
weak,7,Random Forest,0.2,0.8,2,0,0.24,0.23,0,0,0,0,0
weak,7,Random Forest,0.2,0.8,65,0,0.53,0.49,1,0,1,1,0
weak,7,Random Forest,0.2,0.8,191,1,0.74,0.76,1,1,0,0,0
weak,7,Random Forest,0.2,0.8,152,1,0.57,0.61,1,1,0,0,0
weak,7,Random Forest,0.2,0.8,159,1,0.63,0.72,1,1,0,0,0
weak,7,Random Forest,0.2,0.8,137,1,0.69,0.82,1,1,0,0,0
weak,7,Random Forest,0.2,0.8,173,1,0.52,0.6,1,1,0,0,0
weak,7,Random Forest,0.2,0.8,35,0,0.22,0.27,0,0,0,0,0
weak,7,Random Forest,0.2,0.8,1,0,0.48,0.66,0,1,1,0,1
weak,7,Random Forest,0.2,0.8,112,1,0.6,0.6,1,1,0,0,0
weak,7,Random Forest,0.2,0.8,162,1,0.6,0.77,1,1,0,0,0
weak,7,Random Forest,0.2,0.8,64,0,0.3,0.28,0,0,0,0,0
weak,7,Random Forest,0.2,0.8,74,0,0.56,0.46,1,0,1,1,0
weak,7,Random Forest,0.2,0.8,34,0,0.28,0.25,0,0,0,0,0
weak,7,Random Forest,0.2,0.8,135,1,0.66,0.74,1,1,0,0,0
weak,7,Random Forest,0.2,0.8,7,0,0.24,0.22,0,0,0,0,0
weak,7,Random Forest,0.2,0.8,13,0,0.3,0.29,0,0,0,0,0
weak,7,Random Forest,0.2,0.8,109,1,0.39,0.65,0,1,1,1,0
weak,7,Random Forest,0.2,0.8,120,1,0.57,0.49,1,0,1,0,1
weak,7,Random Forest,0.2,0.8,184,1,0.64,0.78,1,1,0,0,0
weak,7,Random Forest,0.2,0.8,186,1,0.76,0.71,1,1,0,0,0
weak,7,Random Forest,0.2,0.8,189,1,0.58,0.84,1,1,0,0,0
weak,7,Random Forest,0.2,0.8,151,1,0.68,0.62,1,1,0,0,0
weak,7,Random Forest,0.2,0.8,199,1,0.7,0.79,1,1,0,0,0
weak,7,Random Forest,0.2,0.8,92,0,0.73,0.65,1,1,0,0,0
weak,7,Random Forest,0.2,0.8,154,1,0.61,0.57,1,1,0,0,0
weak,7,Random Forest,0.2,0.8,125,1,0.52,0.7,1,1,0,0,0
weak,7,Random Forest,0.2,0.8,133,1,0.66,0.76,1,1,0,0,0
weak,7,Random Forest,0.2,0.8,164,1,0.75,0.74,1,1,0,0,0
weak,7,Random Forest,0.2,0.8,9,0,0.5,0.43,1,0,1,1,0
weak,7,Random Forest,0.2,0.8,5,0,0.44,0.47,0,0,0,0,0
weak,7,Random Forest,0.3,0.7,144,1,0.38,0.46,0,0,0,0,0
weak,7,Random Forest,0.3,0.7,67,0,0.32,0.25,0,0,0,0,0
weak,7,Random Forest,0.3,0.7,178,1,0.63,0.62,1,1,0,0,0
weak,7,Random Forest,0.3,0.7,131,1,0.53,0.57,1,1,0,0,0
weak,7,Random Forest,0.3,0.7,40,0,0.46,0.4,0,0,0,0,0
weak,7,Random Forest,0.3,0.7,128,1,0.45,0.6,0,1,1,1,0
weak,7,Random Forest,0.3,0.7,44,0,0.5,0.48,1,0,1,1,0
weak,7,Random Forest,0.3,0.7,59,0,0.33,0.41,0,0,0,0,0
weak,7,Random Forest,0.3,0.7,110,1,0.6,0.69,1,1,0,0,0
weak,7,Random Forest,0.3,0.7,180,1,0.56,0.54,1,1,0,0,0
weak,7,Random Forest,0.3,0.7,104,1,0.68,0.79,1,1,0,0,0
weak,7,Random Forest,0.3,0.7,20,0,0.39,0.36,0,0,0,0,0
weak,7,Random Forest,0.3,0.7,65,0,0.53,0.49,1,0,1,1,0
weak,7,Random Forest,0.3,0.7,152,1,0.57,0.61,1,1,0,0,0
weak,7,Random Forest,0.3,0.7,159,1,0.63,0.72,1,1,0,0,0
weak,7,Random Forest,0.3,0.7,137,1,0.69,0.82,1,1,0,0,0
weak,7,Random Forest,0.3,0.7,173,1,0.52,0.6,1,1,0,0,0
weak,7,Random Forest,0.3,0.7,1,0,0.48,0.66,0,1,1,0,1
weak,7,Random Forest,0.3,0.7,112,1,0.6,0.6,1,1,0,0,0
weak,7,Random Forest,0.3,0.7,162,1,0.6,0.77,1,1,0,0,0
weak,7,Random Forest,0.3,0.7,74,0,0.56,0.46,1,0,1,1,0
weak,7,Random Forest,0.3,0.7,135,1,0.66,0.74,1,1,0,0,0
weak,7,Random Forest,0.3,0.7,109,1,0.39,0.65,0,1,1,1,0
weak,7,Random Forest,0.3,0.7,120,1,0.57,0.49,1,0,1,0,1
weak,7,Random Forest,0.3,0.7,184,1,0.64,0.78,1,1,0,0,0
weak,7,Random Forest,0.3,0.7,189,1,0.58,0.84,1,1,0,0,0
weak,7,Random Forest,0.3,0.7,151,1,0.68,0.62,1,1,0,0,0
weak,7,Random Forest,0.3,0.7,154,1,0.61,0.57,1,1,0,0,0
weak,7,Random Forest,0.3,0.7,125,1,0.52,0.7,1,1,0,0,0
weak,7,Random Forest,0.3,0.7,133,1,0.66,0.76,1,1,0,0,0
weak,7,Random Forest,0.3,0.7,9,0,0.5,0.43,1,0,1,1,0
weak,7,Random Forest,0.3,0.7,5,0,0.44,0.47,0,0,0,0,0
weak,7,Random Forest,0.4,0.6,131,1,0.53,0.57,1,1,0,0,0
weak,7,Random Forest,0.4,0.6,40,0,0.46,0.4,0,0,0,0,0
weak,7,Random Forest,0.4,0.6,128,1,0.45,0.6,0,1,1,1,0
weak,7,Random Forest,0.4,0.6,44,0,0.5,0.48,1,0,1,1,0
weak,7,Random Forest,0.4,0.6,180,1,0.56,0.54,1,1,0,0,0
weak,7,Random Forest,0.4,0.6,65,0,0.53,0.49,1,0,1,1,0
weak,7,Random Forest,0.4,0.6,152,1,0.57,0.61,1,1,0,0,0
weak,7,Random Forest,0.4,0.6,173,1,0.52,0.6,1,1,0,0,0
weak,7,Random Forest,0.4,0.6,1,0,0.48,0.66,0,1,1,0,1
weak,7,Random Forest,0.4,0.6,74,0,0.56,0.46,1,0,1,1,0
weak,7,Random Forest,0.4,0.6,120,1,0.57,0.49,1,0,1,0,1
weak,7,Random Forest,0.4,0.6,189,1,0.58,0.84,1,1,0,0,0
weak,7,Random Forest,0.4,0.6,125,1,0.52,0.7,1,1,0,0,0
weak,7,Random Forest,0.4,0.6,9,0,0.5,0.43,1,0,1,1,0
weak,7,Random Forest,0.4,0.6,5,0,0.44,0.47,0,0,0,0,0
weak,7,XGBoost,0.2,0.8,144,1,0.43313106894493103,0.5215778350830078,0,1,1,1,0
weak,7,XGBoost,0.2,0.8,131,1,0.25419893860816956,0.28240129351615906,0,0,0,0,0
weak,7,XGBoost,0.2,0.8,128,1,0.44691020250320435,0.75905442237854,0,1,1,1,0
weak,7,XGBoost,0.2,0.8,44,0,0.7025701999664307,0.8419053554534912,1,1,0,0,0
weak,7,XGBoost,0.2,0.8,79,0,0.7375929951667786,0.8750110864639282,1,1,0,0,0
weak,7,XGBoost,0.2,0.8,59,0,0.2771008312702179,0.08088942617177963,0,0,0,0,0
weak,7,XGBoost,0.2,0.8,180,1,0.6924798488616943,0.8421350121498108,1,1,0,0,0
weak,7,XGBoost,0.2,0.8,104,1,0.6997230052947998,0.9651485681533813,1,1,0,0,0
weak,7,XGBoost,0.2,0.8,20,0,0.20225413143634796,0.13803666830062866,0,0,0,0,0
weak,7,XGBoost,0.2,0.8,65,0,0.7462865114212036,0.5167859196662903,1,1,0,0,0
weak,7,XGBoost,0.2,0.8,152,1,0.6788309812545776,0.8177049160003662,1,1,0,0,0
weak,7,XGBoost,0.2,0.8,173,1,0.5439478158950806,0.8175058960914612,1,1,0,0,0
weak,7,XGBoost,0.2,0.8,1,0,0.5667964816093445,0.6934145092964172,1,1,0,0,0
weak,7,XGBoost,0.2,0.8,112,1,0.49807611107826233,0.565841019153595,0,1,1,1,0
weak,7,XGBoost,0.2,0.8,74,0,0.39141926169395447,0.4379120469093323,0,0,0,0,0
weak,7,XGBoost,0.2,0.8,109,1,0.6387322545051575,0.8780992031097412,1,1,0,0,0
weak,7,XGBoost,0.2,0.8,186,1,0.7157442569732666,0.8181360363960266,1,1,0,0,0
weak,7,XGBoost,0.2,0.8,189,1,0.7283824682235718,0.9290796518325806,1,1,0,0,0
weak,7,XGBoost,0.2,0.8,199,1,0.74176424741745,0.8332743048667908,1,1,0,0,0
weak,7,XGBoost,0.2,0.8,154,1,0.5131456255912781,0.7040345668792725,1,1,0,0,0
weak,7,XGBoost,0.2,0.8,125,1,0.720893383026123,0.9430028200149536,1,1,0,0,0
weak,7,XGBoost,0.2,0.8,9,0,0.5233400464057922,0.749112069606781,1,1,0,0,0
weak,7,XGBoost,0.2,0.8,5,0,0.2302715927362442,0.23569104075431824,0,0,0,0,0
weak,7,XGBoost,0.3,0.7,144,1,0.43313106894493103,0.5215778350830078,0,1,1,1,0
weak,7,XGBoost,0.3,0.7,128,1,0.44691020250320435,0.75905442237854,0,1,1,1,0
weak,7,XGBoost,0.3,0.7,180,1,0.6924798488616943,0.8421350121498108,1,1,0,0,0
weak,7,XGBoost,0.3,0.7,104,1,0.6997230052947998,0.9651485681533813,1,1,0,0,0
weak,7,XGBoost,0.3,0.7,152,1,0.6788309812545776,0.8177049160003662,1,1,0,0,0
weak,7,XGBoost,0.3,0.7,173,1,0.5439478158950806,0.8175058960914612,1,1,0,0,0
weak,7,XGBoost,0.3,0.7,1,0,0.5667964816093445,0.6934145092964172,1,1,0,0,0
weak,7,XGBoost,0.3,0.7,112,1,0.49807611107826233,0.565841019153595,0,1,1,1,0
weak,7,XGBoost,0.3,0.7,74,0,0.39141926169395447,0.4379120469093323,0,0,0,0,0
weak,7,XGBoost,0.3,0.7,109,1,0.6387322545051575,0.8780992031097412,1,1,0,0,0
weak,7,XGBoost,0.3,0.7,154,1,0.5131456255912781,0.7040345668792725,1,1,0,0,0
weak,7,XGBoost,0.3,0.7,9,0,0.5233400464057922,0.749112069606781,1,1,0,0,0
weak,7,XGBoost,0.4,0.6,144,1,0.43313106894493103,0.5215778350830078,0,1,1,1,0
weak,7,XGBoost,0.4,0.6,128,1,0.44691020250320435,0.75905442237854,0,1,1,1,0
weak,7,XGBoost,0.4,0.6,173,1,0.5439478158950806,0.8175058960914612,1,1,0,0,0
weak,7,XGBoost,0.4,0.6,1,0,0.5667964816093445,0.6934145092964172,1,1,0,0,0
weak,7,XGBoost,0.4,0.6,112,1,0.49807611107826233,0.565841019153595,0,1,1,1,0
weak,7,XGBoost,0.4,0.6,154,1,0.5131456255912781,0.7040345668792725,1,1,0,0,0
weak,7,XGBoost,0.4,0.6,9,0,0.5233400464057922,0.749112069606781,1,1,0,0,0
weak,8,Logistic Regression,0.2,0.8,76,0,0.6825536542209709,0.57640743507306,1,1,0,0,0
weak,8,Logistic Regression,0.2,0.8,84,0,0.5106731813290086,0.08665645186339843,1,0,1,1,0
weak,8,Logistic Regression,0.2,0.8,142,1,0.6495590375518686,0.8535131974776595,1,1,0,0,0
weak,8,Logistic Regression,0.2,0.8,170,1,0.48899618704446673,0.012765306536448993,0,0,0,0,0
weak,8,Logistic Regression,0.2,0.8,49,0,0.5368350255630574,0.1926911071032535,1,0,1,1,0
weak,8,Logistic Regression,0.2,0.8,199,1,0.5593401690219163,0.6384150466615786,1,1,0,0,0
weak,8,Logistic Regression,0.2,0.8,34,0,0.7166411179347173,0.06520462633661721,1,0,1,1,0
weak,8,Logistic Regression,0.2,0.8,2,0,0.5713760656904957,0.03735414041928167,1,0,1,1,0
weak,8,Logistic Regression,0.2,0.8,74,0,0.20961515423644841,0.007853148221228559,0,0,0,0,0
weak,8,Logistic Regression,0.2,0.8,136,1,0.48152395034866724,0.022983285097838455,0,0,0,0,0
weak,8,Logistic Regression,0.2,0.8,63,0,0.3700657939229641,0.04442809724908601,0,0,0,0,0
weak,8,Logistic Regression,0.2,0.8,138,1,0.7180410930240159,0.9718864980038483,1,1,0,0,0
weak,8,Logistic Regression,0.2,0.8,8,0,0.37598014388620443,0.0029975205506135565,0,0,0,0,0
weak,8,Logistic Regression,0.2,0.8,102,1,0.7808792000125203,0.9939068335870589,1,1,0,0,0
weak,8,Logistic Regression,0.2,0.8,45,0,0.5678472301105807,0.9374738141896177,1,1,0,0,0
weak,8,Logistic Regression,0.2,0.8,96,0,0.25432321153675486,0.00790065828198362,0,0,0,0,0
weak,8,Logistic Regression,0.2,0.8,41,0,0.34504242421069087,0.06920554701033166,0,0,0,0,0
weak,8,Logistic Regression,0.2,0.8,68,0,0.6686923033143751,0.05148224379319089,1,0,1,1,0
weak,8,Logistic Regression,0.2,0.8,149,1,0.36930221736861896,0.817365427831483,0,1,1,1,0
weak,8,Logistic Regression,0.2,0.8,184,1,0.7084403941327391,0.997909055327076,1,1,0,0,0
weak,8,Logistic Regression,0.2,0.8,181,1,0.27193820608741515,0.9801527528493787,0,1,1,1,0
weak,8,Logistic Regression,0.2,0.8,69,0,0.7976643804534733,0.9961423105264171,1,1,0,0,0
weak,8,Logistic Regression,0.2,0.8,192,1,0.3979918178789087,0.9527643497572732,0,1,1,1,0
weak,8,Logistic Regression,0.2,0.8,140,1,0.29847826755025947,0.5951850585110399,0,1,1,1,0
weak,8,Logistic Regression,0.2,0.8,148,1,0.6936457113090916,0.40616076878924917,1,0,1,0,1
weak,8,Logistic Regression,0.2,0.8,16,0,0.6164789443960269,0.7393294381670993,1,1,0,0,0
weak,8,Logistic Regression,0.2,0.8,92,0,0.7790593509784175,0.7270602628391267,1,1,0,0,0
weak,8,Logistic Regression,0.2,0.8,25,0,0.26073565428587075,0.15626473492380427,0,0,0,0,0
weak,8,Logistic Regression,0.2,0.8,14,0,0.2096333879664055,0.011728403343613117,0,0,0,0,0
weak,8,Logistic Regression,0.2,0.8,90,0,0.22579197065135737,0.00224388523698891,0,0,0,0,0
weak,8,Logistic Regression,0.2,0.8,157,1,0.7675760890408105,0.880221150922399,1,1,0,0,0
weak,8,Logistic Regression,0.2,0.8,3,0,0.2832029778693605,0.01393517530560766,0,0,0,0,0
weak,8,Logistic Regression,0.2,0.8,183,1,0.42395177626060365,0.43427665538036764,0,0,0,0,0
weak,8,Logistic Regression,0.2,0.8,19,0,0.3712111780252982,0.11820771064054272,0,0,0,0,0
weak,8,Logistic Regression,0.2,0.8,118,1,0.5730613704275646,0.13052906495838923,1,0,1,0,1
weak,8,Logistic Regression,0.2,0.8,120,1,0.2157923483984983,0.09095066078459846,0,0,0,0,0
weak,8,Logistic Regression,0.2,0.8,44,0,0.28623179859357395,0.004320865173821182,0,0,0,0,0
weak,8,Logistic Regression,0.2,0.8,77,0,0.2773366506124946,0.05368008865640293,0,0,0,0,0
weak,8,Logistic Regression,0.2,0.8,50,0,0.5040919239790839,0.1424572417024777,1,0,1,1,0
weak,8,Logistic Regression,0.2,0.8,189,1,0.3830641402606173,0.9539452171288122,0,1,1,1,0
weak,8,Logistic Regression,0.2,0.8,127,1,0.5425770063106743,0.37894271524787615,1,0,1,0,1
weak,8,Logistic Regression,0.2,0.8,185,1,0.47093316806824664,0.8883991068898018,0,1,1,1,0
weak,8,Logistic Regression,0.2,0.8,160,1,0.7240184836029302,0.9751757071747867,1,1,0,0,0
weak,8,Logistic Regression,0.3,0.7,76,0,0.6825536542209709,0.57640743507306,1,1,0,0,0
weak,8,Logistic Regression,0.3,0.7,84,0,0.5106731813290086,0.08665645186339843,1,0,1,1,0
weak,8,Logistic Regression,0.3,0.7,142,1,0.6495590375518686,0.8535131974776595,1,1,0,0,0
weak,8,Logistic Regression,0.3,0.7,170,1,0.48899618704446673,0.012765306536448993,0,0,0,0,0
weak,8,Logistic Regression,0.3,0.7,49,0,0.5368350255630574,0.1926911071032535,1,0,1,1,0
weak,8,Logistic Regression,0.3,0.7,199,1,0.5593401690219163,0.6384150466615786,1,1,0,0,0
weak,8,Logistic Regression,0.3,0.7,2,0,0.5713760656904957,0.03735414041928167,1,0,1,1,0
weak,8,Logistic Regression,0.3,0.7,136,1,0.48152395034866724,0.022983285097838455,0,0,0,0,0
weak,8,Logistic Regression,0.3,0.7,63,0,0.3700657939229641,0.04442809724908601,0,0,0,0,0
weak,8,Logistic Regression,0.3,0.7,8,0,0.37598014388620443,0.0029975205506135565,0,0,0,0,0
weak,8,Logistic Regression,0.3,0.7,45,0,0.5678472301105807,0.9374738141896177,1,1,0,0,0
weak,8,Logistic Regression,0.3,0.7,41,0,0.34504242421069087,0.06920554701033166,0,0,0,0,0
weak,8,Logistic Regression,0.3,0.7,68,0,0.6686923033143751,0.05148224379319089,1,0,1,1,0
weak,8,Logistic Regression,0.3,0.7,149,1,0.36930221736861896,0.817365427831483,0,1,1,1,0
weak,8,Logistic Regression,0.3,0.7,192,1,0.3979918178789087,0.9527643497572732,0,1,1,1,0
weak,8,Logistic Regression,0.3,0.7,148,1,0.6936457113090916,0.40616076878924917,1,0,1,0,1
weak,8,Logistic Regression,0.3,0.7,16,0,0.6164789443960269,0.7393294381670993,1,1,0,0,0
weak,8,Logistic Regression,0.3,0.7,183,1,0.42395177626060365,0.43427665538036764,0,0,0,0,0
weak,8,Logistic Regression,0.3,0.7,19,0,0.3712111780252982,0.11820771064054272,0,0,0,0,0
weak,8,Logistic Regression,0.3,0.7,118,1,0.5730613704275646,0.13052906495838923,1,0,1,0,1
weak,8,Logistic Regression,0.3,0.7,50,0,0.5040919239790839,0.1424572417024777,1,0,1,1,0
weak,8,Logistic Regression,0.3,0.7,189,1,0.3830641402606173,0.9539452171288122,0,1,1,1,0
weak,8,Logistic Regression,0.3,0.7,127,1,0.5425770063106743,0.37894271524787615,1,0,1,0,1
weak,8,Logistic Regression,0.3,0.7,185,1,0.47093316806824664,0.8883991068898018,0,1,1,1,0
weak,8,Logistic Regression,0.4,0.6,84,0,0.5106731813290086,0.08665645186339843,1,0,1,1,0
weak,8,Logistic Regression,0.4,0.6,170,1,0.48899618704446673,0.012765306536448993,0,0,0,0,0
weak,8,Logistic Regression,0.4,0.6,49,0,0.5368350255630574,0.1926911071032535,1,0,1,1,0
weak,8,Logistic Regression,0.4,0.6,199,1,0.5593401690219163,0.6384150466615786,1,1,0,0,0
weak,8,Logistic Regression,0.4,0.6,2,0,0.5713760656904957,0.03735414041928167,1,0,1,1,0
weak,8,Logistic Regression,0.4,0.6,136,1,0.48152395034866724,0.022983285097838455,0,0,0,0,0
weak,8,Logistic Regression,0.4,0.6,45,0,0.5678472301105807,0.9374738141896177,1,1,0,0,0
weak,8,Logistic Regression,0.4,0.6,183,1,0.42395177626060365,0.43427665538036764,0,0,0,0,0
weak,8,Logistic Regression,0.4,0.6,118,1,0.5730613704275646,0.13052906495838923,1,0,1,0,1
weak,8,Logistic Regression,0.4,0.6,50,0,0.5040919239790839,0.1424572417024777,1,0,1,1,0
weak,8,Logistic Regression,0.4,0.6,127,1,0.5425770063106743,0.37894271524787615,1,0,1,0,1
weak,8,Logistic Regression,0.4,0.6,185,1,0.47093316806824664,0.8883991068898018,0,1,1,1,0
weak,8,Random Forest,0.2,0.8,76,0,0.21,0.31,0,0,0,0,0
weak,8,Random Forest,0.2,0.8,84,0,0.56,0.54,1,1,0,0,0
weak,8,Random Forest,0.2,0.8,142,1,0.72,0.82,1,1,0,0,0
weak,8,Random Forest,0.2,0.8,9,0,0.46,0.48,0,0,0,0,0
weak,8,Random Forest,0.2,0.8,170,1,0.49,0.39,0,0,0,0,0
weak,8,Random Forest,0.2,0.8,49,0,0.27,0.2,0,0,0,0,0
weak,8,Random Forest,0.2,0.8,199,1,0.53,0.66,1,1,0,0,0
weak,8,Random Forest,0.2,0.8,123,1,0.42,0.66,0,1,1,1,0
weak,8,Random Forest,0.2,0.8,74,0,0.55,0.4,1,0,1,1,0
weak,8,Random Forest,0.2,0.8,136,1,0.72,0.44,1,0,1,0,1
weak,8,Random Forest,0.2,0.8,63,0,0.31,0.27,0,0,0,0,0
weak,8,Random Forest,0.2,0.8,15,0,0.69,0.61,1,1,0,0,0
weak,8,Random Forest,0.2,0.8,102,1,0.79,0.66,1,1,0,0,0
weak,8,Random Forest,0.2,0.8,45,0,0.3,0.42,0,0,0,0,0
weak,8,Random Forest,0.2,0.8,41,0,0.53,0.45,1,0,1,1,0
weak,8,Random Forest,0.2,0.8,68,0,0.58,0.37,1,0,1,1,0
weak,8,Random Forest,0.2,0.8,149,1,0.6,0.55,1,1,0,0,0
weak,8,Random Forest,0.2,0.8,184,1,0.73,0.86,1,1,0,0,0
weak,8,Random Forest,0.2,0.8,181,1,0.65,0.77,1,1,0,0,0
weak,8,Random Forest,0.2,0.8,69,0,0.25,0.49,0,0,0,0,0
weak,8,Random Forest,0.2,0.8,177,1,0.5,0.41,1,0,1,0,1
weak,8,Random Forest,0.2,0.8,192,1,0.79,0.73,1,1,0,0,0
weak,8,Random Forest,0.2,0.8,140,1,0.41,0.49,0,0,0,0,0
weak,8,Random Forest,0.2,0.8,148,1,0.77,0.6,1,1,0,0,0
weak,8,Random Forest,0.2,0.8,16,0,0.62,0.54,1,1,0,0,0
weak,8,Random Forest,0.2,0.8,25,0,0.31,0.48,0,0,0,0,0
weak,8,Random Forest,0.2,0.8,157,1,0.78,0.5,1,1,0,0,0
weak,8,Random Forest,0.2,0.8,187,1,0.76,0.86,1,1,0,0,0
weak,8,Random Forest,0.2,0.8,46,0,0.22,0.13,0,0,0,0,0
weak,8,Random Forest,0.2,0.8,183,1,0.79,0.57,1,1,0,0,0
weak,8,Random Forest,0.2,0.8,120,1,0.6,0.55,1,1,0,0,0
weak,8,Random Forest,0.2,0.8,44,0,0.6,0.49,1,0,1,1,0
weak,8,Random Forest,0.2,0.8,198,1,0.7,0.6,1,1,0,0,0
weak,8,Random Forest,0.2,0.8,189,1,0.58,0.76,1,1,0,0,0
weak,8,Random Forest,0.2,0.8,127,1,0.73,0.59,1,1,0,0,0
weak,8,Random Forest,0.2,0.8,60,0,0.34,0.44,0,0,0,0,0
weak,8,Random Forest,0.2,0.8,185,1,0.75,0.77,1,1,0,0,0
weak,8,Random Forest,0.2,0.8,160,1,0.73,0.72,1,1,0,0,0
weak,8,Random Forest,0.3,0.7,84,0,0.56,0.54,1,1,0,0,0
weak,8,Random Forest,0.3,0.7,9,0,0.46,0.48,0,0,0,0,0
weak,8,Random Forest,0.3,0.7,170,1,0.49,0.39,0,0,0,0,0
weak,8,Random Forest,0.3,0.7,199,1,0.53,0.66,1,1,0,0,0
weak,8,Random Forest,0.3,0.7,123,1,0.42,0.66,0,1,1,1,0
weak,8,Random Forest,0.3,0.7,74,0,0.55,0.4,1,0,1,1,0
weak,8,Random Forest,0.3,0.7,63,0,0.31,0.27,0,0,0,0,0
weak,8,Random Forest,0.3,0.7,15,0,0.69,0.61,1,1,0,0,0
weak,8,Random Forest,0.3,0.7,41,0,0.53,0.45,1,0,1,1,0
weak,8,Random Forest,0.3,0.7,68,0,0.58,0.37,1,0,1,1,0
weak,8,Random Forest,0.3,0.7,149,1,0.6,0.55,1,1,0,0,0
weak,8,Random Forest,0.3,0.7,181,1,0.65,0.77,1,1,0,0,0
weak,8,Random Forest,0.3,0.7,177,1,0.5,0.41,1,0,1,0,1
weak,8,Random Forest,0.3,0.7,140,1,0.41,0.49,0,0,0,0,0
weak,8,Random Forest,0.3,0.7,16,0,0.62,0.54,1,1,0,0,0
weak,8,Random Forest,0.3,0.7,25,0,0.31,0.48,0,0,0,0,0
weak,8,Random Forest,0.3,0.7,120,1,0.6,0.55,1,1,0,0,0
weak,8,Random Forest,0.3,0.7,44,0,0.6,0.49,1,0,1,1,0
weak,8,Random Forest,0.3,0.7,189,1,0.58,0.76,1,1,0,0,0
weak,8,Random Forest,0.3,0.7,60,0,0.34,0.44,0,0,0,0,0
weak,8,Random Forest,0.4,0.6,84,0,0.56,0.54,1,1,0,0,0
weak,8,Random Forest,0.4,0.6,9,0,0.46,0.48,0,0,0,0,0
weak,8,Random Forest,0.4,0.6,170,1,0.49,0.39,0,0,0,0,0
weak,8,Random Forest,0.4,0.6,199,1,0.53,0.66,1,1,0,0,0
weak,8,Random Forest,0.4,0.6,123,1,0.42,0.66,0,1,1,1,0
weak,8,Random Forest,0.4,0.6,74,0,0.55,0.4,1,0,1,1,0
weak,8,Random Forest,0.4,0.6,41,0,0.53,0.45,1,0,1,1,0
weak,8,Random Forest,0.4,0.6,68,0,0.58,0.37,1,0,1,1,0
weak,8,Random Forest,0.4,0.6,177,1,0.5,0.41,1,0,1,0,1
weak,8,Random Forest,0.4,0.6,140,1,0.41,0.49,0,0,0,0,0
weak,8,Random Forest,0.4,0.6,189,1,0.58,0.76,1,1,0,0,0
weak,8,XGBoost,0.2,0.8,9,0,0.6443027853965759,0.392413467168808,1,0,1,1,0
weak,8,XGBoost,0.2,0.8,170,1,0.2932380437850952,0.14389219880104065,0,0,0,0,0
weak,8,XGBoost,0.2,0.8,123,1,0.694266140460968,0.9887449145317078,1,1,0,0,0
weak,8,XGBoost,0.2,0.8,74,0,0.628066897392273,0.20822195708751678,1,0,1,1,0
weak,8,XGBoost,0.2,0.8,41,0,0.6873015761375427,0.3620986342430115,1,0,1,1,0
weak,8,XGBoost,0.2,0.8,68,0,0.7140611410140991,0.10880246013402939,1,0,1,1,0
weak,8,XGBoost,0.2,0.8,181,1,0.40893688797950745,0.8192329406738281,0,1,1,1,0
weak,8,XGBoost,0.2,0.8,177,1,0.2973596751689911,0.33575475215911865,0,0,0,0,0
weak,8,XGBoost,0.2,0.8,148,1,0.6537290215492249,0.4372318685054779,1,0,1,0,1
weak,8,XGBoost,0.2,0.8,187,1,0.7659344673156738,0.9679459929466248,1,1,0,0,0
weak,8,XGBoost,0.2,0.8,44,0,0.6553995609283447,0.7499087452888489,1,1,0,0,0
weak,8,XGBoost,0.2,0.8,189,1,0.5524876117706299,0.8895426988601685,1,1,0,0,0
weak,8,XGBoost,0.2,0.8,127,1,0.7863260507583618,0.7389388680458069,1,1,0,0,0
weak,8,XGBoost,0.2,0.8,60,0,0.21715407073497772,0.26291409134864807,0,0,0,0,0
weak,8,XGBoost,0.3,0.7,9,0,0.6443027853965759,0.392413467168808,1,0,1,1,0
weak,8,XGBoost,0.3,0.7,123,1,0.694266140460968,0.9887449145317078,1,1,0,0,0
weak,8,XGBoost,0.3,0.7,74,0,0.628066897392273,0.20822195708751678,1,0,1,1,0
weak,8,XGBoost,0.3,0.7,41,0,0.6873015761375427,0.3620986342430115,1,0,1,1,0
weak,8,XGBoost,0.3,0.7,181,1,0.40893688797950745,0.8192329406738281,0,1,1,1,0
weak,8,XGBoost,0.3,0.7,148,1,0.6537290215492249,0.4372318685054779,1,0,1,0,1
weak,8,XGBoost,0.3,0.7,44,0,0.6553995609283447,0.7499087452888489,1,1,0,0,0
weak,8,XGBoost,0.3,0.7,189,1,0.5524876117706299,0.8895426988601685,1,1,0,0,0
weak,8,XGBoost,0.4,0.6,181,1,0.40893688797950745,0.8192329406738281,0,1,1,1,0
weak,8,XGBoost,0.4,0.6,189,1,0.5524876117706299,0.8895426988601685,1,1,0,0,0
weak,9,Logistic Regression,0.2,0.8,64,0,0.26163304589622655,0.006863085632226985,0,0,0,0,0
weak,9,Logistic Regression,0.2,0.8,154,1,0.7248147724574198,0.8098214191432731,1,1,0,0,0
weak,9,Logistic Regression,0.2,0.8,66,0,0.6233069173445316,0.990324880319226,1,1,0,0,0
weak,9,Logistic Regression,0.2,0.8,68,0,0.7822932527768841,0.6621821571059603,1,1,0,0,0
weak,9,Logistic Regression,0.2,0.8,91,0,0.4389925281825296,0.018506503687441226,0,0,0,0,0
weak,9,Logistic Regression,0.2,0.8,199,1,0.4423885160201201,0.6926516175498845,0,1,1,1,0
weak,9,Logistic Regression,0.2,0.8,197,1,0.5292041532215653,0.9978406769502035,1,1,0,0,0
weak,9,Logistic Regression,0.2,0.8,148,1,0.5823129716058294,0.3068576346016446,1,0,1,0,1
weak,9,Logistic Regression,0.2,0.8,43,0,0.40029707001202597,0.007113977803187717,0,0,0,0,0
weak,9,Logistic Regression,0.2,0.8,87,0,0.7249646884363373,0.591170750426141,1,1,0,0,0
weak,9,Logistic Regression,0.2,0.8,72,0,0.5400648721741307,0.47879552176903795,1,0,1,1,0
weak,9,Logistic Regression,0.2,0.8,63,0,0.3721220975831063,0.039176594361500894,0,0,0,0,0
weak,9,Logistic Regression,0.2,0.8,158,1,0.38036280051298577,0.8732599185614558,0,1,1,1,0
weak,9,Logistic Regression,0.2,0.8,54,0,0.5782699373720819,0.002413877343437568,1,0,1,1,0
weak,9,Logistic Regression,0.2,0.8,108,1,0.6709366237952679,0.7344712220052734,1,1,0,0,0
weak,9,Logistic Regression,0.2,0.8,34,0,0.7365678381667181,0.04228127456938923,1,0,1,1,0
weak,9,Logistic Regression,0.2,0.8,187,1,0.7913356017131047,0.9892862917885453,1,1,0,0,0
weak,9,Logistic Regression,0.2,0.8,49,0,0.6121397019218943,0.041599122760001266,1,0,1,1,0
weak,9,Logistic Regression,0.2,0.8,140,1,0.35369733989101326,0.2296607488841968,0,0,0,0,0
weak,9,Logistic Regression,0.2,0.8,15,0,0.7732883474021502,0.37977267874875686,1,0,1,1,0
weak,9,Logistic Regression,0.2,0.8,98,0,0.21882814533687245,0.011462842431210152,0,0,0,0,0
weak,9,Logistic Regression,0.2,0.8,193,1,0.2911537239136907,0.31082220610361444,0,0,0,0,0
weak,9,Logistic Regression,0.2,0.8,67,0,0.7626458126722868,0.1328044590150614,1,0,1,1,0
weak,9,Logistic Regression,0.2,0.8,144,1,0.43133204723200813,0.19287824149153596,0,0,0,0,0
weak,9,Logistic Regression,0.2,0.8,160,1,0.7831592593559145,0.9413424383468587,1,1,0,0,0
weak,9,Logistic Regression,0.2,0.8,118,1,0.4296473969979022,0.04227356734805709,0,0,0,0,0
weak,9,Logistic Regression,0.2,0.8,40,0,0.5811845392675146,0.03223869903433907,1,0,1,1,0
weak,9,Logistic Regression,0.2,0.8,136,1,0.3862852603489266,0.1352070710461267,0,0,0,0,0
weak,9,Logistic Regression,0.2,0.8,120,1,0.3360795340320507,0.4237941622035216,0,0,0,0,0
weak,9,Logistic Regression,0.2,0.8,29,0,0.6866973313627454,0.11399855636307475,1,0,1,1,0
weak,9,Logistic Regression,0.2,0.8,161,1,0.7710293766003715,0.839443245796845,1,1,0,0,0
weak,9,Logistic Regression,0.2,0.8,163,1,0.5692447797609642,0.6869262455372929,1,1,0,0,0
weak,9,Logistic Regression,0.2,0.8,110,1,0.6444456574618299,0.8533597875294605,1,1,0,0,0
weak,9,Logistic Regression,0.2,0.8,116,1,0.31823948171376537,0.528215468385383,0,1,1,1,0
weak,9,Logistic Regression,0.2,0.8,184,1,0.7780609551727866,0.959945274521781,1,1,0,0,0
weak,9,Logistic Regression,0.2,0.8,90,0,0.23850808122645656,0.006097016942356934,0,0,0,0,0
weak,9,Logistic Regression,0.2,0.8,150,1,0.5101656428299387,0.989632976021921,1,1,0,0,0
weak,9,Logistic Regression,0.2,0.8,19,0,0.5516552473281855,0.16233219639649007,1,0,1,1,0
weak,9,Logistic Regression,0.2,0.8,100,1,0.7632973250837152,0.8217795155255403,1,1,0,0,0
weak,9,Logistic Regression,0.2,0.8,85,0,0.45237987596856416,0.14592129106554502,0,0,0,0,0
weak,9,Logistic Regression,0.2,0.8,11,0,0.6554610876216644,0.08029574004253827,1,0,1,1,0
weak,9,Logistic Regression,0.2,0.8,145,1,0.37808820017113337,0.03178296493881706,0,0,0,0,0
weak,9,Logistic Regression,0.2,0.8,178,1,0.5554125568102926,0.8451176616453902,1,1,0,0,0
weak,9,Logistic Regression,0.2,0.8,10,0,0.3713189909722478,0.4906754683002306,0,0,0,0,0
weak,9,Logistic Regression,0.2,0.8,8,0,0.29723654378968856,0.0780679920860375,0,0,0,0,0
weak,9,Logistic Regression,0.2,0.8,1,0,0.6647080424897378,0.6136025867660102,1,1,0,0,0
weak,9,Logistic Regression,0.2,0.8,47,0,0.6893058964204053,0.7427560512819612,1,1,0,0,0
weak,9,Logistic Regression,0.3,0.7,66,0,0.6233069173445316,0.990324880319226,1,1,0,0,0
weak,9,Logistic Regression,0.3,0.7,91,0,0.4389925281825296,0.018506503687441226,0,0,0,0,0
weak,9,Logistic Regression,0.3,0.7,199,1,0.4423885160201201,0.6926516175498845,0,1,1,1,0
weak,9,Logistic Regression,0.3,0.7,197,1,0.5292041532215653,0.9978406769502035,1,1,0,0,0
weak,9,Logistic Regression,0.3,0.7,148,1,0.5823129716058294,0.3068576346016446,1,0,1,0,1
weak,9,Logistic Regression,0.3,0.7,43,0,0.40029707001202597,0.007113977803187717,0,0,0,0,0
weak,9,Logistic Regression,0.3,0.7,72,0,0.5400648721741307,0.47879552176903795,1,0,1,1,0
weak,9,Logistic Regression,0.3,0.7,63,0,0.3721220975831063,0.039176594361500894,0,0,0,0,0
weak,9,Logistic Regression,0.3,0.7,158,1,0.38036280051298577,0.8732599185614558,0,1,1,1,0
weak,9,Logistic Regression,0.3,0.7,54,0,0.5782699373720819,0.002413877343437568,1,0,1,1,0
weak,9,Logistic Regression,0.3,0.7,108,1,0.6709366237952679,0.7344712220052734,1,1,0,0,0
weak,9,Logistic Regression,0.3,0.7,49,0,0.6121397019218943,0.041599122760001266,1,0,1,1,0
weak,9,Logistic Regression,0.3,0.7,140,1,0.35369733989101326,0.2296607488841968,0,0,0,0,0
weak,9,Logistic Regression,0.3,0.7,144,1,0.43133204723200813,0.19287824149153596,0,0,0,0,0
weak,9,Logistic Regression,0.3,0.7,118,1,0.4296473969979022,0.04227356734805709,0,0,0,0,0
weak,9,Logistic Regression,0.3,0.7,40,0,0.5811845392675146,0.03223869903433907,1,0,1,1,0
weak,9,Logistic Regression,0.3,0.7,136,1,0.3862852603489266,0.1352070710461267,0,0,0,0,0
weak,9,Logistic Regression,0.3,0.7,120,1,0.3360795340320507,0.4237941622035216,0,0,0,0,0
weak,9,Logistic Regression,0.3,0.7,29,0,0.6866973313627454,0.11399855636307475,1,0,1,1,0
weak,9,Logistic Regression,0.3,0.7,163,1,0.5692447797609642,0.6869262455372929,1,1,0,0,0
weak,9,Logistic Regression,0.3,0.7,110,1,0.6444456574618299,0.8533597875294605,1,1,0,0,0
weak,9,Logistic Regression,0.3,0.7,116,1,0.31823948171376537,0.528215468385383,0,1,1,1,0
weak,9,Logistic Regression,0.3,0.7,150,1,0.5101656428299387,0.989632976021921,1,1,0,0,0
weak,9,Logistic Regression,0.3,0.7,19,0,0.5516552473281855,0.16233219639649007,1,0,1,1,0
weak,9,Logistic Regression,0.3,0.7,85,0,0.45237987596856416,0.14592129106554502,0,0,0,0,0
weak,9,Logistic Regression,0.3,0.7,11,0,0.6554610876216644,0.08029574004253827,1,0,1,1,0
weak,9,Logistic Regression,0.3,0.7,145,1,0.37808820017113337,0.03178296493881706,0,0,0,0,0
weak,9,Logistic Regression,0.3,0.7,178,1,0.5554125568102926,0.8451176616453902,1,1,0,0,0
weak,9,Logistic Regression,0.3,0.7,10,0,0.3713189909722478,0.4906754683002306,0,0,0,0,0
weak,9,Logistic Regression,0.3,0.7,1,0,0.6647080424897378,0.6136025867660102,1,1,0,0,0
weak,9,Logistic Regression,0.3,0.7,47,0,0.6893058964204053,0.7427560512819612,1,1,0,0,0
weak,9,Logistic Regression,0.4,0.6,91,0,0.4389925281825296,0.018506503687441226,0,0,0,0,0
weak,9,Logistic Regression,0.4,0.6,199,1,0.4423885160201201,0.6926516175498845,0,1,1,1,0
weak,9,Logistic Regression,0.4,0.6,197,1,0.5292041532215653,0.9978406769502035,1,1,0,0,0
weak,9,Logistic Regression,0.4,0.6,148,1,0.5823129716058294,0.3068576346016446,1,0,1,0,1
weak,9,Logistic Regression,0.4,0.6,43,0,0.40029707001202597,0.007113977803187717,0,0,0,0,0
weak,9,Logistic Regression,0.4,0.6,72,0,0.5400648721741307,0.47879552176903795,1,0,1,1,0
weak,9,Logistic Regression,0.4,0.6,54,0,0.5782699373720819,0.002413877343437568,1,0,1,1,0
weak,9,Logistic Regression,0.4,0.6,144,1,0.43133204723200813,0.19287824149153596,0,0,0,0,0
weak,9,Logistic Regression,0.4,0.6,118,1,0.4296473969979022,0.04227356734805709,0,0,0,0,0
weak,9,Logistic Regression,0.4,0.6,40,0,0.5811845392675146,0.03223869903433907,1,0,1,1,0
weak,9,Logistic Regression,0.4,0.6,163,1,0.5692447797609642,0.6869262455372929,1,1,0,0,0
weak,9,Logistic Regression,0.4,0.6,150,1,0.5101656428299387,0.989632976021921,1,1,0,0,0
weak,9,Logistic Regression,0.4,0.6,19,0,0.5516552473281855,0.16233219639649007,1,0,1,1,0
weak,9,Logistic Regression,0.4,0.6,85,0,0.45237987596856416,0.14592129106554502,0,0,0,0,0
weak,9,Logistic Regression,0.4,0.6,178,1,0.5554125568102926,0.8451176616453902,1,1,0,0,0
weak,9,Random Forest,0.2,0.8,64,0,0.45,0.41,0,0,0,0,0
weak,9,Random Forest,0.2,0.8,61,0,0.29,0.18,0,0,0,0,0
weak,9,Random Forest,0.2,0.8,154,1,0.59,0.6,1,1,0,0,0
weak,9,Random Forest,0.2,0.8,66,0,0.63,0.73,1,1,0,0,0
weak,9,Random Forest,0.2,0.8,190,1,0.66,0.74,1,1,0,0,0
weak,9,Random Forest,0.2,0.8,68,0,0.65,0.49,1,0,1,1,0
weak,9,Random Forest,0.2,0.8,91,0,0.48,0.42,0,0,0,0,0
weak,9,Random Forest,0.2,0.8,199,1,0.64,0.73,1,1,0,0,0
weak,9,Random Forest,0.2,0.8,197,1,0.68,0.87,1,1,0,0,0
weak,9,Random Forest,0.2,0.8,148,1,0.64,0.52,1,1,0,0,0
weak,9,Random Forest,0.2,0.8,43,0,0.32,0.19,0,0,0,0,0
weak,9,Random Forest,0.2,0.8,87,0,0.41,0.36,0,0,0,0,0
weak,9,Random Forest,0.2,0.8,72,0,0.59,0.66,1,1,0,0,0
weak,9,Random Forest,0.2,0.8,7,0,0.25,0.22,0,0,0,0,0
weak,9,Random Forest,0.2,0.8,63,0,0.42,0.36,0,0,0,0,0
weak,9,Random Forest,0.2,0.8,158,1,0.52,0.73,1,1,0,0,0
weak,9,Random Forest,0.2,0.8,54,0,0.25,0.18,0,0,0,0,0
weak,9,Random Forest,0.2,0.8,20,0,0.42,0.31,0,0,0,0,0
weak,9,Random Forest,0.2,0.8,108,1,0.77,0.67,1,1,0,0,0
weak,9,Random Forest,0.2,0.8,34,0,0.36,0.32,0,0,0,0,0
weak,9,Random Forest,0.2,0.8,187,1,0.73,0.84,1,1,0,0,0
weak,9,Random Forest,0.2,0.8,198,1,0.48,0.41,0,0,0,0,0
weak,9,Random Forest,0.2,0.8,49,0,0.22,0.24,0,0,0,0,0
weak,9,Random Forest,0.2,0.8,140,1,0.52,0.57,1,1,0,0,0
weak,9,Random Forest,0.2,0.8,15,0,0.6,0.68,1,1,0,0,0
weak,9,Random Forest,0.2,0.8,98,0,0.38,0.21,0,0,0,0,0
weak,9,Random Forest,0.2,0.8,193,1,0.62,0.5,1,1,0,0,0
weak,9,Random Forest,0.2,0.8,67,0,0.38,0.32,0,0,0,0,0
weak,9,Random Forest,0.2,0.8,144,1,0.67,0.56,1,1,0,0,0
weak,9,Random Forest,0.2,0.8,160,1,0.79,0.81,1,1,0,0,0
weak,9,Random Forest,0.2,0.8,118,1,0.65,0.65,1,1,0,0,0
weak,9,Random Forest,0.2,0.8,177,1,0.43,0.37,0,0,0,0,0
weak,9,Random Forest,0.2,0.8,40,0,0.42,0.28,0,0,0,0,0
weak,9,Random Forest,0.2,0.8,136,1,0.64,0.53,1,1,0,0,0
weak,9,Random Forest,0.2,0.8,60,0,0.35,0.36,0,0,0,0,0
weak,9,Random Forest,0.2,0.8,120,1,0.59,0.49,1,0,1,0,1
weak,9,Random Forest,0.2,0.8,29,0,0.23,0.18,0,0,0,0,0
weak,9,Random Forest,0.2,0.8,153,1,0.63,0.83,1,1,0,0,0
weak,9,Random Forest,0.2,0.8,163,1,0.68,0.64,1,1,0,0,0
weak,9,Random Forest,0.2,0.8,110,1,0.76,0.67,1,1,0,0,0
weak,9,Random Forest,0.2,0.8,116,1,0.59,0.55,1,1,0,0,0
weak,9,Random Forest,0.2,0.8,184,1,0.75,0.77,1,1,0,0,0
weak,9,Random Forest,0.2,0.8,150,1,0.79,0.8,1,1,0,0,0
weak,9,Random Forest,0.2,0.8,11,0,0.31,0.2,0,0,0,0,0
weak,9,Random Forest,0.2,0.8,145,1,0.74,0.52,1,1,0,0,0
weak,9,Random Forest,0.2,0.8,178,1,0.68,0.67,1,1,0,0,0
weak,9,Random Forest,0.2,0.8,8,0,0.26,0.23,0,0,0,0,0
weak,9,Random Forest,0.2,0.8,1,0,0.54,0.58,1,1,0,0,0
weak,9,Random Forest,0.2,0.8,47,0,0.48,0.5,0,1,1,0,1
weak,9,Random Forest,0.3,0.7,64,0,0.45,0.41,0,0,0,0,0
weak,9,Random Forest,0.3,0.7,154,1,0.59,0.6,1,1,0,0,0
weak,9,Random Forest,0.3,0.7,66,0,0.63,0.73,1,1,0,0,0
weak,9,Random Forest,0.3,0.7,190,1,0.66,0.74,1,1,0,0,0
weak,9,Random Forest,0.3,0.7,68,0,0.65,0.49,1,0,1,1,0
weak,9,Random Forest,0.3,0.7,91,0,0.48,0.42,0,0,0,0,0
weak,9,Random Forest,0.3,0.7,199,1,0.64,0.73,1,1,0,0,0
weak,9,Random Forest,0.3,0.7,197,1,0.68,0.87,1,1,0,0,0
weak,9,Random Forest,0.3,0.7,148,1,0.64,0.52,1,1,0,0,0
weak,9,Random Forest,0.3,0.7,43,0,0.32,0.19,0,0,0,0,0
weak,9,Random Forest,0.3,0.7,87,0,0.41,0.36,0,0,0,0,0
weak,9,Random Forest,0.3,0.7,72,0,0.59,0.66,1,1,0,0,0
weak,9,Random Forest,0.3,0.7,63,0,0.42,0.36,0,0,0,0,0
weak,9,Random Forest,0.3,0.7,158,1,0.52,0.73,1,1,0,0,0
weak,9,Random Forest,0.3,0.7,20,0,0.42,0.31,0,0,0,0,0
weak,9,Random Forest,0.3,0.7,34,0,0.36,0.32,0,0,0,0,0
weak,9,Random Forest,0.3,0.7,198,1,0.48,0.41,0,0,0,0,0
weak,9,Random Forest,0.3,0.7,140,1,0.52,0.57,1,1,0,0,0
weak,9,Random Forest,0.3,0.7,15,0,0.6,0.68,1,1,0,0,0
weak,9,Random Forest,0.3,0.7,98,0,0.38,0.21,0,0,0,0,0
weak,9,Random Forest,0.3,0.7,193,1,0.62,0.5,1,1,0,0,0
weak,9,Random Forest,0.3,0.7,67,0,0.38,0.32,0,0,0,0,0
weak,9,Random Forest,0.3,0.7,144,1,0.67,0.56,1,1,0,0,0
weak,9,Random Forest,0.3,0.7,118,1,0.65,0.65,1,1,0,0,0
weak,9,Random Forest,0.3,0.7,177,1,0.43,0.37,0,0,0,0,0
weak,9,Random Forest,0.3,0.7,40,0,0.42,0.28,0,0,0,0,0
weak,9,Random Forest,0.3,0.7,136,1,0.64,0.53,1,1,0,0,0
weak,9,Random Forest,0.3,0.7,60,0,0.35,0.36,0,0,0,0,0
weak,9,Random Forest,0.3,0.7,120,1,0.59,0.49,1,0,1,0,1
weak,9,Random Forest,0.3,0.7,153,1,0.63,0.83,1,1,0,0,0
weak,9,Random Forest,0.3,0.7,163,1,0.68,0.64,1,1,0,0,0
weak,9,Random Forest,0.3,0.7,116,1,0.59,0.55,1,1,0,0,0
weak,9,Random Forest,0.3,0.7,11,0,0.31,0.2,0,0,0,0,0
weak,9,Random Forest,0.3,0.7,178,1,0.68,0.67,1,1,0,0,0
weak,9,Random Forest,0.3,0.7,1,0,0.54,0.58,1,1,0,0,0
weak,9,Random Forest,0.3,0.7,47,0,0.48,0.5,0,1,1,0,1
weak,9,Random Forest,0.4,0.6,64,0,0.45,0.41,0,0,0,0,0
weak,9,Random Forest,0.4,0.6,154,1,0.59,0.6,1,1,0,0,0
weak,9,Random Forest,0.4,0.6,91,0,0.48,0.42,0,0,0,0,0
weak,9,Random Forest,0.4,0.6,87,0,0.41,0.36,0,0,0,0,0
weak,9,Random Forest,0.4,0.6,72,0,0.59,0.66,1,1,0,0,0
weak,9,Random Forest,0.4,0.6,63,0,0.42,0.36,0,0,0,0,0
weak,9,Random Forest,0.4,0.6,158,1,0.52,0.73,1,1,0,0,0
weak,9,Random Forest,0.4,0.6,20,0,0.42,0.31,0,0,0,0,0
weak,9,Random Forest,0.4,0.6,198,1,0.48,0.41,0,0,0,0,0
weak,9,Random Forest,0.4,0.6,140,1,0.52,0.57,1,1,0,0,0
weak,9,Random Forest,0.4,0.6,177,1,0.43,0.37,0,0,0,0,0
weak,9,Random Forest,0.4,0.6,40,0,0.42,0.28,0,0,0,0,0
weak,9,Random Forest,0.4,0.6,120,1,0.59,0.49,1,0,1,0,1
weak,9,Random Forest,0.4,0.6,116,1,0.59,0.55,1,1,0,0,0
weak,9,Random Forest,0.4,0.6,1,0,0.54,0.58,1,1,0,0,0
weak,9,Random Forest,0.4,0.6,47,0,0.48,0.5,0,1,1,0,1
weak,9,XGBoost,0.2,0.8,64,0,0.39688271284103394,0.08245733380317688,0,0,0,0,0
weak,9,XGBoost,0.2,0.8,154,1,0.6937839388847351,0.5165098905563354,1,1,0,0,0
weak,9,XGBoost,0.2,0.8,68,0,0.3462986350059509,0.4138858914375305,0,0,0,0,0
weak,9,XGBoost,0.2,0.8,91,0,0.6059862375259399,0.25996679067611694,1,0,1,1,0
weak,9,XGBoost,0.2,0.8,197,1,0.7200602889060974,0.970367968082428,1,1,0,0,0
weak,9,XGBoost,0.2,0.8,148,1,0.5855686068534851,0.42379409074783325,1,0,1,0,1
weak,9,XGBoost,0.2,0.8,87,0,0.27323177456855774,0.15926244854927063,0,0,0,0,0
weak,9,XGBoost,0.2,0.8,72,0,0.6695023775100708,0.7112551927566528,1,1,0,0,0
weak,9,XGBoost,0.2,0.8,63,0,0.3189923167228699,0.16827800869941711,0,0,0,0,0
weak,9,XGBoost,0.2,0.8,158,1,0.6087540984153748,0.7819082736968994,1,1,0,0,0
weak,9,XGBoost,0.2,0.8,20,0,0.20445039868354797,0.363657683134079,0,0,0,0,0
weak,9,XGBoost,0.2,0.8,140,1,0.2749777138233185,0.698712170124054,0,1,1,1,0
weak,9,XGBoost,0.2,0.8,15,0,0.7668668627738953,0.8765713572502136,1,1,0,0,0
weak,9,XGBoost,0.2,0.8,177,1,0.3901207149028778,0.3683287501335144,0,0,0,0,0
weak,9,XGBoost,0.2,0.8,116,1,0.72524094581604,0.8207091689109802,1,1,0,0,0
weak,9,XGBoost,0.2,0.8,1,0,0.6984571814537048,0.8269764184951782,1,1,0,0,0
weak,9,XGBoost,0.2,0.8,47,0,0.5707905292510986,0.8791266679763794,1,1,0,0,0
weak,9,XGBoost,0.3,0.7,64,0,0.39688271284103394,0.08245733380317688,0,0,0,0,0
weak,9,XGBoost,0.3,0.7,154,1,0.6937839388847351,0.5165098905563354,1,1,0,0,0
weak,9,XGBoost,0.3,0.7,68,0,0.3462986350059509,0.4138858914375305,0,0,0,0,0
weak,9,XGBoost,0.3,0.7,91,0,0.6059862375259399,0.25996679067611694,1,0,1,1,0
weak,9,XGBoost,0.3,0.7,148,1,0.5855686068534851,0.42379409074783325,1,0,1,0,1
weak,9,XGBoost,0.3,0.7,72,0,0.6695023775100708,0.7112551927566528,1,1,0,0,0
weak,9,XGBoost,0.3,0.7,63,0,0.3189923167228699,0.16827800869941711,0,0,0,0,0
weak,9,XGBoost,0.3,0.7,158,1,0.6087540984153748,0.7819082736968994,1,1,0,0,0
weak,9,XGBoost,0.3,0.7,177,1,0.3901207149028778,0.3683287501335144,0,0,0,0,0
weak,9,XGBoost,0.3,0.7,1,0,0.6984571814537048,0.8269764184951782,1,1,0,0,0
weak,9,XGBoost,0.3,0.7,47,0,0.5707905292510986,0.8791266679763794,1,1,0,0,0
weak,9,XGBoost,0.4,0.6,148,1,0.5855686068534851,0.42379409074783325,1,0,1,0,1
weak,9,XGBoost,0.4,0.6,47,0,0.5707905292510986,0.8791266679763794,1,1,0,0,0
weak,10,Logistic Regression,0.2,0.8,196,1,0.5620753924869871,0.7439204471682651,1,1,0,0,0
weak,10,Logistic Regression,0.2,0.8,91,0,0.36404852846241254,0.023026098777915786,0,0,0,0,0
weak,10,Logistic Regression,0.2,0.8,66,0,0.7585436457817548,0.9429926369016276,1,1,0,0,0
weak,10,Logistic Regression,0.2,0.8,30,0,0.41504775598493154,0.1741632886035827,0,0,0,0,0
weak,10,Logistic Regression,0.2,0.8,37,0,0.5360309828640617,0.01121355697771608,1,0,1,1,0
weak,10,Logistic Regression,0.2,0.8,68,0,0.6550037718194137,0.8386981338180152,1,1,0,0,0
weak,10,Logistic Regression,0.2,0.8,122,1,0.30295492836801274,0.9873915808458131,0,1,1,1,0
weak,10,Logistic Regression,0.2,0.8,173,1,0.48918191145405854,0.9331207010269078,0,1,1,1,0
weak,10,Logistic Regression,0.2,0.8,152,1,0.6355315649997829,0.4013465401453127,1,0,1,0,1
weak,10,Logistic Regression,0.2,0.8,154,1,0.6605243764895494,0.772177737954637,1,1,0,0,0
weak,10,Logistic Regression,0.2,0.8,118,1,0.6203756966451425,0.19162066294763846,1,0,1,0,1
weak,10,Logistic Regression,0.2,0.8,131,1,0.7761664259426807,0.826865042263439,1,1,0,0,0
weak,10,Logistic Regression,0.2,0.8,180,1,0.5027299849278282,0.7797686203480028,1,1,0,0,0
weak,10,Logistic Regression,0.2,0.8,121,1,0.39861068254204785,0.15597381662945628,0,0,0,0,0
weak,10,Logistic Regression,0.2,0.8,63,0,0.21345553324144134,0.1242774157494636,0,0,0,0,0
weak,10,Logistic Regression,0.2,0.8,21,0,0.5779998223957326,0.06403811639175075,1,0,1,1,0
weak,10,Logistic Regression,0.2,0.8,41,0,0.3649483236603829,0.43488014920349777,0,0,0,0,0
weak,10,Logistic Regression,0.2,0.8,76,0,0.7247879831657139,0.5572088404856474,1,1,0,0,0
weak,10,Logistic Regression,0.2,0.8,55,0,0.4153239301791101,0.7947546665440411,0,1,1,0,1
weak,10,Logistic Regression,0.2,0.8,98,0,0.3382440215716086,0.08245675551403737,0,0,0,0,0
weak,10,Logistic Regression,0.2,0.8,113,1,0.27691008031997444,0.8853447526121476,0,1,1,1,0
weak,10,Logistic Regression,0.2,0.8,120,1,0.38029323706038837,0.5786440413872869,0,1,1,1,0
weak,10,Logistic Regression,0.2,0.8,127,1,0.6190637067866046,0.4589994774320775,1,0,1,0,1
weak,10,Logistic Regression,0.2,0.8,40,0,0.6440869388132299,0.07513332484424605,1,0,1,1,0
weak,10,Logistic Regression,0.2,0.8,129,1,0.674534241456586,0.8807096201180584,1,1,0,0,0
weak,10,Logistic Regression,0.2,0.8,85,0,0.5278917613547587,0.5071867395024903,1,1,0,0,0
weak,10,Logistic Regression,0.2,0.8,29,0,0.7141124434354319,0.11092210850184954,1,0,1,1,0
weak,10,Logistic Regression,0.2,0.8,185,1,0.666610666324168,0.8227251932151546,1,1,0,0,0
weak,10,Logistic Regression,0.2,0.8,149,1,0.672048755995794,0.9914100495864473,1,1,0,0,0
weak,10,Logistic Regression,0.2,0.8,18,0,0.2371374564029073,0.11566601930868281,0,0,0,0,0
weak,10,Logistic Regression,0.2,0.8,161,1,0.585013617620348,0.48000111079059415,1,0,1,0,1
weak,10,Logistic Regression,0.2,0.8,112,1,0.6844531597978111,0.428878177900543,1,0,1,0,1
weak,10,Logistic Regression,0.2,0.8,56,0,0.7900151912102987,0.5804398960468349,1,1,0,0,0
weak,10,Logistic Regression,0.2,0.8,187,1,0.7099413063506981,0.9660286965804312,1,1,0,0,0
weak,10,Logistic Regression,0.2,0.8,23,0,0.6603496339053309,0.698338094272007,1,1,0,0,0
weak,10,Logistic Regression,0.2,0.8,75,0,0.537606519798509,0.06534350458497878,1,0,1,1,0
weak,10,Logistic Regression,0.2,0.8,109,1,0.24998400046645602,0.646972174918517,0,1,1,1,0
weak,10,Logistic Regression,0.2,0.8,65,0,0.3263260310259704,0.18184635653334444,0,0,0,0,0
weak,10,Logistic Regression,0.2,0.8,46,0,0.2151635783314204,0.04445744765017792,0,0,0,0,0
weak,10,Logistic Regression,0.2,0.8,197,1,0.6168193281203258,0.9894488882002085,1,1,0,0,0
weak,10,Logistic Regression,0.2,0.8,151,1,0.4342112548766252,0.429910051437647,0,0,0,0,0
weak,10,Logistic Regression,0.2,0.8,171,1,0.4774077667554213,0.11804313287040209,0,0,0,0,0
weak,10,Logistic Regression,0.2,0.8,12,0,0.42153961251304634,0.11581802734076109,0,0,0,0,0
weak,10,Logistic Regression,0.2,0.8,53,0,0.41921111540915457,0.0606215552524868,0,0,0,0,0
weak,10,Logistic Regression,0.2,0.8,119,1,0.5382484964528833,0.34615185651982316,1,0,1,0,1
weak,10,Logistic Regression,0.2,0.8,79,0,0.6349604221660127,0.6273161718469759,1,1,0,0,0
weak,10,Logistic Regression,0.2,0.8,58,0,0.31604799297826613,0.5518532575054924,0,1,1,0,1
weak,10,Logistic Regression,0.3,0.7,196,1,0.5620753924869871,0.7439204471682651,1,1,0,0,0
weak,10,Logistic Regression,0.3,0.7,91,0,0.36404852846241254,0.023026098777915786,0,0,0,0,0
weak,10,Logistic Regression,0.3,0.7,30,0,0.41504775598493154,0.1741632886035827,0,0,0,0,0
weak,10,Logistic Regression,0.3,0.7,37,0,0.5360309828640617,0.01121355697771608,1,0,1,1,0
weak,10,Logistic Regression,0.3,0.7,68,0,0.6550037718194137,0.8386981338180152,1,1,0,0,0
weak,10,Logistic Regression,0.3,0.7,122,1,0.30295492836801274,0.9873915808458131,0,1,1,1,0
weak,10,Logistic Regression,0.3,0.7,173,1,0.48918191145405854,0.9331207010269078,0,1,1,1,0
weak,10,Logistic Regression,0.3,0.7,152,1,0.6355315649997829,0.4013465401453127,1,0,1,0,1
weak,10,Logistic Regression,0.3,0.7,154,1,0.6605243764895494,0.772177737954637,1,1,0,0,0
weak,10,Logistic Regression,0.3,0.7,118,1,0.6203756966451425,0.19162066294763846,1,0,1,0,1
weak,10,Logistic Regression,0.3,0.7,180,1,0.5027299849278282,0.7797686203480028,1,1,0,0,0
weak,10,Logistic Regression,0.3,0.7,121,1,0.39861068254204785,0.15597381662945628,0,0,0,0,0
weak,10,Logistic Regression,0.3,0.7,21,0,0.5779998223957326,0.06403811639175075,1,0,1,1,0
weak,10,Logistic Regression,0.3,0.7,41,0,0.3649483236603829,0.43488014920349777,0,0,0,0,0
weak,10,Logistic Regression,0.3,0.7,55,0,0.4153239301791101,0.7947546665440411,0,1,1,0,1
weak,10,Logistic Regression,0.3,0.7,98,0,0.3382440215716086,0.08245675551403737,0,0,0,0,0
weak,10,Logistic Regression,0.3,0.7,120,1,0.38029323706038837,0.5786440413872869,0,1,1,1,0
weak,10,Logistic Regression,0.3,0.7,127,1,0.6190637067866046,0.4589994774320775,1,0,1,0,1
weak,10,Logistic Regression,0.3,0.7,40,0,0.6440869388132299,0.07513332484424605,1,0,1,1,0
weak,10,Logistic Regression,0.3,0.7,129,1,0.674534241456586,0.8807096201180584,1,1,0,0,0
weak,10,Logistic Regression,0.3,0.7,85,0,0.5278917613547587,0.5071867395024903,1,1,0,0,0
weak,10,Logistic Regression,0.3,0.7,185,1,0.666610666324168,0.8227251932151546,1,1,0,0,0
weak,10,Logistic Regression,0.3,0.7,149,1,0.672048755995794,0.9914100495864473,1,1,0,0,0
weak,10,Logistic Regression,0.3,0.7,161,1,0.585013617620348,0.48000111079059415,1,0,1,0,1
weak,10,Logistic Regression,0.3,0.7,112,1,0.6844531597978111,0.428878177900543,1,0,1,0,1
weak,10,Logistic Regression,0.3,0.7,23,0,0.6603496339053309,0.698338094272007,1,1,0,0,0
weak,10,Logistic Regression,0.3,0.7,75,0,0.537606519798509,0.06534350458497878,1,0,1,1,0
weak,10,Logistic Regression,0.3,0.7,65,0,0.3263260310259704,0.18184635653334444,0,0,0,0,0
weak,10,Logistic Regression,0.3,0.7,197,1,0.6168193281203258,0.9894488882002085,1,1,0,0,0
weak,10,Logistic Regression,0.3,0.7,151,1,0.4342112548766252,0.429910051437647,0,0,0,0,0
weak,10,Logistic Regression,0.3,0.7,171,1,0.4774077667554213,0.11804313287040209,0,0,0,0,0
weak,10,Logistic Regression,0.3,0.7,12,0,0.42153961251304634,0.11581802734076109,0,0,0,0,0
weak,10,Logistic Regression,0.3,0.7,53,0,0.41921111540915457,0.0606215552524868,0,0,0,0,0
weak,10,Logistic Regression,0.3,0.7,119,1,0.5382484964528833,0.34615185651982316,1,0,1,0,1
weak,10,Logistic Regression,0.3,0.7,79,0,0.6349604221660127,0.6273161718469759,1,1,0,0,0
weak,10,Logistic Regression,0.3,0.7,58,0,0.31604799297826613,0.5518532575054924,0,1,1,0,1
weak,10,Logistic Regression,0.4,0.6,196,1,0.5620753924869871,0.7439204471682651,1,1,0,0,0
weak,10,Logistic Regression,0.4,0.6,30,0,0.41504775598493154,0.1741632886035827,0,0,0,0,0
weak,10,Logistic Regression,0.4,0.6,37,0,0.5360309828640617,0.01121355697771608,1,0,1,1,0
weak,10,Logistic Regression,0.4,0.6,173,1,0.48918191145405854,0.9331207010269078,0,1,1,1,0
weak,10,Logistic Regression,0.4,0.6,180,1,0.5027299849278282,0.7797686203480028,1,1,0,0,0
weak,10,Logistic Regression,0.4,0.6,21,0,0.5779998223957326,0.06403811639175075,1,0,1,1,0
weak,10,Logistic Regression,0.4,0.6,55,0,0.4153239301791101,0.7947546665440411,0,1,1,0,1
weak,10,Logistic Regression,0.4,0.6,85,0,0.5278917613547587,0.5071867395024903,1,1,0,0,0
weak,10,Logistic Regression,0.4,0.6,161,1,0.585013617620348,0.48000111079059415,1,0,1,0,1
weak,10,Logistic Regression,0.4,0.6,75,0,0.537606519798509,0.06534350458497878,1,0,1,1,0
weak,10,Logistic Regression,0.4,0.6,151,1,0.4342112548766252,0.429910051437647,0,0,0,0,0
weak,10,Logistic Regression,0.4,0.6,171,1,0.4774077667554213,0.11804313287040209,0,0,0,0,0
weak,10,Logistic Regression,0.4,0.6,12,0,0.42153961251304634,0.11581802734076109,0,0,0,0,0
weak,10,Logistic Regression,0.4,0.6,53,0,0.41921111540915457,0.0606215552524868,0,0,0,0,0
weak,10,Logistic Regression,0.4,0.6,119,1,0.5382484964528833,0.34615185651982316,1,0,1,0,1
weak,10,Random Forest,0.2,0.8,196,1,0.74,0.69,1,1,0,0,0
weak,10,Random Forest,0.2,0.8,91,0,0.45,0.29,0,0,0,0,0
weak,10,Random Forest,0.2,0.8,153,1,0.62,0.81,1,1,0,0,0
weak,10,Random Forest,0.2,0.8,66,0,0.39,0.74,0,1,1,0,1
weak,10,Random Forest,0.2,0.8,162,1,0.69,0.84,1,1,0,0,0
weak,10,Random Forest,0.2,0.8,30,0,0.23,0.27,0,0,0,0,0
weak,10,Random Forest,0.2,0.8,37,0,0.66,0.27,1,0,1,1,0
weak,10,Random Forest,0.2,0.8,9,0,0.55,0.53,1,1,0,0,0
weak,10,Random Forest,0.2,0.8,68,0,0.6,0.43,1,0,1,1,0
weak,10,Random Forest,0.2,0.8,122,1,0.74,0.71,1,1,0,0,0
weak,10,Random Forest,0.2,0.8,123,1,0.41,0.69,0,1,1,1,0
weak,10,Random Forest,0.2,0.8,173,1,0.75,0.57,1,1,0,0,0
weak,10,Random Forest,0.2,0.8,152,1,0.61,0.57,1,1,0,0,0
weak,10,Random Forest,0.2,0.8,154,1,0.66,0.53,1,1,0,0,0
weak,10,Random Forest,0.2,0.8,131,1,0.53,0.53,1,1,0,0,0
weak,10,Random Forest,0.2,0.8,121,1,0.73,0.59,1,1,0,0,0
weak,10,Random Forest,0.2,0.8,63,0,0.38,0.25,0,0,0,0,0
weak,10,Random Forest,0.2,0.8,41,0,0.48,0.53,0,1,1,0,1
weak,10,Random Forest,0.2,0.8,113,1,0.73,0.85,1,1,0,0,0
weak,10,Random Forest,0.2,0.8,120,1,0.66,0.67,1,1,0,0,0
weak,10,Random Forest,0.2,0.8,127,1,0.74,0.65,1,1,0,0,0
weak,10,Random Forest,0.2,0.8,156,1,0.77,0.5,1,1,0,0,0
weak,10,Random Forest,0.2,0.8,40,0,0.35,0.27,0,0,0,0,0
weak,10,Random Forest,0.2,0.8,129,1,0.67,0.54,1,1,0,0,0
weak,10,Random Forest,0.2,0.8,60,0,0.36,0.35,0,0,0,0,0
weak,10,Random Forest,0.2,0.8,149,1,0.73,0.62,1,1,0,0,0
weak,10,Random Forest,0.2,0.8,18,0,0.27,0.21,0,0,0,0,0
weak,10,Random Forest,0.2,0.8,112,1,0.66,0.65,1,1,0,0,0
weak,10,Random Forest,0.2,0.8,56,0,0.77,0.49,1,0,1,1,0
weak,10,Random Forest,0.2,0.8,187,1,0.68,0.84,1,1,0,0,0
weak,10,Random Forest,0.2,0.8,20,0,0.31,0.28,0,0,0,0,0
weak,10,Random Forest,0.2,0.8,75,0,0.67,0.4,1,0,1,1,0
weak,10,Random Forest,0.2,0.8,109,1,0.49,0.74,0,1,1,1,0
weak,10,Random Forest,0.2,0.8,65,0,0.58,0.35,1,0,1,1,0
weak,10,Random Forest,0.2,0.8,151,1,0.75,0.71,1,1,0,0,0
weak,10,Random Forest,0.2,0.8,34,0,0.31,0.37,0,0,0,0,0
weak,10,Random Forest,0.2,0.8,53,0,0.21,0.2,0,0,0,0,0
weak,10,Random Forest,0.2,0.8,79,0,0.66,0.61,1,1,0,0,0
weak,10,Random Forest,0.2,0.8,58,0,0.62,0.52,1,1,0,0,0
weak,10,Random Forest,0.3,0.7,91,0,0.45,0.29,0,0,0,0,0
weak,10,Random Forest,0.3,0.7,153,1,0.62,0.81,1,1,0,0,0
weak,10,Random Forest,0.3,0.7,66,0,0.39,0.74,0,1,1,0,1
weak,10,Random Forest,0.3,0.7,162,1,0.69,0.84,1,1,0,0,0
weak,10,Random Forest,0.3,0.7,37,0,0.66,0.27,1,0,1,1,0
weak,10,Random Forest,0.3,0.7,9,0,0.55,0.53,1,1,0,0,0
weak,10,Random Forest,0.3,0.7,68,0,0.6,0.43,1,0,1,1,0
weak,10,Random Forest,0.3,0.7,123,1,0.41,0.69,0,1,1,1,0
weak,10,Random Forest,0.3,0.7,152,1,0.61,0.57,1,1,0,0,0
weak,10,Random Forest,0.3,0.7,154,1,0.66,0.53,1,1,0,0,0
weak,10,Random Forest,0.3,0.7,131,1,0.53,0.53,1,1,0,0,0
weak,10,Random Forest,0.3,0.7,63,0,0.38,0.25,0,0,0,0,0
weak,10,Random Forest,0.3,0.7,41,0,0.48,0.53,0,1,1,0,1
weak,10,Random Forest,0.3,0.7,120,1,0.66,0.67,1,1,0,0,0
weak,10,Random Forest,0.3,0.7,40,0,0.35,0.27,0,0,0,0,0
weak,10,Random Forest,0.3,0.7,129,1,0.67,0.54,1,1,0,0,0
weak,10,Random Forest,0.3,0.7,60,0,0.36,0.35,0,0,0,0,0
weak,10,Random Forest,0.3,0.7,112,1,0.66,0.65,1,1,0,0,0
weak,10,Random Forest,0.3,0.7,187,1,0.68,0.84,1,1,0,0,0
weak,10,Random Forest,0.3,0.7,20,0,0.31,0.28,0,0,0,0,0
weak,10,Random Forest,0.3,0.7,75,0,0.67,0.4,1,0,1,1,0
weak,10,Random Forest,0.3,0.7,109,1,0.49,0.74,0,1,1,1,0
weak,10,Random Forest,0.3,0.7,65,0,0.58,0.35,1,0,1,1,0
weak,10,Random Forest,0.3,0.7,34,0,0.31,0.37,0,0,0,0,0
weak,10,Random Forest,0.3,0.7,79,0,0.66,0.61,1,1,0,0,0
weak,10,Random Forest,0.3,0.7,58,0,0.62,0.52,1,1,0,0,0
weak,10,Random Forest,0.4,0.6,91,0,0.45,0.29,0,0,0,0,0
weak,10,Random Forest,0.4,0.6,9,0,0.55,0.53,1,1,0,0,0
weak,10,Random Forest,0.4,0.6,123,1,0.41,0.69,0,1,1,1,0
weak,10,Random Forest,0.4,0.6,131,1,0.53,0.53,1,1,0,0,0
weak,10,Random Forest,0.4,0.6,41,0,0.48,0.53,0,1,1,0,1
weak,10,Random Forest,0.4,0.6,109,1,0.49,0.74,0,1,1,1,0
weak,10,Random Forest,0.4,0.6,65,0,0.58,0.35,1,0,1,1,0
weak,10,XGBoost,0.2,0.8,196,1,0.7591978907585144,0.8738998174667358,1,1,0,0,0
weak,10,XGBoost,0.2,0.8,91,0,0.4311577081680298,0.07265601307153702,0,0,0,0,0
weak,10,XGBoost,0.2,0.8,153,1,0.6389315724372864,0.9647017121315002,1,1,0,0,0
weak,10,XGBoost,0.2,0.8,66,0,0.32515212893486023,0.7843707203865051,0,1,1,0,1
weak,10,XGBoost,0.2,0.8,37,0,0.3969672918319702,0.15901906788349152,0,0,0,0,0
weak,10,XGBoost,0.2,0.8,9,0,0.5863140821456909,0.5812016129493713,1,1,0,0,0
weak,10,XGBoost,0.2,0.8,68,0,0.37938445806503296,0.6236705183982849,0,1,1,0,1
weak,10,XGBoost,0.2,0.8,122,1,0.6125555634498596,0.9095996618270874,1,1,0,0,0
weak,10,XGBoost,0.2,0.8,123,1,0.3278248608112335,0.9480261206626892,0,1,1,1,0
weak,10,XGBoost,0.2,0.8,152,1,0.6386866569519043,0.9216760396957397,1,1,0,0,0
weak,10,XGBoost,0.2,0.8,180,1,0.7867040634155273,0.8694770932197571,1,1,0,0,0
weak,10,XGBoost,0.2,0.8,121,1,0.5414705276489258,0.8787073493003845,1,1,0,0,0
weak,10,XGBoost,0.2,0.8,41,0,0.6637372970581055,0.543958306312561,1,1,0,0,0
weak,10,XGBoost,0.2,0.8,120,1,0.7723900079727173,0.8826589584350586,1,1,0,0,0
weak,10,XGBoost,0.2,0.8,127,1,0.7187005281448364,0.9045619368553162,1,1,0,0,0
weak,10,XGBoost,0.2,0.8,156,1,0.6493160128593445,0.44546404480934143,1,0,1,0,1
weak,10,XGBoost,0.2,0.8,129,1,0.7273245453834534,0.2232041358947754,1,0,1,0,1
weak,10,XGBoost,0.2,0.8,60,0,0.36910635232925415,0.3336833417415619,0,0,0,0,0
weak,10,XGBoost,0.2,0.8,56,0,0.7132014036178589,0.6776167154312134,1,1,0,0,0
weak,10,XGBoost,0.2,0.8,187,1,0.7301533222198486,0.9677141904830933,1,1,0,0,0
weak,10,XGBoost,0.2,0.8,20,0,0.21224971115589142,0.18304325640201569,0,0,0,0,0
weak,10,XGBoost,0.2,0.8,75,0,0.5803412199020386,0.2694353759288788,1,0,1,1,0
weak,10,XGBoost,0.2,0.8,109,1,0.5226492285728455,0.9580866098403931,1,1,0,0,0
weak,10,XGBoost,0.2,0.8,65,0,0.6878703236579895,0.31376978754997253,1,0,1,1,0
weak,10,XGBoost,0.2,0.8,34,0,0.23034913837909698,0.03827820345759392,0,0,0,0,0
weak,10,XGBoost,0.2,0.8,79,0,0.6266549229621887,0.9174898862838745,1,1,0,0,0
weak,10,XGBoost,0.2,0.8,58,0,0.3600534200668335,0.6471518278121948,0,1,1,0,1
weak,10,XGBoost,0.3,0.7,91,0,0.4311577081680298,0.07265601307153702,0,0,0,0,0
weak,10,XGBoost,0.3,0.7,153,1,0.6389315724372864,0.9647017121315002,1,1,0,0,0
weak,10,XGBoost,0.3,0.7,66,0,0.32515212893486023,0.7843707203865051,0,1,1,0,1
weak,10,XGBoost,0.3,0.7,37,0,0.3969672918319702,0.15901906788349152,0,0,0,0,0
weak,10,XGBoost,0.3,0.7,9,0,0.5863140821456909,0.5812016129493713,1,1,0,0,0
weak,10,XGBoost,0.3,0.7,68,0,0.37938445806503296,0.6236705183982849,0,1,1,0,1
weak,10,XGBoost,0.3,0.7,122,1,0.6125555634498596,0.9095996618270874,1,1,0,0,0
weak,10,XGBoost,0.3,0.7,123,1,0.3278248608112335,0.9480261206626892,0,1,1,1,0
weak,10,XGBoost,0.3,0.7,152,1,0.6386866569519043,0.9216760396957397,1,1,0,0,0
weak,10,XGBoost,0.3,0.7,121,1,0.5414705276489258,0.8787073493003845,1,1,0,0,0
weak,10,XGBoost,0.3,0.7,41,0,0.6637372970581055,0.543958306312561,1,1,0,0,0
weak,10,XGBoost,0.3,0.7,156,1,0.6493160128593445,0.44546404480934143,1,0,1,0,1
weak,10,XGBoost,0.3,0.7,60,0,0.36910635232925415,0.3336833417415619,0,0,0,0,0
weak,10,XGBoost,0.3,0.7,75,0,0.5803412199020386,0.2694353759288788,1,0,1,1,0
weak,10,XGBoost,0.3,0.7,109,1,0.5226492285728455,0.9580866098403931,1,1,0,0,0
weak,10,XGBoost,0.3,0.7,65,0,0.6878703236579895,0.31376978754997253,1,0,1,1,0
weak,10,XGBoost,0.3,0.7,79,0,0.6266549229621887,0.9174898862838745,1,1,0,0,0
weak,10,XGBoost,0.3,0.7,58,0,0.3600534200668335,0.6471518278121948,0,1,1,0,1
weak,10,XGBoost,0.4,0.6,91,0,0.4311577081680298,0.07265601307153702,0,0,0,0,0
weak,10,XGBoost,0.4,0.6,9,0,0.5863140821456909,0.5812016129493713,1,1,0,0,0
weak,10,XGBoost,0.4,0.6,121,1,0.5414705276489258,0.8787073493003845,1,1,0,0,0
weak,10,XGBoost,0.4,0.6,75,0,0.5803412199020386,0.2694353759288788,1,0,1,1,0
weak,10,XGBoost,0.4,0.6,109,1,0.5226492285728455,0.9580866098403931,1,1,0,0,0
weak,11,Logistic Regression,0.2,0.8,180,1,0.358553478913906,0.8974280006813042,0,1,1,1,0
weak,11,Logistic Regression,0.2,0.8,5,0,0.22052041365449399,0.15547782893304335,0,0,0,0,0
weak,11,Logistic Regression,0.2,0.8,175,1,0.2935015255076304,0.9402080740711746,0,1,1,1,0
weak,11,Logistic Regression,0.2,0.8,12,0,0.4013413111232977,0.1003826346590133,0,0,0,0,0
weak,11,Logistic Regression,0.2,0.8,110,1,0.6855070110457222,0.9785778139048017,1,1,0,0,0
weak,11,Logistic Regression,0.2,0.8,69,0,0.7324829659250133,0.9901508434633838,1,1,0,0,0
weak,11,Logistic Regression,0.2,0.8,77,0,0.2713766830832889,0.0416101038186352,0,0,0,0,0
weak,11,Logistic Regression,0.2,0.8,10,0,0.36136828488912776,0.1577515560688364,0,0,0,0,0
weak,11,Logistic Regression,0.2,0.8,197,1,0.5431881764220247,0.9963314909310155,1,1,0,0,0
weak,11,Logistic Regression,0.2,0.8,199,1,0.4436515338390523,0.7253322598792278,0,1,1,1,0
weak,11,Logistic Regression,0.2,0.8,25,0,0.5085247607589191,0.14071999077419745,1,0,1,1,0
weak,11,Logistic Regression,0.2,0.8,127,1,0.7533410873905576,0.6979071289226978,1,1,0,0,0
weak,11,Logistic Regression,0.2,0.8,189,1,0.3542393998433226,0.9302004564825562,0,1,1,1,0
weak,11,Logistic Regression,0.2,0.8,114,1,0.653569144699455,0.91304034704059,1,1,0,0,0
weak,11,Logistic Regression,0.2,0.8,16,0,0.7785883201538834,0.7648346868743376,1,1,0,0,0
weak,11,Logistic Regression,0.2,0.8,104,1,0.6578075788704818,0.9829963310649317,1,1,0,0,0
weak,11,Logistic Regression,0.2,0.8,150,1,0.5103502934935545,0.9972262962171857,1,1,0,0,0
weak,11,Logistic Regression,0.2,0.8,81,0,0.28611510587063854,0.09653388229661573,0,0,0,0,0
weak,11,Logistic Regression,0.2,0.8,122,1,0.28920551910890346,0.9954415063268817,0,1,1,1,0
weak,11,Logistic Regression,0.2,0.8,58,0,0.28215813360794234,0.5891434426719429,0,1,1,0,1
weak,11,Logistic Regression,0.2,0.8,28,0,0.289903370868671,0.014457191562183261,0,0,0,0,0
weak,11,Logistic Regression,0.2,0.8,139,1,0.752866416342379,0.9871585687108844,1,1,0,0,0
weak,11,Logistic Regression,0.2,0.8,118,1,0.2958463503884627,0.08761201376545479,0,0,0,0,0
weak,11,Logistic Regression,0.2,0.8,63,0,0.4688410899985315,0.1440764830757482,0,0,0,0,0
weak,11,Logistic Regression,0.2,0.8,170,1,0.7460856402570724,0.08557350267029246,1,0,1,0,1
weak,11,Logistic Regression,0.2,0.8,125,1,0.6716827797792726,0.999459090556185,1,1,0,0,0
weak,11,Logistic Regression,0.2,0.8,54,0,0.40789857161882753,0.0013872110293753988,0,0,0,0,0
weak,11,Logistic Regression,0.2,0.8,55,0,0.3319686863020724,0.6346945026428498,0,1,1,0,1
weak,11,Logistic Regression,0.2,0.8,145,1,0.25928739456210265,0.03249858867879602,0,0,0,0,0
weak,11,Logistic Regression,0.2,0.8,120,1,0.21614059872785263,0.1397946049090652,0,0,0,0,0
weak,11,Logistic Regression,0.2,0.8,74,0,0.2939128722151839,0.008321781445310076,0,0,0,0,0
weak,11,Logistic Regression,0.2,0.8,65,0,0.32474630092318174,0.04189639075406352,0,0,0,0,0
weak,11,Logistic Regression,0.2,0.8,3,0,0.34650381867435115,0.008600022740570382,0,0,0,0,0
weak,11,Logistic Regression,0.2,0.8,67,0,0.6277842388969914,0.2988916141909438,1,0,1,1,0
weak,11,Logistic Regression,0.2,0.8,146,1,0.7753034643150281,0.517537563735791,1,1,0,0,0
weak,11,Logistic Regression,0.2,0.8,75,0,0.677331396328772,0.04272426855451659,1,0,1,1,0
weak,11,Logistic Regression,0.2,0.8,140,1,0.4662076429879361,0.518142290651742,0,1,1,1,0
weak,11,Logistic Regression,0.2,0.8,167,1,0.6332549214930014,0.8931843932305862,1,1,0,0,0
weak,11,Logistic Regression,0.2,0.8,7,0,0.31429389020289894,0.004835006163830258,0,0,0,0,0
weak,11,Logistic Regression,0.2,0.8,33,0,0.3847751665261655,0.31716027058761354,0,0,0,0,0
weak,11,Logistic Regression,0.2,0.8,64,0,0.30224735041347944,0.025973306011595265,0,0,0,0,0
weak,11,Logistic Regression,0.2,0.8,192,1,0.31764137941456067,0.9703686352782788,0,1,1,1,0
weak,11,Logistic Regression,0.2,0.8,40,0,0.49378031418411994,0.08429013202053717,0,0,0,0,0
weak,11,Logistic Regression,0.2,0.8,47,0,0.5796613670699714,0.6651638302099189,1,1,0,0,0
weak,11,Logistic Regression,0.2,0.8,168,1,0.7572292683935795,0.9792849634543157,1,1,0,0,0
weak,11,Logistic Regression,0.3,0.7,180,1,0.358553478913906,0.8974280006813042,0,1,1,1,0
weak,11,Logistic Regression,0.3,0.7,12,0,0.4013413111232977,0.1003826346590133,0,0,0,0,0
weak,11,Logistic Regression,0.3,0.7,110,1,0.6855070110457222,0.9785778139048017,1,1,0,0,0
weak,11,Logistic Regression,0.3,0.7,10,0,0.36136828488912776,0.1577515560688364,0,0,0,0,0
weak,11,Logistic Regression,0.3,0.7,197,1,0.5431881764220247,0.9963314909310155,1,1,0,0,0
weak,11,Logistic Regression,0.3,0.7,199,1,0.4436515338390523,0.7253322598792278,0,1,1,1,0
weak,11,Logistic Regression,0.3,0.7,25,0,0.5085247607589191,0.14071999077419745,1,0,1,1,0
weak,11,Logistic Regression,0.3,0.7,189,1,0.3542393998433226,0.9302004564825562,0,1,1,1,0
weak,11,Logistic Regression,0.3,0.7,114,1,0.653569144699455,0.91304034704059,1,1,0,0,0
weak,11,Logistic Regression,0.3,0.7,104,1,0.6578075788704818,0.9829963310649317,1,1,0,0,0
weak,11,Logistic Regression,0.3,0.7,150,1,0.5103502934935545,0.9972262962171857,1,1,0,0,0
weak,11,Logistic Regression,0.3,0.7,63,0,0.4688410899985315,0.1440764830757482,0,0,0,0,0
weak,11,Logistic Regression,0.3,0.7,125,1,0.6716827797792726,0.999459090556185,1,1,0,0,0
weak,11,Logistic Regression,0.3,0.7,54,0,0.40789857161882753,0.0013872110293753988,0,0,0,0,0
weak,11,Logistic Regression,0.3,0.7,55,0,0.3319686863020724,0.6346945026428498,0,1,1,0,1
weak,11,Logistic Regression,0.3,0.7,65,0,0.32474630092318174,0.04189639075406352,0,0,0,0,0
weak,11,Logistic Regression,0.3,0.7,3,0,0.34650381867435115,0.008600022740570382,0,0,0,0,0
weak,11,Logistic Regression,0.3,0.7,67,0,0.6277842388969914,0.2988916141909438,1,0,1,1,0
weak,11,Logistic Regression,0.3,0.7,75,0,0.677331396328772,0.04272426855451659,1,0,1,1,0
weak,11,Logistic Regression,0.3,0.7,140,1,0.4662076429879361,0.518142290651742,0,1,1,1,0
weak,11,Logistic Regression,0.3,0.7,167,1,0.6332549214930014,0.8931843932305862,1,1,0,0,0
weak,11,Logistic Regression,0.3,0.7,7,0,0.31429389020289894,0.004835006163830258,0,0,0,0,0
weak,11,Logistic Regression,0.3,0.7,33,0,0.3847751665261655,0.31716027058761354,0,0,0,0,0
weak,11,Logistic Regression,0.3,0.7,64,0,0.30224735041347944,0.025973306011595265,0,0,0,0,0
weak,11,Logistic Regression,0.3,0.7,192,1,0.31764137941456067,0.9703686352782788,0,1,1,1,0
weak,11,Logistic Regression,0.3,0.7,40,0,0.49378031418411994,0.08429013202053717,0,0,0,0,0
weak,11,Logistic Regression,0.3,0.7,47,0,0.5796613670699714,0.6651638302099189,1,1,0,0,0
weak,11,Logistic Regression,0.4,0.6,12,0,0.4013413111232977,0.1003826346590133,0,0,0,0,0
weak,11,Logistic Regression,0.4,0.6,197,1,0.5431881764220247,0.9963314909310155,1,1,0,0,0
weak,11,Logistic Regression,0.4,0.6,199,1,0.4436515338390523,0.7253322598792278,0,1,1,1,0
weak,11,Logistic Regression,0.4,0.6,25,0,0.5085247607589191,0.14071999077419745,1,0,1,1,0
weak,11,Logistic Regression,0.4,0.6,150,1,0.5103502934935545,0.9972262962171857,1,1,0,0,0
weak,11,Logistic Regression,0.4,0.6,63,0,0.4688410899985315,0.1440764830757482,0,0,0,0,0
weak,11,Logistic Regression,0.4,0.6,54,0,0.40789857161882753,0.0013872110293753988,0,0,0,0,0
weak,11,Logistic Regression,0.4,0.6,140,1,0.4662076429879361,0.518142290651742,0,1,1,1,0
weak,11,Logistic Regression,0.4,0.6,40,0,0.49378031418411994,0.08429013202053717,0,0,0,0,0
weak,11,Logistic Regression,0.4,0.6,47,0,0.5796613670699714,0.6651638302099189,1,1,0,0,0
weak,11,Random Forest,0.2,0.8,180,1,0.61,0.61,1,1,0,0,0
weak,11,Random Forest,0.2,0.8,5,0,0.48,0.5,0,1,1,0,1
weak,11,Random Forest,0.2,0.8,175,1,0.59,0.66,1,1,0,0,0
weak,11,Random Forest,0.2,0.8,12,0,0.22,0.16,0,0,0,0,0
weak,11,Random Forest,0.2,0.8,198,1,0.61,0.54,1,1,0,0,0
weak,11,Random Forest,0.2,0.8,110,1,0.77,0.68,1,1,0,0,0
weak,11,Random Forest,0.2,0.8,69,0,0.28,0.3,0,0,0,0,0
weak,11,Random Forest,0.2,0.8,61,0,0.25,0.17,0,0,0,0,0
weak,11,Random Forest,0.2,0.8,190,1,0.78,0.77,1,1,0,0,0
weak,11,Random Forest,0.2,0.8,197,1,0.76,0.85,1,1,0,0,0
weak,11,Random Forest,0.2,0.8,199,1,0.54,0.62,1,1,0,0,0
weak,11,Random Forest,0.2,0.8,187,1,0.71,0.8,1,1,0,0,0
weak,11,Random Forest,0.2,0.8,25,0,0.26,0.41,0,0,0,0,0
weak,11,Random Forest,0.2,0.8,127,1,0.7,0.73,1,1,0,0,0
weak,11,Random Forest,0.2,0.8,189,1,0.66,0.7,1,1,0,0,0
weak,11,Random Forest,0.2,0.8,114,1,0.76,0.66,1,1,0,0,0
weak,11,Random Forest,0.2,0.8,103,1,0.71,0.69,1,1,0,0,0
weak,11,Random Forest,0.2,0.8,16,0,0.71,0.67,1,1,0,0,0
weak,11,Random Forest,0.2,0.8,104,1,0.74,0.71,1,1,0,0,0
weak,11,Random Forest,0.2,0.8,150,1,0.73,0.77,1,1,0,0,0
weak,11,Random Forest,0.2,0.8,122,1,0.6,0.75,1,1,0,0,0
weak,11,Random Forest,0.2,0.8,58,0,0.56,0.55,1,1,0,0,0
weak,11,Random Forest,0.2,0.8,28,0,0.4,0.32,0,0,0,0,0
weak,11,Random Forest,0.2,0.8,139,1,0.69,0.78,1,1,0,0,0
weak,11,Random Forest,0.2,0.8,118,1,0.69,0.52,1,1,0,0,0
weak,11,Random Forest,0.2,0.8,107,1,0.56,0.57,1,1,0,0,0
weak,11,Random Forest,0.2,0.8,63,0,0.37,0.43,0,0,0,0,0
weak,11,Random Forest,0.2,0.8,170,1,0.66,0.49,1,0,1,0,1
weak,11,Random Forest,0.2,0.8,125,1,0.59,0.76,1,1,0,0,0
weak,11,Random Forest,0.2,0.8,55,0,0.21,0.27,0,0,0,0,0
weak,11,Random Forest,0.2,0.8,145,1,0.62,0.64,1,1,0,0,0
weak,11,Random Forest,0.2,0.8,120,1,0.66,0.57,1,1,0,0,0
weak,11,Random Forest,0.2,0.8,74,0,0.63,0.52,1,1,0,0,0
weak,11,Random Forest,0.2,0.8,65,0,0.44,0.43,0,0,0,0,0
weak,11,Random Forest,0.2,0.8,67,0,0.22,0.19,0,0,0,0,0
weak,11,Random Forest,0.2,0.8,146,1,0.67,0.53,1,1,0,0,0
weak,11,Random Forest,0.2,0.8,75,0,0.76,0.51,1,1,0,0,0
weak,11,Random Forest,0.2,0.8,155,1,0.56,0.7,1,1,0,0,0
weak,11,Random Forest,0.2,0.8,140,1,0.52,0.6,1,1,0,0,0
weak,11,Random Forest,0.2,0.8,159,1,0.47,0.57,0,1,1,1,0
weak,11,Random Forest,0.2,0.8,167,1,0.71,0.69,1,1,0,0,0
weak,11,Random Forest,0.2,0.8,15,0,0.68,0.61,1,1,0,0,0
weak,11,Random Forest,0.2,0.8,7,0,0.25,0.24,0,0,0,0,0
weak,11,Random Forest,0.2,0.8,64,0,0.44,0.42,0,0,0,0,0
weak,11,Random Forest,0.2,0.8,18,0,0.21,0.26,0,0,0,0,0
weak,11,Random Forest,0.2,0.8,192,1,0.57,0.69,1,1,0,0,0
weak,11,Random Forest,0.2,0.8,40,0,0.34,0.27,0,0,0,0,0
weak,11,Random Forest,0.2,0.8,47,0,0.48,0.37,0,0,0,0,0
weak,11,Random Forest,0.2,0.8,177,1,0.59,0.48,1,0,1,0,1
weak,11,Random Forest,0.3,0.7,180,1,0.61,0.61,1,1,0,0,0
weak,11,Random Forest,0.3,0.7,5,0,0.48,0.5,0,1,1,0,1
weak,11,Random Forest,0.3,0.7,175,1,0.59,0.66,1,1,0,0,0
weak,11,Random Forest,0.3,0.7,198,1,0.61,0.54,1,1,0,0,0
weak,11,Random Forest,0.3,0.7,199,1,0.54,0.62,1,1,0,0,0
weak,11,Random Forest,0.3,0.7,189,1,0.66,0.7,1,1,0,0,0
weak,11,Random Forest,0.3,0.7,122,1,0.6,0.75,1,1,0,0,0
weak,11,Random Forest,0.3,0.7,58,0,0.56,0.55,1,1,0,0,0
weak,11,Random Forest,0.3,0.7,28,0,0.4,0.32,0,0,0,0,0
weak,11,Random Forest,0.3,0.7,139,1,0.69,0.78,1,1,0,0,0
weak,11,Random Forest,0.3,0.7,118,1,0.69,0.52,1,1,0,0,0
weak,11,Random Forest,0.3,0.7,107,1,0.56,0.57,1,1,0,0,0
weak,11,Random Forest,0.3,0.7,63,0,0.37,0.43,0,0,0,0,0
weak,11,Random Forest,0.3,0.7,170,1,0.66,0.49,1,0,1,0,1
weak,11,Random Forest,0.3,0.7,125,1,0.59,0.76,1,1,0,0,0
weak,11,Random Forest,0.3,0.7,145,1,0.62,0.64,1,1,0,0,0
weak,11,Random Forest,0.3,0.7,120,1,0.66,0.57,1,1,0,0,0
weak,11,Random Forest,0.3,0.7,74,0,0.63,0.52,1,1,0,0,0
weak,11,Random Forest,0.3,0.7,65,0,0.44,0.43,0,0,0,0,0
weak,11,Random Forest,0.3,0.7,146,1,0.67,0.53,1,1,0,0,0
weak,11,Random Forest,0.3,0.7,155,1,0.56,0.7,1,1,0,0,0
weak,11,Random Forest,0.3,0.7,140,1,0.52,0.6,1,1,0,0,0
weak,11,Random Forest,0.3,0.7,159,1,0.47,0.57,0,1,1,1,0
weak,11,Random Forest,0.3,0.7,15,0,0.68,0.61,1,1,0,0,0
weak,11,Random Forest,0.3,0.7,64,0,0.44,0.42,0,0,0,0,0
weak,11,Random Forest,0.3,0.7,192,1,0.57,0.69,1,1,0,0,0
weak,11,Random Forest,0.3,0.7,40,0,0.34,0.27,0,0,0,0,0
weak,11,Random Forest,0.3,0.7,47,0,0.48,0.37,0,0,0,0,0
weak,11,Random Forest,0.3,0.7,177,1,0.59,0.48,1,0,1,0,1
weak,11,Random Forest,0.4,0.6,5,0,0.48,0.5,0,1,1,0,1
weak,11,Random Forest,0.4,0.6,175,1,0.59,0.66,1,1,0,0,0
weak,11,Random Forest,0.4,0.6,199,1,0.54,0.62,1,1,0,0,0
weak,11,Random Forest,0.4,0.6,58,0,0.56,0.55,1,1,0,0,0
weak,11,Random Forest,0.4,0.6,107,1,0.56,0.57,1,1,0,0,0
weak,11,Random Forest,0.4,0.6,125,1,0.59,0.76,1,1,0,0,0
weak,11,Random Forest,0.4,0.6,65,0,0.44,0.43,0,0,0,0,0
weak,11,Random Forest,0.4,0.6,155,1,0.56,0.7,1,1,0,0,0
weak,11,Random Forest,0.4,0.6,140,1,0.52,0.6,1,1,0,0,0
weak,11,Random Forest,0.4,0.6,159,1,0.47,0.57,0,1,1,1,0
weak,11,Random Forest,0.4,0.6,64,0,0.44,0.42,0,0,0,0,0
weak,11,Random Forest,0.4,0.6,192,1,0.57,0.69,1,1,0,0,0
weak,11,Random Forest,0.4,0.6,47,0,0.48,0.37,0,0,0,0,0
weak,11,Random Forest,0.4,0.6,177,1,0.59,0.48,1,0,1,0,1
weak,11,XGBoost,0.2,0.8,180,1,0.6904157996177673,0.855567991733551,1,1,0,0,0
weak,11,XGBoost,0.2,0.8,199,1,0.5451303124427795,0.79587721824646,1,1,0,0,0
weak,11,XGBoost,0.2,0.8,187,1,0.7976828813552856,0.954556941986084,1,1,0,0,0
weak,11,XGBoost,0.2,0.8,25,0,0.21714426577091217,0.22564128041267395,0,0,0,0,0
weak,11,XGBoost,0.2,0.8,189,1,0.6206609606742859,0.8948572874069214,1,1,0,0,0
weak,11,XGBoost,0.2,0.8,114,1,0.6563591361045837,0.6580058932304382,1,1,0,0,0
weak,11,XGBoost,0.2,0.8,16,0,0.777820348739624,0.7996819615364075,1,1,0,0,0
weak,11,XGBoost,0.2,0.8,104,1,0.5879132747650146,0.8559736013412476,1,1,0,0,0
weak,11,XGBoost,0.2,0.8,122,1,0.21056148409843445,0.7061476707458496,0,1,1,1,0
weak,11,XGBoost,0.2,0.8,58,0,0.5571078658103943,0.6947649121284485,1,1,0,0,0
weak,11,XGBoost,0.2,0.8,170,1,0.4659774601459503,0.4033251106739044,0,0,0,0,0
weak,11,XGBoost,0.2,0.8,125,1,0.7860522270202637,0.960507869720459,1,1,0,0,0
weak,11,XGBoost,0.2,0.8,74,0,0.6766353249549866,0.40280959010124207,1,0,1,1,0
weak,11,XGBoost,0.2,0.8,65,0,0.5514706969261169,0.44873619079589844,1,0,1,1,0
weak,11,XGBoost,0.2,0.8,146,1,0.7196969389915466,0.4424979090690613,1,0,1,0,1
weak,11,XGBoost,0.2,0.8,75,0,0.7625912427902222,0.2715841233730316,1,0,1,1,0
weak,11,XGBoost,0.2,0.8,155,1,0.6026840806007385,0.9141212105751038,1,1,0,0,0
weak,11,XGBoost,0.2,0.8,140,1,0.6578896641731262,0.7376054525375366,1,1,0,0,0
weak,11,XGBoost,0.2,0.8,159,1,0.5231540203094482,0.9253028631210327,1,1,0,0,0
weak,11,XGBoost,0.2,0.8,15,0,0.7673901319503784,0.48746269941329956,1,0,1,1,0
weak,11,XGBoost,0.2,0.8,64,0,0.2332388311624527,0.0808846727013588,0,0,0,0,0
weak,11,XGBoost,0.2,0.8,47,0,0.20472106337547302,0.366703063249588,0,0,0,0,0
weak,11,XGBoost,0.3,0.7,180,1,0.6904157996177673,0.855567991733551,1,1,0,0,0
weak,11,XGBoost,0.3,0.7,199,1,0.5451303124427795,0.79587721824646,1,1,0,0,0
weak,11,XGBoost,0.3,0.7,189,1,0.6206609606742859,0.8948572874069214,1,1,0,0,0
weak,11,XGBoost,0.3,0.7,114,1,0.6563591361045837,0.6580058932304382,1,1,0,0,0
weak,11,XGBoost,0.3,0.7,104,1,0.5879132747650146,0.8559736013412476,1,1,0,0,0
weak,11,XGBoost,0.3,0.7,58,0,0.5571078658103943,0.6947649121284485,1,1,0,0,0
weak,11,XGBoost,0.3,0.7,170,1,0.4659774601459503,0.4033251106739044,0,0,0,0,0
weak,11,XGBoost,0.3,0.7,74,0,0.6766353249549866,0.40280959010124207,1,0,1,1,0
weak,11,XGBoost,0.3,0.7,65,0,0.5514706969261169,0.44873619079589844,1,0,1,1,0
weak,11,XGBoost,0.3,0.7,155,1,0.6026840806007385,0.9141212105751038,1,1,0,0,0
weak,11,XGBoost,0.3,0.7,140,1,0.6578896641731262,0.7376054525375366,1,1,0,0,0
weak,11,XGBoost,0.3,0.7,159,1,0.5231540203094482,0.9253028631210327,1,1,0,0,0
weak,11,XGBoost,0.4,0.6,199,1,0.5451303124427795,0.79587721824646,1,1,0,0,0
weak,11,XGBoost,0.4,0.6,104,1,0.5879132747650146,0.8559736013412476,1,1,0,0,0
weak,11,XGBoost,0.4,0.6,58,0,0.5571078658103943,0.6947649121284485,1,1,0,0,0
weak,11,XGBoost,0.4,0.6,170,1,0.4659774601459503,0.4033251106739044,0,0,0,0,0
weak,11,XGBoost,0.4,0.6,65,0,0.5514706969261169,0.44873619079589844,1,0,1,1,0
weak,11,XGBoost,0.4,0.6,159,1,0.5231540203094482,0.9253028631210327,1,1,0,0,0
weak,12,Logistic Regression,0.2,0.8,136,1,0.40540870353151764,0.06470018707892486,0,0,0,0,0
weak,12,Logistic Regression,0.2,0.8,45,0,0.7011415485199279,0.8735465308354428,1,1,0,0,0
weak,12,Logistic Regression,0.2,0.8,196,1,0.6091045770499802,0.7425959485289414,1,1,0,0,0
weak,12,Logistic Regression,0.2,0.8,52,0,0.5254431507041345,0.10356191485420786,1,0,1,1,0
weak,12,Logistic Regression,0.2,0.8,155,1,0.5123302846375359,0.9484373671072331,1,1,0,0,0
weak,12,Logistic Regression,0.2,0.8,88,0,0.47749472208109267,0.5916926145234259,0,1,1,0,1
weak,12,Logistic Regression,0.2,0.8,29,0,0.5917555574418409,0.062215547230416585,1,0,1,1,0
weak,12,Logistic Regression,0.2,0.8,160,1,0.5379628205333961,0.8334265472467761,1,1,0,0,0
weak,12,Logistic Regression,0.2,0.8,50,0,0.4467524543865157,0.26310387404456664,0,0,0,0,0
weak,12,Logistic Regression,0.2,0.8,193,1,0.42404625748485814,0.28454095981224853,0,0,0,0,0
weak,12,Logistic Regression,0.2,0.8,157,1,0.7535069392199084,0.7955623688843391,1,1,0,0,0
weak,12,Logistic Regression,0.2,0.8,138,1,0.7754978257947132,0.9388018108282596,1,1,0,0,0
weak,12,Logistic Regression,0.2,0.8,108,1,0.6089727635554005,0.7781795245891485,1,1,0,0,0
weak,12,Logistic Regression,0.2,0.8,105,1,0.7034186779352568,0.6950766539333211,1,1,0,0,0
weak,12,Logistic Regression,0.2,0.8,139,1,0.767268290661268,0.9089797819363862,1,1,0,0,0
weak,12,Logistic Regression,0.2,0.8,35,0,0.7442777971829586,0.3847202427845733,1,0,1,1,0
weak,12,Logistic Regression,0.2,0.8,44,0,0.3831459125747995,0.040525087027545724,0,0,0,0,0
weak,12,Logistic Regression,0.2,0.8,0,0,0.24758394817984453,0.025732397656767894,0,0,0,0,0
weak,12,Logistic Regression,0.2,0.8,78,0,0.7706252474579521,0.5940205064772736,1,1,0,0,0
weak,12,Logistic Regression,0.2,0.8,92,0,0.7943193196043391,0.6760865887981587,1,1,0,0,0
weak,12,Logistic Regression,0.2,0.8,20,0,0.7537790864592955,0.17432488643466298,1,0,1,1,0
weak,12,Logistic Regression,0.2,0.8,117,1,0.5762884238077537,0.607868053691681,1,1,0,0,0
weak,12,Logistic Regression,0.2,0.8,82,0,0.622544380034428,0.9048273323566438,1,1,0,0,0
weak,12,Logistic Regression,0.2,0.8,8,0,0.48899289098088444,0.05529017073060172,0,0,0,0,0
weak,12,Logistic Regression,0.2,0.8,121,1,0.35250608601304,0.1225463475504874,0,0,0,0,0
weak,12,Logistic Regression,0.2,0.8,178,1,0.621334524984215,0.9585934523225451,1,1,0,0,0
weak,12,Logistic Regression,0.2,0.8,101,1,0.7158301515531189,0.970345755123468,1,1,0,0,0
weak,12,Logistic Regression,0.2,0.8,28,0,0.20594708991801688,0.012528068298421464,0,0,0,0,0
weak,12,Logistic Regression,0.2,0.8,21,0,0.4806839039484946,0.17303465489010988,0,0,0,0,0
weak,12,Logistic Regression,0.2,0.8,153,1,0.7013180526420708,0.6308906014272843,1,1,0,0,0
weak,12,Logistic Regression,0.2,0.8,110,1,0.6355706365731773,0.9461354851269063,1,1,0,0,0
weak,12,Logistic Regression,0.2,0.8,158,1,0.4078243129438728,0.6953579834199733,0,1,1,1,0
weak,12,Logistic Regression,0.2,0.8,6,0,0.2604418312765137,0.5303812297157401,0,1,1,0,1
weak,12,Logistic Regression,0.2,0.8,185,1,0.4449855249201892,0.6743146981125151,0,1,1,1,0
weak,12,Logistic Regression,0.2,0.8,25,0,0.25265252887475576,0.1399765111028841,0,0,0,0,0
weak,12,Logistic Regression,0.2,0.8,93,0,0.40213879387379986,0.6438123851711788,0,1,1,0,1
weak,12,Logistic Regression,0.2,0.8,159,1,0.34800125201541937,0.8453658538787852,0,1,1,1,0
weak,12,Logistic Regression,0.2,0.8,67,0,0.6657353948759416,0.3646517266821354,1,0,1,1,0
weak,12,Logistic Regression,0.2,0.8,97,0,0.7127988538263936,0.8649010583743727,1,1,0,0,0
weak,12,Logistic Regression,0.2,0.8,184,1,0.6018125721425265,0.9730676813374852,1,1,0,0,0
weak,12,Logistic Regression,0.2,0.8,74,0,0.2827320232112487,0.14365140266286774,0,0,0,0,0
weak,12,Logistic Regression,0.2,0.8,127,1,0.6003720078656901,0.4020801368366972,1,0,1,0,1
weak,12,Logistic Regression,0.2,0.8,1,0,0.6259585569809335,0.517656886230542,1,1,0,0,0
weak,12,Logistic Regression,0.2,0.8,64,0,0.2757968042376606,0.036785016583273426,0,0,0,0,0
weak,12,Logistic Regression,0.2,0.8,135,1,0.7023461833390374,0.920173499357514,1,1,0,0,0
weak,12,Logistic Regression,0.2,0.8,96,0,0.35615726364788497,0.048185337993624955,0,0,0,0,0
weak,12,Logistic Regression,0.2,0.8,181,1,0.29349027760235397,0.960248508368047,0,1,1,1,0
weak,12,Logistic Regression,0.2,0.8,188,1,0.4637869777092981,0.9861207086194254,0,1,1,1,0
weak,12,Logistic Regression,0.3,0.7,136,1,0.40540870353151764,0.06470018707892486,0,0,0,0,0
weak,12,Logistic Regression,0.3,0.7,196,1,0.6091045770499802,0.7425959485289414,1,1,0,0,0
weak,12,Logistic Regression,0.3,0.7,52,0,0.5254431507041345,0.10356191485420786,1,0,1,1,0
weak,12,Logistic Regression,0.3,0.7,155,1,0.5123302846375359,0.9484373671072331,1,1,0,0,0
weak,12,Logistic Regression,0.3,0.7,88,0,0.47749472208109267,0.5916926145234259,0,1,1,0,1
weak,12,Logistic Regression,0.3,0.7,29,0,0.5917555574418409,0.062215547230416585,1,0,1,1,0
weak,12,Logistic Regression,0.3,0.7,160,1,0.5379628205333961,0.8334265472467761,1,1,0,0,0
weak,12,Logistic Regression,0.3,0.7,50,0,0.4467524543865157,0.26310387404456664,0,0,0,0,0
weak,12,Logistic Regression,0.3,0.7,193,1,0.42404625748485814,0.28454095981224853,0,0,0,0,0
weak,12,Logistic Regression,0.3,0.7,108,1,0.6089727635554005,0.7781795245891485,1,1,0,0,0
weak,12,Logistic Regression,0.3,0.7,44,0,0.3831459125747995,0.040525087027545724,0,0,0,0,0
weak,12,Logistic Regression,0.3,0.7,117,1,0.5762884238077537,0.607868053691681,1,1,0,0,0
weak,12,Logistic Regression,0.3,0.7,82,0,0.622544380034428,0.9048273323566438,1,1,0,0,0
weak,12,Logistic Regression,0.3,0.7,8,0,0.48899289098088444,0.05529017073060172,0,0,0,0,0
weak,12,Logistic Regression,0.3,0.7,121,1,0.35250608601304,0.1225463475504874,0,0,0,0,0
weak,12,Logistic Regression,0.3,0.7,178,1,0.621334524984215,0.9585934523225451,1,1,0,0,0
weak,12,Logistic Regression,0.3,0.7,21,0,0.4806839039484946,0.17303465489010988,0,0,0,0,0
weak,12,Logistic Regression,0.3,0.7,110,1,0.6355706365731773,0.9461354851269063,1,1,0,0,0
weak,12,Logistic Regression,0.3,0.7,158,1,0.4078243129438728,0.6953579834199733,0,1,1,1,0
weak,12,Logistic Regression,0.3,0.7,185,1,0.4449855249201892,0.6743146981125151,0,1,1,1,0
weak,12,Logistic Regression,0.3,0.7,93,0,0.40213879387379986,0.6438123851711788,0,1,1,0,1
weak,12,Logistic Regression,0.3,0.7,159,1,0.34800125201541937,0.8453658538787852,0,1,1,1,0
weak,12,Logistic Regression,0.3,0.7,67,0,0.6657353948759416,0.3646517266821354,1,0,1,1,0
weak,12,Logistic Regression,0.3,0.7,184,1,0.6018125721425265,0.9730676813374852,1,1,0,0,0
weak,12,Logistic Regression,0.3,0.7,127,1,0.6003720078656901,0.4020801368366972,1,0,1,0,1
weak,12,Logistic Regression,0.3,0.7,1,0,0.6259585569809335,0.517656886230542,1,1,0,0,0
weak,12,Logistic Regression,0.3,0.7,96,0,0.35615726364788497,0.048185337993624955,0,0,0,0,0
weak,12,Logistic Regression,0.3,0.7,188,1,0.4637869777092981,0.9861207086194254,0,1,1,1,0
weak,12,Logistic Regression,0.4,0.6,136,1,0.40540870353151764,0.06470018707892486,0,0,0,0,0
weak,12,Logistic Regression,0.4,0.6,52,0,0.5254431507041345,0.10356191485420786,1,0,1,1,0
weak,12,Logistic Regression,0.4,0.6,155,1,0.5123302846375359,0.9484373671072331,1,1,0,0,0
weak,12,Logistic Regression,0.4,0.6,88,0,0.47749472208109267,0.5916926145234259,0,1,1,0,1
weak,12,Logistic Regression,0.4,0.6,29,0,0.5917555574418409,0.062215547230416585,1,0,1,1,0
weak,12,Logistic Regression,0.4,0.6,160,1,0.5379628205333961,0.8334265472467761,1,1,0,0,0
weak,12,Logistic Regression,0.4,0.6,50,0,0.4467524543865157,0.26310387404456664,0,0,0,0,0
weak,12,Logistic Regression,0.4,0.6,193,1,0.42404625748485814,0.28454095981224853,0,0,0,0,0
weak,12,Logistic Regression,0.4,0.6,117,1,0.5762884238077537,0.607868053691681,1,1,0,0,0
weak,12,Logistic Regression,0.4,0.6,8,0,0.48899289098088444,0.05529017073060172,0,0,0,0,0
weak,12,Logistic Regression,0.4,0.6,21,0,0.4806839039484946,0.17303465489010988,0,0,0,0,0
weak,12,Logistic Regression,0.4,0.6,158,1,0.4078243129438728,0.6953579834199733,0,1,1,1,0
weak,12,Logistic Regression,0.4,0.6,185,1,0.4449855249201892,0.6743146981125151,0,1,1,1,0
weak,12,Logistic Regression,0.4,0.6,93,0,0.40213879387379986,0.6438123851711788,0,1,1,0,1
weak,12,Logistic Regression,0.4,0.6,188,1,0.4637869777092981,0.9861207086194254,0,1,1,1,0
weak,12,Random Forest,0.2,0.8,136,1,0.73,0.6,1,1,0,0,0
weak,12,Random Forest,0.2,0.8,45,0,0.28,0.36,0,0,0,0,0
weak,12,Random Forest,0.2,0.8,106,1,0.77,0.66,1,1,0,0,0
weak,12,Random Forest,0.2,0.8,52,0,0.22,0.12,0,0,0,0,0
weak,12,Random Forest,0.2,0.8,155,1,0.52,0.79,1,1,0,0,0
weak,12,Random Forest,0.2,0.8,88,0,0.6,0.49,1,0,1,1,0
weak,12,Random Forest,0.2,0.8,58,0,0.52,0.62,1,1,0,0,0
weak,12,Random Forest,0.2,0.8,29,0,0.24,0.25,0,0,0,0,0
weak,12,Random Forest,0.2,0.8,160,1,0.7,0.79,1,1,0,0,0
weak,12,Random Forest,0.2,0.8,193,1,0.76,0.68,1,1,0,0,0
weak,12,Random Forest,0.2,0.8,157,1,0.76,0.67,1,1,0,0,0
weak,12,Random Forest,0.2,0.8,108,1,0.78,0.59,1,1,0,0,0
weak,12,Random Forest,0.2,0.8,105,1,0.64,0.68,1,1,0,0,0
weak,12,Random Forest,0.2,0.8,139,1,0.72,0.77,1,1,0,0,0
weak,12,Random Forest,0.2,0.8,35,0,0.27,0.26,0,0,0,0,0
weak,12,Random Forest,0.2,0.8,44,0,0.48,0.56,0,1,1,0,1
weak,12,Random Forest,0.2,0.8,78,0,0.78,0.81,1,1,0,0,0
weak,12,Random Forest,0.2,0.8,9,0,0.46,0.53,0,1,1,0,1
weak,12,Random Forest,0.2,0.8,20,0,0.26,0.25,0,0,0,0,0
weak,12,Random Forest,0.2,0.8,117,1,0.66,0.74,1,1,0,0,0
weak,12,Random Forest,0.2,0.8,121,1,0.67,0.62,1,1,0,0,0
weak,12,Random Forest,0.2,0.8,101,1,0.78,0.77,1,1,0,0,0
weak,12,Random Forest,0.2,0.8,28,0,0.46,0.3,0,0,0,0,0
weak,12,Random Forest,0.2,0.8,21,0,0.24,0.39,0,0,0,0,0
weak,12,Random Forest,0.2,0.8,47,0,0.66,0.71,1,1,0,0,0
weak,12,Random Forest,0.2,0.8,153,1,0.64,0.75,1,1,0,0,0
weak,12,Random Forest,0.2,0.8,162,1,0.69,0.79,1,1,0,0,0
weak,12,Random Forest,0.2,0.8,110,1,0.78,0.79,1,1,0,0,0
weak,12,Random Forest,0.2,0.8,158,1,0.62,0.71,1,1,0,0,0
weak,12,Random Forest,0.2,0.8,6,0,0.54,0.57,1,1,0,0,0
weak,12,Random Forest,0.2,0.8,25,0,0.3,0.31,0,0,0,0,0
weak,12,Random Forest,0.2,0.8,103,1,0.78,0.87,1,1,0,0,0
weak,12,Random Forest,0.2,0.8,159,1,0.54,0.75,1,1,0,0,0
weak,12,Random Forest,0.2,0.8,67,0,0.28,0.25,0,0,0,0,0
weak,12,Random Forest,0.2,0.8,97,0,0.24,0.26,0,0,0,0,0
weak,12,Random Forest,0.2,0.8,74,0,0.61,0.47,1,0,1,1,0
weak,12,Random Forest,0.2,0.8,127,1,0.69,0.59,1,1,0,0,0
weak,12,Random Forest,0.2,0.8,1,0,0.58,0.59,1,1,0,0,0
weak,12,Random Forest,0.2,0.8,64,0,0.43,0.32,0,0,0,0,0
weak,12,Random Forest,0.2,0.8,181,1,0.73,0.7,1,1,0,0,0
weak,12,Random Forest,0.2,0.8,188,1,0.68,0.79,1,1,0,0,0
weak,12,Random Forest,0.3,0.7,155,1,0.52,0.79,1,1,0,0,0
weak,12,Random Forest,0.3,0.7,88,0,0.6,0.49,1,0,1,1,0
weak,12,Random Forest,0.3,0.7,58,0,0.52,0.62,1,1,0,0,0
weak,12,Random Forest,0.3,0.7,105,1,0.64,0.68,1,1,0,0,0
weak,12,Random Forest,0.3,0.7,44,0,0.48,0.56,0,1,1,0,1
weak,12,Random Forest,0.3,0.7,9,0,0.46,0.53,0,1,1,0,1
weak,12,Random Forest,0.3,0.7,117,1,0.66,0.74,1,1,0,0,0
weak,12,Random Forest,0.3,0.7,121,1,0.67,0.62,1,1,0,0,0
weak,12,Random Forest,0.3,0.7,28,0,0.46,0.3,0,0,0,0,0
weak,12,Random Forest,0.3,0.7,47,0,0.66,0.71,1,1,0,0,0
weak,12,Random Forest,0.3,0.7,153,1,0.64,0.75,1,1,0,0,0
weak,12,Random Forest,0.3,0.7,162,1,0.69,0.79,1,1,0,0,0
weak,12,Random Forest,0.3,0.7,158,1,0.62,0.71,1,1,0,0,0
weak,12,Random Forest,0.3,0.7,6,0,0.54,0.57,1,1,0,0,0
weak,12,Random Forest,0.3,0.7,159,1,0.54,0.75,1,1,0,0,0
weak,12,Random Forest,0.3,0.7,74,0,0.61,0.47,1,0,1,1,0
weak,12,Random Forest,0.3,0.7,127,1,0.69,0.59,1,1,0,0,0
weak,12,Random Forest,0.3,0.7,1,0,0.58,0.59,1,1,0,0,0
weak,12,Random Forest,0.3,0.7,64,0,0.43,0.32,0,0,0,0,0
weak,12,Random Forest,0.3,0.7,188,1,0.68,0.79,1,1,0,0,0
weak,12,Random Forest,0.4,0.6,155,1,0.52,0.79,1,1,0,0,0
weak,12,Random Forest,0.4,0.6,58,0,0.52,0.62,1,1,0,0,0
weak,12,Random Forest,0.4,0.6,44,0,0.48,0.56,0,1,1,0,1
weak,12,Random Forest,0.4,0.6,9,0,0.46,0.53,0,1,1,0,1
weak,12,Random Forest,0.4,0.6,28,0,0.46,0.3,0,0,0,0,0
weak,12,Random Forest,0.4,0.6,6,0,0.54,0.57,1,1,0,0,0
weak,12,Random Forest,0.4,0.6,159,1,0.54,0.75,1,1,0,0,0
weak,12,Random Forest,0.4,0.6,1,0,0.58,0.59,1,1,0,0,0
weak,12,Random Forest,0.4,0.6,64,0,0.43,0.32,0,0,0,0,0
weak,12,XGBoost,0.2,0.8,136,1,0.7052932381629944,0.4233492612838745,1,0,1,0,1
weak,12,XGBoost,0.2,0.8,155,1,0.49793845415115356,0.8864558339118958,0,1,1,1,0
weak,12,XGBoost,0.2,0.8,88,0,0.6479013562202454,0.313361257314682,1,0,1,1,0
weak,12,XGBoost,0.2,0.8,58,0,0.48540374636650085,0.553137481212616,0,1,1,0,1
weak,12,XGBoost,0.2,0.8,157,1,0.7998389601707458,0.6023225784301758,1,1,0,0,0
weak,12,XGBoost,0.2,0.8,105,1,0.6470230221748352,0.5751889944076538,1,1,0,0,0
weak,12,XGBoost,0.2,0.8,44,0,0.5374074578285217,0.4636886417865753,1,0,1,1,0
weak,12,XGBoost,0.2,0.8,9,0,0.7890722155570984,0.7243397831916809,1,1,0,0,0
weak,12,XGBoost,0.2,0.8,121,1,0.7219957113265991,0.7222763299942017,1,1,0,0,0
weak,12,XGBoost,0.2,0.8,28,0,0.4841963052749634,0.21542665362358093,0,0,0,0,0
weak,12,XGBoost,0.2,0.8,47,0,0.6218380331993103,0.6742223501205444,1,1,0,0,0
weak,12,XGBoost,0.2,0.8,153,1,0.6443817019462585,0.8906248211860657,1,1,0,0,0
weak,12,XGBoost,0.2,0.8,110,1,0.7799842953681946,0.9593490958213806,1,1,0,0,0
weak,12,XGBoost,0.2,0.8,158,1,0.5876168608665466,0.9000853300094604,1,1,0,0,0
weak,12,XGBoost,0.2,0.8,6,0,0.7681365609169006,0.8893499970436096,1,1,0,0,0
weak,12,XGBoost,0.2,0.8,159,1,0.6477802395820618,0.9020943641662598,1,1,0,0,0
weak,12,XGBoost,0.2,0.8,74,0,0.7962356805801392,0.7241212129592896,1,1,0,0,0
weak,12,XGBoost,0.2,0.8,1,0,0.51389479637146,0.4040223956108093,1,0,1,1,0
weak,12,XGBoost,0.2,0.8,64,0,0.361467182636261,0.05069637671113014,0,0,0,0,0
weak,12,XGBoost,0.2,0.8,181,1,0.7448970675468445,0.8908789753913879,1,1,0,0,0
weak,12,XGBoost,0.3,0.7,155,1,0.49793845415115356,0.8864558339118958,0,1,1,1,0
weak,12,XGBoost,0.3,0.7,88,0,0.6479013562202454,0.313361257314682,1,0,1,1,0
weak,12,XGBoost,0.3,0.7,58,0,0.48540374636650085,0.553137481212616,0,1,1,0,1
weak,12,XGBoost,0.3,0.7,105,1,0.6470230221748352,0.5751889944076538,1,1,0,0,0
weak,12,XGBoost,0.3,0.7,44,0,0.5374074578285217,0.4636886417865753,1,0,1,1,0
weak,12,XGBoost,0.3,0.7,28,0,0.4841963052749634,0.21542665362358093,0,0,0,0,0
weak,12,XGBoost,0.3,0.7,47,0,0.6218380331993103,0.6742223501205444,1,1,0,0,0
weak,12,XGBoost,0.3,0.7,153,1,0.6443817019462585,0.8906248211860657,1,1,0,0,0
weak,12,XGBoost,0.3,0.7,158,1,0.5876168608665466,0.9000853300094604,1,1,0,0,0
weak,12,XGBoost,0.3,0.7,159,1,0.6477802395820618,0.9020943641662598,1,1,0,0,0
weak,12,XGBoost,0.3,0.7,1,0,0.51389479637146,0.4040223956108093,1,0,1,1,0
weak,12,XGBoost,0.3,0.7,64,0,0.361467182636261,0.05069637671113014,0,0,0,0,0
weak,12,XGBoost,0.4,0.6,155,1,0.49793845415115356,0.8864558339118958,0,1,1,1,0
weak,12,XGBoost,0.4,0.6,58,0,0.48540374636650085,0.553137481212616,0,1,1,0,1
weak,12,XGBoost,0.4,0.6,44,0,0.5374074578285217,0.4636886417865753,1,0,1,1,0
weak,12,XGBoost,0.4,0.6,28,0,0.4841963052749634,0.21542665362358093,0,0,0,0,0
weak,12,XGBoost,0.4,0.6,158,1,0.5876168608665466,0.9000853300094604,1,1,0,0,0
weak,12,XGBoost,0.4,0.6,1,0,0.51389479637146,0.4040223956108093,1,0,1,1,0
weak,13,Logistic Regression,0.2,0.8,20,0,0.7870599436209623,0.4727464647851037,1,0,1,1,0
weak,13,Logistic Regression,0.2,0.8,120,1,0.3540349830927169,0.2576787148997613,0,0,0,0,0
weak,13,Logistic Regression,0.2,0.8,80,0,0.21756299166196955,0.007732242936172574,0,0,0,0,0
weak,13,Logistic Regression,0.2,0.8,193,1,0.3832840754270663,0.35079235209463444,0,0,0,0,0
weak,13,Logistic Regression,0.2,0.8,97,0,0.7486803333873722,0.6857630074009194,1,1,0,0,0
weak,13,Logistic Regression,0.2,0.8,165,1,0.6547064007006701,0.9232043938810072,1,1,0,0,0
weak,13,Logistic Regression,0.2,0.8,66,0,0.3300906864181565,0.9649724461037849,0,1,1,0,1
weak,13,Logistic Regression,0.2,0.8,110,1,0.6469005386317436,0.7925498863110617,1,1,0,0,0
weak,13,Logistic Regression,0.2,0.8,162,1,0.25989660870375614,0.8737100025654644,0,1,1,1,0
weak,13,Logistic Regression,0.2,0.8,196,1,0.7617997372927241,0.7544312620569659,1,1,0,0,0
weak,13,Logistic Regression,0.2,0.8,37,0,0.5538056249144725,0.007940260169299657,1,0,1,1,0
weak,13,Logistic Regression,0.2,0.8,21,0,0.6322735476352903,0.21238749635329318,1,0,1,1,0
weak,13,Logistic Regression,0.2,0.8,49,0,0.6307655956263046,0.23982551236503866,1,0,1,1,0
weak,13,Logistic Regression,0.2,0.8,90,0,0.21590633416812147,0.011063714957646985,0,0,0,0,0
weak,13,Logistic Regression,0.2,0.8,52,0,0.6983497129742434,0.38657239390172854,1,0,1,1,0
weak,13,Logistic Regression,0.2,0.8,149,1,0.36893759607851734,0.8088267900095973,0,1,1,1,0
weak,13,Logistic Regression,0.2,0.8,88,0,0.5105370093543066,0.19909735711546647,1,0,1,1,0
weak,13,Logistic Regression,0.2,0.8,1,0,0.7245350641644718,0.8111407149035985,1,1,0,0,0
weak,13,Logistic Regression,0.2,0.8,158,1,0.26242353503903226,0.8253152107922492,0,1,1,1,0
weak,13,Logistic Regression,0.2,0.8,12,0,0.3237718791881312,0.12428483186263549,0,0,0,0,0
weak,13,Logistic Regression,0.2,0.8,104,1,0.7884829600131014,0.9044139884108797,1,1,0,0,0
weak,13,Logistic Regression,0.2,0.8,123,1,0.2482935313986778,0.9027290435013092,0,1,1,1,0
weak,13,Logistic Regression,0.2,0.8,0,0,0.22520917437728885,0.023765417691679305,0,0,0,0,0
weak,13,Logistic Regression,0.2,0.8,73,0,0.6703544026476022,0.918628359534243,1,1,0,0,0
weak,13,Logistic Regression,0.2,0.8,154,1,0.7038545140847647,0.7391263624295205,1,1,0,0,0
weak,13,Logistic Regression,0.2,0.8,118,1,0.5302365104756739,0.20536449847705526,1,0,1,0,1
weak,13,Logistic Regression,0.2,0.8,150,1,0.5210893453946666,0.9935409752715387,1,1,0,0,0
weak,13,Logistic Regression,0.2,0.8,119,1,0.5143959672922744,0.25218768684289694,1,0,1,0,1
weak,13,Logistic Regression,0.2,0.8,173,1,0.35857647165354833,0.9870844240597885,0,1,1,1,0
weak,13,Logistic Regression,0.2,0.8,142,1,0.41630276611993655,0.6241774977505417,0,1,1,1,0
weak,13,Logistic Regression,0.2,0.8,79,0,0.6837426618894795,0.5811639128856179,1,1,0,0,0
weak,13,Logistic Regression,0.2,0.8,199,1,0.5965167302453551,0.79848010641522,1,1,0,0,0
weak,13,Logistic Regression,0.2,0.8,44,0,0.25451899795511207,0.04166316423912601,0,0,0,0,0
weak,13,Logistic Regression,0.2,0.8,11,0,0.5667752017825765,0.2182492088650275,1,0,1,1,0
weak,13,Logistic Regression,0.2,0.8,6,0,0.27194954151060713,0.3497945144599756,0,0,0,0,0
weak,13,Logistic Regression,0.2,0.8,127,1,0.7894071547551489,0.8536455064079723,1,1,0,0,0
weak,13,Logistic Regression,0.2,0.8,3,0,0.31064601043813944,0.01938069301836184,0,0,0,0,0
weak,13,Logistic Regression,0.2,0.8,160,1,0.7105128814647356,0.9052834811983732,1,1,0,0,0
weak,13,Logistic Regression,0.3,0.7,120,1,0.3540349830927169,0.2576787148997613,0,0,0,0,0
weak,13,Logistic Regression,0.3,0.7,193,1,0.3832840754270663,0.35079235209463444,0,0,0,0,0
weak,13,Logistic Regression,0.3,0.7,165,1,0.6547064007006701,0.9232043938810072,1,1,0,0,0
weak,13,Logistic Regression,0.3,0.7,66,0,0.3300906864181565,0.9649724461037849,0,1,1,0,1
weak,13,Logistic Regression,0.3,0.7,110,1,0.6469005386317436,0.7925498863110617,1,1,0,0,0
weak,13,Logistic Regression,0.3,0.7,37,0,0.5538056249144725,0.007940260169299657,1,0,1,1,0
weak,13,Logistic Regression,0.3,0.7,21,0,0.6322735476352903,0.21238749635329318,1,0,1,1,0
weak,13,Logistic Regression,0.3,0.7,49,0,0.6307655956263046,0.23982551236503866,1,0,1,1,0
weak,13,Logistic Regression,0.3,0.7,52,0,0.6983497129742434,0.38657239390172854,1,0,1,1,0
weak,13,Logistic Regression,0.3,0.7,149,1,0.36893759607851734,0.8088267900095973,0,1,1,1,0
weak,13,Logistic Regression,0.3,0.7,88,0,0.5105370093543066,0.19909735711546647,1,0,1,1,0
weak,13,Logistic Regression,0.3,0.7,12,0,0.3237718791881312,0.12428483186263549,0,0,0,0,0
weak,13,Logistic Regression,0.3,0.7,73,0,0.6703544026476022,0.918628359534243,1,1,0,0,0
weak,13,Logistic Regression,0.3,0.7,118,1,0.5302365104756739,0.20536449847705526,1,0,1,0,1
weak,13,Logistic Regression,0.3,0.7,150,1,0.5210893453946666,0.9935409752715387,1,1,0,0,0
weak,13,Logistic Regression,0.3,0.7,119,1,0.5143959672922744,0.25218768684289694,1,0,1,0,1
weak,13,Logistic Regression,0.3,0.7,173,1,0.35857647165354833,0.9870844240597885,0,1,1,1,0
weak,13,Logistic Regression,0.3,0.7,142,1,0.41630276611993655,0.6241774977505417,0,1,1,1,0
weak,13,Logistic Regression,0.3,0.7,79,0,0.6837426618894795,0.5811639128856179,1,1,0,0,0
weak,13,Logistic Regression,0.3,0.7,199,1,0.5965167302453551,0.79848010641522,1,1,0,0,0
weak,13,Logistic Regression,0.3,0.7,11,0,0.5667752017825765,0.2182492088650275,1,0,1,1,0
weak,13,Logistic Regression,0.3,0.7,3,0,0.31064601043813944,0.01938069301836184,0,0,0,0,0
weak,13,Logistic Regression,0.4,0.6,37,0,0.5538056249144725,0.007940260169299657,1,0,1,1,0
weak,13,Logistic Regression,0.4,0.6,88,0,0.5105370093543066,0.19909735711546647,1,0,1,1,0
weak,13,Logistic Regression,0.4,0.6,118,1,0.5302365104756739,0.20536449847705526,1,0,1,0,1
weak,13,Logistic Regression,0.4,0.6,150,1,0.5210893453946666,0.9935409752715387,1,1,0,0,0
weak,13,Logistic Regression,0.4,0.6,119,1,0.5143959672922744,0.25218768684289694,1,0,1,0,1
weak,13,Logistic Regression,0.4,0.6,142,1,0.41630276611993655,0.6241774977505417,0,1,1,1,0
weak,13,Logistic Regression,0.4,0.6,199,1,0.5965167302453551,0.79848010641522,1,1,0,0,0
weak,13,Logistic Regression,0.4,0.6,11,0,0.5667752017825765,0.2182492088650275,1,0,1,1,0
weak,13,Random Forest,0.2,0.8,20,0,0.22,0.39,0,0,0,0,0
weak,13,Random Forest,0.2,0.8,120,1,0.53,0.45,1,0,1,0,1
weak,13,Random Forest,0.2,0.8,147,1,0.52,0.61,1,1,0,0,0
weak,13,Random Forest,0.2,0.8,109,1,0.56,0.78,1,1,0,0,0
weak,13,Random Forest,0.2,0.8,193,1,0.78,0.62,1,1,0,0,0
weak,13,Random Forest,0.2,0.8,22,0,0.22,0.19,0,0,0,0,0
weak,13,Random Forest,0.2,0.8,97,0,0.33,0.17,0,0,0,0,0
weak,13,Random Forest,0.2,0.8,165,1,0.76,0.66,1,1,0,0,0
weak,13,Random Forest,0.2,0.8,66,0,0.39,0.7,0,1,1,0,1
weak,13,Random Forest,0.2,0.8,60,0,0.26,0.36,0,0,0,0,0
weak,13,Random Forest,0.2,0.8,162,1,0.6,0.79,1,1,0,0,0
weak,13,Random Forest,0.2,0.8,69,0,0.23,0.37,0,0,0,0,0
weak,13,Random Forest,0.2,0.8,37,0,0.46,0.28,0,0,0,0,0
weak,13,Random Forest,0.2,0.8,167,1,0.77,0.6,1,1,0,0,0
weak,13,Random Forest,0.2,0.8,184,1,0.79,0.83,1,1,0,0,0
weak,13,Random Forest,0.2,0.8,49,0,0.3,0.25,0,0,0,0,0
weak,13,Random Forest,0.2,0.8,61,0,0.28,0.24,0,0,0,0,0
weak,13,Random Forest,0.2,0.8,26,0,0.22,0.37,0,0,0,0,0
weak,13,Random Forest,0.2,0.8,52,0,0.24,0.29,0,0,0,0,0
weak,13,Random Forest,0.2,0.8,149,1,0.67,0.7,1,1,0,0,0
weak,13,Random Forest,0.2,0.8,88,0,0.59,0.38,1,0,1,1,0
weak,13,Random Forest,0.2,0.8,1,0,0.55,0.62,1,1,0,0,0
weak,13,Random Forest,0.2,0.8,158,1,0.45,0.77,0,1,1,1,0
weak,13,Random Forest,0.2,0.8,190,1,0.71,0.82,1,1,0,0,0
weak,13,Random Forest,0.2,0.8,12,0,0.23,0.16,0,0,0,0,0
weak,13,Random Forest,0.2,0.8,104,1,0.77,0.81,1,1,0,0,0
weak,13,Random Forest,0.2,0.8,123,1,0.38,0.72,0,1,1,1,0
weak,13,Random Forest,0.2,0.8,73,0,0.27,0.38,0,0,0,0,0
weak,13,Random Forest,0.2,0.8,154,1,0.69,0.49,1,0,1,0,1
weak,13,Random Forest,0.2,0.8,182,1,0.63,0.81,1,1,0,0,0
weak,13,Random Forest,0.2,0.8,87,0,0.35,0.39,0,0,0,0,0
weak,13,Random Forest,0.2,0.8,119,1,0.66,0.52,1,1,0,0,0
weak,13,Random Forest,0.2,0.8,173,1,0.61,0.62,1,1,0,0,0
weak,13,Random Forest,0.2,0.8,142,1,0.67,0.67,1,1,0,0,0
weak,13,Random Forest,0.2,0.8,79,0,0.62,0.69,1,1,0,0,0
weak,13,Random Forest,0.2,0.8,128,1,0.62,0.69,1,1,0,0,0
weak,13,Random Forest,0.2,0.8,199,1,0.58,0.68,1,1,0,0,0
weak,13,Random Forest,0.2,0.8,44,0,0.53,0.59,1,1,0,0,0
weak,13,Random Forest,0.2,0.8,6,0,0.51,0.47,1,0,1,1,0
weak,13,Random Forest,0.2,0.8,127,1,0.78,0.8,1,1,0,0,0
weak,13,Random Forest,0.2,0.8,160,1,0.76,0.77,1,1,0,0,0
weak,13,Random Forest,0.3,0.7,120,1,0.53,0.45,1,0,1,0,1
weak,13,Random Forest,0.3,0.7,147,1,0.52,0.61,1,1,0,0,0
weak,13,Random Forest,0.3,0.7,109,1,0.56,0.78,1,1,0,0,0
weak,13,Random Forest,0.3,0.7,97,0,0.33,0.17,0,0,0,0,0
weak,13,Random Forest,0.3,0.7,66,0,0.39,0.7,0,1,1,0,1
weak,13,Random Forest,0.3,0.7,162,1,0.6,0.79,1,1,0,0,0
weak,13,Random Forest,0.3,0.7,37,0,0.46,0.28,0,0,0,0,0
weak,13,Random Forest,0.3,0.7,149,1,0.67,0.7,1,1,0,0,0
weak,13,Random Forest,0.3,0.7,88,0,0.59,0.38,1,0,1,1,0
weak,13,Random Forest,0.3,0.7,1,0,0.55,0.62,1,1,0,0,0
weak,13,Random Forest,0.3,0.7,158,1,0.45,0.77,0,1,1,1,0
weak,13,Random Forest,0.3,0.7,123,1,0.38,0.72,0,1,1,1,0
weak,13,Random Forest,0.3,0.7,154,1,0.69,0.49,1,0,1,0,1
weak,13,Random Forest,0.3,0.7,182,1,0.63,0.81,1,1,0,0,0
weak,13,Random Forest,0.3,0.7,87,0,0.35,0.39,0,0,0,0,0
weak,13,Random Forest,0.3,0.7,119,1,0.66,0.52,1,1,0,0,0
weak,13,Random Forest,0.3,0.7,173,1,0.61,0.62,1,1,0,0,0
weak,13,Random Forest,0.3,0.7,142,1,0.67,0.67,1,1,0,0,0
weak,13,Random Forest,0.3,0.7,79,0,0.62,0.69,1,1,0,0,0
weak,13,Random Forest,0.3,0.7,128,1,0.62,0.69,1,1,0,0,0
weak,13,Random Forest,0.3,0.7,199,1,0.58,0.68,1,1,0,0,0
weak,13,Random Forest,0.3,0.7,44,0,0.53,0.59,1,1,0,0,0
weak,13,Random Forest,0.3,0.7,6,0,0.51,0.47,1,0,1,1,0
weak,13,Random Forest,0.4,0.6,120,1,0.53,0.45,1,0,1,0,1
weak,13,Random Forest,0.4,0.6,147,1,0.52,0.61,1,1,0,0,0
weak,13,Random Forest,0.4,0.6,109,1,0.56,0.78,1,1,0,0,0
weak,13,Random Forest,0.4,0.6,37,0,0.46,0.28,0,0,0,0,0
weak,13,Random Forest,0.4,0.6,88,0,0.59,0.38,1,0,1,1,0
weak,13,Random Forest,0.4,0.6,1,0,0.55,0.62,1,1,0,0,0
weak,13,Random Forest,0.4,0.6,158,1,0.45,0.77,0,1,1,1,0
weak,13,Random Forest,0.4,0.6,199,1,0.58,0.68,1,1,0,0,0
weak,13,Random Forest,0.4,0.6,44,0,0.53,0.59,1,1,0,0,0
weak,13,Random Forest,0.4,0.6,6,0,0.51,0.47,1,0,1,1,0
weak,13,XGBoost,0.2,0.8,120,1,0.6613135933876038,0.5449373722076416,1,1,0,0,0
weak,13,XGBoost,0.2,0.8,147,1,0.5147961974143982,0.39057648181915283,1,0,1,0,1
weak,13,XGBoost,0.2,0.8,109,1,0.6128071546554565,0.9683473110198975,1,1,0,0,0
weak,13,XGBoost,0.2,0.8,165,1,0.5868675112724304,0.7532736659049988,1,1,0,0,0
weak,13,XGBoost,0.2,0.8,66,0,0.4992141127586365,0.958560585975647,0,1,1,0,1
weak,13,XGBoost,0.2,0.8,37,0,0.36860010027885437,0.1305677443742752,0,0,0,0,0
weak,13,XGBoost,0.2,0.8,88,0,0.6381954550743103,0.2218766063451767,1,0,1,1,0
weak,13,XGBoost,0.2,0.8,1,0,0.26686280965805054,0.6998540759086609,0,1,1,0,1
weak,13,XGBoost,0.2,0.8,104,1,0.772247850894928,0.9513913989067078,1,1,0,0,0
weak,13,XGBoost,0.2,0.8,123,1,0.6906250715255737,0.9542052149772644,1,1,0,0,0
weak,13,XGBoost,0.2,0.8,154,1,0.7739866971969604,0.15504947304725647,1,0,1,0,1
weak,13,XGBoost,0.2,0.8,182,1,0.33853134512901306,0.6502768397331238,0,1,1,1,0
weak,13,XGBoost,0.2,0.8,87,0,0.6651341319084167,0.540757417678833,1,1,0,0,0
weak,13,XGBoost,0.2,0.8,119,1,0.6425870656967163,0.33116546273231506,1,0,1,0,1
weak,13,XGBoost,0.2,0.8,173,1,0.48329848051071167,0.47472429275512695,0,0,0,0,0
weak,13,XGBoost,0.2,0.8,142,1,0.6899433135986328,0.9687267541885376,1,1,0,0,0
weak,13,XGBoost,0.2,0.8,79,0,0.5757856965065002,0.8784352540969849,1,1,0,0,0
weak,13,XGBoost,0.2,0.8,128,1,0.7064869403839111,0.8277541399002075,1,1,0,0,0
weak,13,XGBoost,0.2,0.8,44,0,0.6252847909927368,0.853499710559845,1,1,0,0,0
weak,13,XGBoost,0.2,0.8,6,0,0.7506362199783325,0.7115817666053772,1,1,0,0,0
weak,13,XGBoost,0.3,0.7,120,1,0.6613135933876038,0.5449373722076416,1,1,0,0,0
weak,13,XGBoost,0.3,0.7,147,1,0.5147961974143982,0.39057648181915283,1,0,1,0,1
weak,13,XGBoost,0.3,0.7,109,1,0.6128071546554565,0.9683473110198975,1,1,0,0,0
weak,13,XGBoost,0.3,0.7,165,1,0.5868675112724304,0.7532736659049988,1,1,0,0,0
weak,13,XGBoost,0.3,0.7,66,0,0.4992141127586365,0.958560585975647,0,1,1,0,1
weak,13,XGBoost,0.3,0.7,37,0,0.36860010027885437,0.1305677443742752,0,0,0,0,0
weak,13,XGBoost,0.3,0.7,88,0,0.6381954550743103,0.2218766063451767,1,0,1,1,0
weak,13,XGBoost,0.3,0.7,123,1,0.6906250715255737,0.9542052149772644,1,1,0,0,0
weak,13,XGBoost,0.3,0.7,182,1,0.33853134512901306,0.6502768397331238,0,1,1,1,0
weak,13,XGBoost,0.3,0.7,87,0,0.6651341319084167,0.540757417678833,1,1,0,0,0
weak,13,XGBoost,0.3,0.7,119,1,0.6425870656967163,0.33116546273231506,1,0,1,0,1
weak,13,XGBoost,0.3,0.7,173,1,0.48329848051071167,0.47472429275512695,0,0,0,0,0
weak,13,XGBoost,0.3,0.7,142,1,0.6899433135986328,0.9687267541885376,1,1,0,0,0
weak,13,XGBoost,0.3,0.7,79,0,0.5757856965065002,0.8784352540969849,1,1,0,0,0
weak,13,XGBoost,0.3,0.7,44,0,0.6252847909927368,0.853499710559845,1,1,0,0,0
weak,13,XGBoost,0.4,0.6,147,1,0.5147961974143982,0.39057648181915283,1,0,1,0,1
weak,13,XGBoost,0.4,0.6,165,1,0.5868675112724304,0.7532736659049988,1,1,0,0,0
weak,13,XGBoost,0.4,0.6,66,0,0.4992141127586365,0.958560585975647,0,1,1,0,1
weak,13,XGBoost,0.4,0.6,173,1,0.48329848051071167,0.47472429275512695,0,0,0,0,0
weak,13,XGBoost,0.4,0.6,79,0,0.5757856965065002,0.8784352540969849,1,1,0,0,0
weak,14,Logistic Regression,0.2,0.8,157,1,0.7937725701574992,0.8324676020260968,1,1,0,0,0
weak,14,Logistic Regression,0.2,0.8,142,1,0.4111281230226404,0.4064845388215624,0,0,0,0,0
weak,14,Logistic Regression,0.2,0.8,16,0,0.6311453776142075,0.6425572058867269,1,1,0,0,0
weak,14,Logistic Regression,0.2,0.8,29,0,0.7370508964732967,0.19448976103095014,1,0,1,1,0
weak,14,Logistic Regression,0.2,0.8,113,1,0.29858060734285036,0.9209664898250459,0,1,1,1,0
weak,14,Logistic Regression,0.2,0.8,91,0,0.5506979583773948,0.0929383628972639,1,0,1,1,0
weak,14,Logistic Regression,0.2,0.8,126,1,0.44321806872857233,0.9186945104839938,0,1,1,1,0
weak,14,Logistic Regression,0.2,0.8,182,1,0.40991345793327344,0.8651703591756957,0,1,1,1,0
weak,14,Logistic Regression,0.2,0.8,45,0,0.7258562417343938,0.7963743580204582,1,1,0,0,0
weak,14,Logistic Regression,0.2,0.8,38,0,0.4319325302361287,0.21315197560758592,0,0,0,0,0
weak,14,Logistic Regression,0.2,0.8,71,0,0.48530408569995653,0.1963230374487908,0,0,0,0,0
weak,14,Logistic Regression,0.2,0.8,82,0,0.6049084594583141,0.6728539500826312,1,1,0,0,0
weak,14,Logistic Regression,0.2,0.8,147,1,0.26815836190480813,0.5811757285638474,0,1,1,1,0
weak,14,Logistic Regression,0.2,0.8,137,1,0.7094897948649622,0.9445657215264239,1,1,0,0,0
weak,14,Logistic Regression,0.2,0.8,12,0,0.5286603548206404,0.18689215355531208,1,0,1,1,0
weak,14,Logistic Regression,0.2,0.8,15,0,0.7086374961924251,0.8055629639816396,1,1,0,0,0
weak,14,Logistic Regression,0.2,0.8,88,0,0.6411100061960106,0.36367209846908477,1,0,1,1,0
weak,14,Logistic Regression,0.2,0.8,84,0,0.6824122934155665,0.2557904238360475,1,0,1,1,0
weak,14,Logistic Regression,0.2,0.8,58,0,0.31654239835088605,0.42849072979627933,0,0,0,0,0
weak,14,Logistic Regression,0.2,0.8,52,0,0.6043641226608151,0.262412828851445,1,0,1,1,0
weak,14,Logistic Regression,0.2,0.8,196,1,0.5698084271648213,0.5593867473461558,1,1,0,0,0
weak,14,Logistic Regression,0.2,0.8,180,1,0.5684693445720399,0.794299271626545,1,1,0,0,0
weak,14,Logistic Regression,0.2,0.8,175,1,0.6274129562765512,0.9313194346257678,1,1,0,0,0
weak,14,Logistic Regression,0.2,0.8,20,0,0.7209342452327397,0.48707749200501943,1,0,1,1,0
weak,14,Logistic Regression,0.2,0.8,7,0,0.24652648732595395,0.01799553884177471,0,0,0,0,0
weak,14,Logistic Regression,0.2,0.8,135,1,0.7589585052874551,0.9535645552038993,1,1,0,0,0
weak,14,Logistic Regression,0.2,0.8,81,0,0.6311757522587664,0.20714987508748633,1,0,1,1,0
weak,14,Logistic Regression,0.2,0.8,100,1,0.7515406381398928,0.8591510627733425,1,1,0,0,0
weak,14,Logistic Regression,0.2,0.8,155,1,0.529718868442617,0.9511875713605786,1,1,0,0,0
weak,14,Logistic Regression,0.2,0.8,127,1,0.664767571686907,0.7415337906048096,1,1,0,0,0
weak,14,Logistic Regression,0.2,0.8,151,1,0.39165873594206446,0.5215713728871456,0,1,1,1,0
weak,14,Logistic Regression,0.2,0.8,51,0,0.2509353485902807,0.14514732197282615,0,0,0,0,0
weak,14,Logistic Regression,0.2,0.8,193,1,0.4062092116968931,0.28407693428475234,0,0,0,0,0
weak,14,Logistic Regression,0.2,0.8,148,1,0.6321540701745936,0.5410988690435802,1,1,0,0,0
weak,14,Logistic Regression,0.2,0.8,94,0,0.25524604462871775,0.45470633618837725,0,0,0,0,0
weak,14,Logistic Regression,0.2,0.8,115,1,0.6101347064965278,0.960940504711241,1,1,0,0,0
weak,14,Logistic Regression,0.2,0.8,22,0,0.20512437485463705,0.017703566766122218,0,0,0,0,0
weak,14,Logistic Regression,0.2,0.8,72,0,0.5086308560413259,0.4920924498290467,1,0,1,1,0
weak,14,Logistic Regression,0.2,0.8,42,0,0.20717756832239786,0.13216983682173541,0,0,0,0,0
weak,14,Logistic Regression,0.2,0.8,108,1,0.765394852085009,0.7815048447874215,1,1,0,0,0
weak,14,Logistic Regression,0.2,0.8,1,0,0.5645276098797036,0.4166950673720331,1,0,1,1,0
weak,14,Logistic Regression,0.2,0.8,139,1,0.7998838010463712,0.9821545020390288,1,1,0,0,0
weak,14,Logistic Regression,0.2,0.8,171,1,0.4038047352818665,0.09326072258909689,0,0,0,0,0
weak,14,Logistic Regression,0.2,0.8,159,1,0.3361877330665966,0.777586505747386,0,1,1,1,0
weak,14,Logistic Regression,0.2,0.8,181,1,0.27749300943402905,0.9631536003117829,0,1,1,1,0
weak,14,Logistic Regression,0.2,0.8,112,1,0.7838673913110615,0.3354551951491904,1,0,1,0,1
weak,14,Logistic Regression,0.2,0.8,39,0,0.3945003960692509,0.11576552023467741,0,0,0,0,0
weak,14,Logistic Regression,0.2,0.8,54,0,0.4943918110360854,0.006912580081807371,0,0,0,0,0
weak,14,Logistic Regression,0.2,0.8,73,0,0.6357422542034588,0.872240124599003,1,1,0,0,0
weak,14,Logistic Regression,0.2,0.8,141,1,0.2777081269084136,0.204832182105321,0,0,0,0,0
weak,14,Logistic Regression,0.3,0.7,142,1,0.4111281230226404,0.4064845388215624,0,0,0,0,0
weak,14,Logistic Regression,0.3,0.7,16,0,0.6311453776142075,0.6425572058867269,1,1,0,0,0
weak,14,Logistic Regression,0.3,0.7,91,0,0.5506979583773948,0.0929383628972639,1,0,1,1,0
weak,14,Logistic Regression,0.3,0.7,126,1,0.44321806872857233,0.9186945104839938,0,1,1,1,0
weak,14,Logistic Regression,0.3,0.7,182,1,0.40991345793327344,0.8651703591756957,0,1,1,1,0
weak,14,Logistic Regression,0.3,0.7,38,0,0.4319325302361287,0.21315197560758592,0,0,0,0,0
weak,14,Logistic Regression,0.3,0.7,71,0,0.48530408569995653,0.1963230374487908,0,0,0,0,0
weak,14,Logistic Regression,0.3,0.7,82,0,0.6049084594583141,0.6728539500826312,1,1,0,0,0
weak,14,Logistic Regression,0.3,0.7,12,0,0.5286603548206404,0.18689215355531208,1,0,1,1,0
weak,14,Logistic Regression,0.3,0.7,88,0,0.6411100061960106,0.36367209846908477,1,0,1,1,0
weak,14,Logistic Regression,0.3,0.7,84,0,0.6824122934155665,0.2557904238360475,1,0,1,1,0
weak,14,Logistic Regression,0.3,0.7,58,0,0.31654239835088605,0.42849072979627933,0,0,0,0,0
weak,14,Logistic Regression,0.3,0.7,52,0,0.6043641226608151,0.262412828851445,1,0,1,1,0
weak,14,Logistic Regression,0.3,0.7,196,1,0.5698084271648213,0.5593867473461558,1,1,0,0,0
weak,14,Logistic Regression,0.3,0.7,180,1,0.5684693445720399,0.794299271626545,1,1,0,0,0
weak,14,Logistic Regression,0.3,0.7,175,1,0.6274129562765512,0.9313194346257678,1,1,0,0,0
weak,14,Logistic Regression,0.3,0.7,81,0,0.6311757522587664,0.20714987508748633,1,0,1,1,0
weak,14,Logistic Regression,0.3,0.7,155,1,0.529718868442617,0.9511875713605786,1,1,0,0,0
weak,14,Logistic Regression,0.3,0.7,127,1,0.664767571686907,0.7415337906048096,1,1,0,0,0
weak,14,Logistic Regression,0.3,0.7,151,1,0.39165873594206446,0.5215713728871456,0,1,1,1,0
weak,14,Logistic Regression,0.3,0.7,193,1,0.4062092116968931,0.28407693428475234,0,0,0,0,0
weak,14,Logistic Regression,0.3,0.7,148,1,0.6321540701745936,0.5410988690435802,1,1,0,0,0
weak,14,Logistic Regression,0.3,0.7,115,1,0.6101347064965278,0.960940504711241,1,1,0,0,0
weak,14,Logistic Regression,0.3,0.7,72,0,0.5086308560413259,0.4920924498290467,1,0,1,1,0
weak,14,Logistic Regression,0.3,0.7,1,0,0.5645276098797036,0.4166950673720331,1,0,1,1,0
weak,14,Logistic Regression,0.3,0.7,171,1,0.4038047352818665,0.09326072258909689,0,0,0,0,0
weak,14,Logistic Regression,0.3,0.7,159,1,0.3361877330665966,0.777586505747386,0,1,1,1,0
weak,14,Logistic Regression,0.3,0.7,39,0,0.3945003960692509,0.11576552023467741,0,0,0,0,0
weak,14,Logistic Regression,0.3,0.7,54,0,0.4943918110360854,0.006912580081807371,0,0,0,0,0
weak,14,Logistic Regression,0.3,0.7,73,0,0.6357422542034588,0.872240124599003,1,1,0,0,0
weak,14,Logistic Regression,0.4,0.6,142,1,0.4111281230226404,0.4064845388215624,0,0,0,0,0
weak,14,Logistic Regression,0.4,0.6,91,0,0.5506979583773948,0.0929383628972639,1,0,1,1,0
weak,14,Logistic Regression,0.4,0.6,126,1,0.44321806872857233,0.9186945104839938,0,1,1,1,0
weak,14,Logistic Regression,0.4,0.6,182,1,0.40991345793327344,0.8651703591756957,0,1,1,1,0
weak,14,Logistic Regression,0.4,0.6,38,0,0.4319325302361287,0.21315197560758592,0,0,0,0,0
weak,14,Logistic Regression,0.4,0.6,71,0,0.48530408569995653,0.1963230374487908,0,0,0,0,0
weak,14,Logistic Regression,0.4,0.6,12,0,0.5286603548206404,0.18689215355531208,1,0,1,1,0
weak,14,Logistic Regression,0.4,0.6,196,1,0.5698084271648213,0.5593867473461558,1,1,0,0,0
weak,14,Logistic Regression,0.4,0.6,180,1,0.5684693445720399,0.794299271626545,1,1,0,0,0
weak,14,Logistic Regression,0.4,0.6,155,1,0.529718868442617,0.9511875713605786,1,1,0,0,0
weak,14,Logistic Regression,0.4,0.6,193,1,0.4062092116968931,0.28407693428475234,0,0,0,0,0
weak,14,Logistic Regression,0.4,0.6,72,0,0.5086308560413259,0.4920924498290467,1,0,1,1,0
weak,14,Logistic Regression,0.4,0.6,1,0,0.5645276098797036,0.4166950673720331,1,0,1,1,0
weak,14,Logistic Regression,0.4,0.6,171,1,0.4038047352818665,0.09326072258909689,0,0,0,0,0
weak,14,Logistic Regression,0.4,0.6,54,0,0.4943918110360854,0.006912580081807371,0,0,0,0,0
weak,14,Random Forest,0.2,0.8,157,1,0.79,0.65,1,1,0,0,0
weak,14,Random Forest,0.2,0.8,142,1,0.58,0.74,1,1,0,0,0
weak,14,Random Forest,0.2,0.8,16,0,0.62,0.53,1,1,0,0,0
weak,14,Random Forest,0.2,0.8,29,0,0.3,0.18,0,0,0,0,0
weak,14,Random Forest,0.2,0.8,113,1,0.57,0.81,1,1,0,0,0
weak,14,Random Forest,0.2,0.8,91,0,0.63,0.41,1,0,1,1,0
weak,14,Random Forest,0.2,0.8,182,1,0.79,0.76,1,1,0,0,0
weak,14,Random Forest,0.2,0.8,45,0,0.27,0.32,0,0,0,0,0
weak,14,Random Forest,0.2,0.8,38,0,0.56,0.55,1,1,0,0,0
weak,14,Random Forest,0.2,0.8,71,0,0.21,0.21,0,0,0,0,0
weak,14,Random Forest,0.2,0.8,147,1,0.61,0.72,1,1,0,0,0
weak,14,Random Forest,0.2,0.8,12,0,0.24,0.17,0,0,0,0,0
weak,14,Random Forest,0.2,0.8,15,0,0.55,0.53,1,1,0,0,0
weak,14,Random Forest,0.2,0.8,88,0,0.61,0.45,1,0,1,1,0
weak,14,Random Forest,0.2,0.8,84,0,0.58,0.64,1,1,0,0,0
weak,14,Random Forest,0.2,0.8,58,0,0.61,0.54,1,1,0,0,0
weak,14,Random Forest,0.2,0.8,52,0,0.27,0.14,0,0,0,0,0
weak,14,Random Forest,0.2,0.8,196,1,0.7,0.77,1,1,0,0,0
weak,14,Random Forest,0.2,0.8,180,1,0.79,0.56,1,1,0,0,0
weak,14,Random Forest,0.2,0.8,175,1,0.75,0.74,1,1,0,0,0
weak,14,Random Forest,0.2,0.8,20,0,0.22,0.36,0,0,0,0,0
weak,14,Random Forest,0.2,0.8,7,0,0.28,0.2,0,0,0,0,0
weak,14,Random Forest,0.2,0.8,155,1,0.69,0.72,1,1,0,0,0
weak,14,Random Forest,0.2,0.8,127,1,0.76,0.66,1,1,0,0,0
weak,14,Random Forest,0.2,0.8,162,1,0.66,0.73,1,1,0,0,0
weak,14,Random Forest,0.2,0.8,151,1,0.78,0.72,1,1,0,0,0
weak,14,Random Forest,0.2,0.8,148,1,0.69,0.56,1,1,0,0,0
weak,14,Random Forest,0.2,0.8,115,1,0.78,0.88,1,1,0,0,0
weak,14,Random Forest,0.2,0.8,131,1,0.65,0.64,1,1,0,0,0
weak,14,Random Forest,0.2,0.8,72,0,0.64,0.64,1,1,0,0,0
weak,14,Random Forest,0.2,0.8,60,0,0.26,0.46,0,0,0,0,0
weak,14,Random Forest,0.2,0.8,108,1,0.76,0.6,1,1,0,0,0
weak,14,Random Forest,0.2,0.8,1,0,0.67,0.54,1,1,0,0,0
weak,14,Random Forest,0.2,0.8,139,1,0.77,0.83,1,1,0,0,0
weak,14,Random Forest,0.2,0.8,171,1,0.66,0.56,1,1,0,0,0
weak,14,Random Forest,0.2,0.8,159,1,0.6,0.79,1,1,0,0,0
weak,14,Random Forest,0.2,0.8,181,1,0.66,0.83,1,1,0,0,0
weak,14,Random Forest,0.2,0.8,112,1,0.77,0.71,1,1,0,0,0
weak,14,Random Forest,0.2,0.8,39,0,0.22,0.31,0,0,0,0,0
weak,14,Random Forest,0.2,0.8,73,0,0.29,0.33,0,0,0,0,0
weak,14,Random Forest,0.3,0.7,142,1,0.58,0.74,1,1,0,0,0
weak,14,Random Forest,0.3,0.7,16,0,0.62,0.53,1,1,0,0,0
weak,14,Random Forest,0.3,0.7,113,1,0.57,0.81,1,1,0,0,0
weak,14,Random Forest,0.3,0.7,91,0,0.63,0.41,1,0,1,1,0
weak,14,Random Forest,0.3,0.7,38,0,0.56,0.55,1,1,0,0,0
weak,14,Random Forest,0.3,0.7,147,1,0.61,0.72,1,1,0,0,0
weak,14,Random Forest,0.3,0.7,15,0,0.55,0.53,1,1,0,0,0
weak,14,Random Forest,0.3,0.7,88,0,0.61,0.45,1,0,1,1,0
weak,14,Random Forest,0.3,0.7,84,0,0.58,0.64,1,1,0,0,0
weak,14,Random Forest,0.3,0.7,58,0,0.61,0.54,1,1,0,0,0
weak,14,Random Forest,0.3,0.7,155,1,0.69,0.72,1,1,0,0,0
weak,14,Random Forest,0.3,0.7,162,1,0.66,0.73,1,1,0,0,0
weak,14,Random Forest,0.3,0.7,148,1,0.69,0.56,1,1,0,0,0
weak,14,Random Forest,0.3,0.7,131,1,0.65,0.64,1,1,0,0,0
weak,14,Random Forest,0.3,0.7,72,0,0.64,0.64,1,1,0,0,0
weak,14,Random Forest,0.3,0.7,1,0,0.67,0.54,1,1,0,0,0
weak,14,Random Forest,0.3,0.7,171,1,0.66,0.56,1,1,0,0,0
weak,14,Random Forest,0.3,0.7,159,1,0.6,0.79,1,1,0,0,0
weak,14,Random Forest,0.3,0.7,181,1,0.66,0.83,1,1,0,0,0
weak,14,Random Forest,0.4,0.6,142,1,0.58,0.74,1,1,0,0,0
weak,14,Random Forest,0.4,0.6,113,1,0.57,0.81,1,1,0,0,0
weak,14,Random Forest,0.4,0.6,38,0,0.56,0.55,1,1,0,0,0
weak,14,Random Forest,0.4,0.6,15,0,0.55,0.53,1,1,0,0,0
weak,14,Random Forest,0.4,0.6,84,0,0.58,0.64,1,1,0,0,0
weak,14,XGBoost,0.2,0.8,16,0,0.781558632850647,0.49277132749557495,1,0,1,1,0
weak,14,XGBoost,0.2,0.8,91,0,0.5371371507644653,0.41874101758003235,1,0,1,1,0
weak,14,XGBoost,0.2,0.8,147,1,0.6019101142883301,0.6283817291259766,1,1,0,0,0
weak,14,XGBoost,0.2,0.8,15,0,0.5617613196372986,0.7134496569633484,1,1,0,0,0
weak,14,XGBoost,0.2,0.8,88,0,0.4421969950199127,0.39561963081359863,0,0,0,0,0
weak,14,XGBoost,0.2,0.8,58,0,0.20863746106624603,0.7642882466316223,0,1,1,0,1
weak,14,XGBoost,0.2,0.8,196,1,0.7174912691116333,0.9111574292182922,1,1,0,0,0
weak,14,XGBoost,0.2,0.8,155,1,0.3845774531364441,0.9505884051322937,0,1,1,1,0
weak,14,XGBoost,0.2,0.8,148,1,0.7984270453453064,0.7349323034286499,1,1,0,0,0
weak,14,XGBoost,0.2,0.8,115,1,0.6305619478225708,0.9579597115516663,1,1,0,0,0
weak,14,XGBoost,0.2,0.8,131,1,0.7709680199623108,0.8881696462631226,1,1,0,0,0
weak,14,XGBoost,0.2,0.8,72,0,0.4623478353023529,0.7972345352172852,0,1,1,0,1
weak,14,XGBoost,0.2,0.8,1,0,0.5971961617469788,0.6728706359863281,1,1,0,0,0
weak,14,XGBoost,0.2,0.8,159,1,0.6763266324996948,0.9535692930221558,1,1,0,0,0
weak,14,XGBoost,0.3,0.7,91,0,0.5371371507644653,0.41874101758003235,1,0,1,1,0
weak,14,XGBoost,0.3,0.7,147,1,0.6019101142883301,0.6283817291259766,1,1,0,0,0
weak,14,XGBoost,0.3,0.7,15,0,0.5617613196372986,0.7134496569633484,1,1,0,0,0
weak,14,XGBoost,0.3,0.7,88,0,0.4421969950199127,0.39561963081359863,0,0,0,0,0
weak,14,XGBoost,0.3,0.7,155,1,0.3845774531364441,0.9505884051322937,0,1,1,1,0
weak,14,XGBoost,0.3,0.7,115,1,0.6305619478225708,0.9579597115516663,1,1,0,0,0
weak,14,XGBoost,0.3,0.7,72,0,0.4623478353023529,0.7972345352172852,0,1,1,0,1
weak,14,XGBoost,0.3,0.7,1,0,0.5971961617469788,0.6728706359863281,1,1,0,0,0
weak,14,XGBoost,0.3,0.7,159,1,0.6763266324996948,0.9535692930221558,1,1,0,0,0
weak,14,XGBoost,0.4,0.6,91,0,0.5371371507644653,0.41874101758003235,1,0,1,1,0
weak,14,XGBoost,0.4,0.6,15,0,0.5617613196372986,0.7134496569633484,1,1,0,0,0
weak,14,XGBoost,0.4,0.6,88,0,0.4421969950199127,0.39561963081359863,0,0,0,0,0
weak,14,XGBoost,0.4,0.6,72,0,0.4623478353023529,0.7972345352172852,0,1,1,0,1
weak,14,XGBoost,0.4,0.6,1,0,0.5971961617469788,0.6728706359863281,1,1,0,0,0
weak,15,Logistic Regression,0.2,0.8,115,1,0.7667055374342786,0.9202259779142907,1,1,0,0,0
weak,15,Logistic Regression,0.2,0.8,117,1,0.474706177494355,0.926573675991083,0,1,1,1,0
weak,15,Logistic Regression,0.2,0.8,88,0,0.306836801048099,0.21417329692910106,0,0,0,0,0
weak,15,Logistic Regression,0.2,0.8,101,1,0.60197753465291,0.928154803226117,1,1,0,0,0
weak,15,Logistic Regression,0.2,0.8,161,1,0.7375255423219066,0.7687049573737788,1,1,0,0,0
weak,15,Logistic Regression,0.2,0.8,82,0,0.4999453878197711,0.6265822909352737,0,1,1,0,1
weak,15,Logistic Regression,0.2,0.8,29,0,0.529163188649049,0.0689215371726215,1,0,1,1,0
weak,15,Logistic Regression,0.2,0.8,40,0,0.4493010663338432,0.06035229644714007,0,0,0,0,0
weak,15,Logistic Regression,0.2,0.8,142,1,0.4855960812935582,0.3359014256458366,0,0,0,0,0
weak,15,Logistic Regression,0.2,0.8,27,0,0.20522168823165515,0.23477005577951174,0,0,0,0,0
weak,15,Logistic Regression,0.2,0.8,191,1,0.4941545938544899,0.8909672947148338,0,1,1,1,0
weak,15,Logistic Regression,0.2,0.8,121,1,0.47878882783495075,0.300080955174558,0,0,0,0,0
weak,15,Logistic Regression,0.2,0.8,10,0,0.4210904475970563,0.44886392804725017,0,0,0,0,0
weak,15,Logistic Regression,0.2,0.8,137,1,0.694195345677702,0.7975122014109234,1,1,0,0,0
weak,15,Logistic Regression,0.2,0.8,2,0,0.5353043373462537,0.023326772401283096,1,0,1,1,0
weak,15,Logistic Regression,0.2,0.8,73,0,0.4086292232766796,0.820177920477145,0,1,1,0,1
weak,15,Logistic Regression,0.2,0.8,193,1,0.49748181366690797,0.4217893047316139,0,0,0,0,0
weak,15,Logistic Regression,0.2,0.8,168,1,0.600965796125281,0.9776211246769945,1,1,0,0,0
weak,15,Logistic Regression,0.2,0.8,119,1,0.5253760066992681,0.42022571951309656,1,0,1,0,1
weak,15,Logistic Regression,0.2,0.8,172,1,0.4781906836352028,0.7744496067849521,0,1,1,1,0
weak,15,Logistic Regression,0.2,0.8,135,1,0.7352608977853998,0.9636946444462163,1,1,0,0,0
weak,15,Logistic Regression,0.2,0.8,46,0,0.39328533601128207,0.12838669229938357,0,0,0,0,0
weak,15,Logistic Regression,0.2,0.8,195,1,0.6611580296220894,0.7073559045429503,1,1,0,0,0
weak,15,Logistic Regression,0.2,0.8,93,0,0.3356357060842383,0.2921689759512827,0,0,0,0,0
weak,15,Logistic Regression,0.2,0.8,72,0,0.25378527728810935,0.5840780568922158,0,1,1,0,1
weak,15,Logistic Regression,0.2,0.8,178,1,0.4643522390847688,0.7131713268515405,0,1,1,1,0
weak,15,Logistic Regression,0.2,0.8,169,1,0.7806139024807364,0.9952652911430125,1,1,0,0,0
weak,15,Logistic Regression,0.2,0.8,153,1,0.5298140319634682,0.6883515208235398,1,1,0,0,0
weak,15,Logistic Regression,0.2,0.8,129,1,0.7670556864907292,0.7304475843970043,1,1,0,0,0
weak,15,Logistic Regression,0.2,0.8,184,1,0.7733023652715562,0.9530590282117287,1,1,0,0,0
weak,15,Logistic Regression,0.2,0.8,112,1,0.4095165330615012,0.06241464571472982,0,0,0,0,0
weak,15,Logistic Regression,0.2,0.8,86,0,0.22141111675994035,0.04931621481779008,0,0,0,0,0
weak,15,Logistic Regression,0.2,0.8,151,1,0.3284593941225779,0.4678195285897004,0,0,0,0,0
weak,15,Logistic Regression,0.2,0.8,13,0,0.417205973421459,0.04957915182496963,0,0,0,0,0
weak,15,Logistic Regression,0.2,0.8,44,0,0.509811593947009,0.11453478969887901,1,0,1,1,0
weak,15,Logistic Regression,0.2,0.8,57,0,0.6543442573760401,0.9452111494188712,1,1,0,0,0
weak,15,Logistic Regression,0.2,0.8,124,1,0.7187697883419585,0.7008787236723222,1,1,0,0,0
weak,15,Logistic Regression,0.2,0.8,8,0,0.37513278154311186,0.06556969637478993,0,0,0,0,0
weak,15,Logistic Regression,0.2,0.8,118,1,0.6864117542930637,0.17967786513685177,1,0,1,0,1
weak,15,Logistic Regression,0.2,0.8,20,0,0.6284096161575525,0.382173605178851,1,0,1,1,0
weak,15,Logistic Regression,0.2,0.8,197,1,0.4553692857566674,0.9937330558038088,0,1,1,1,0
weak,15,Logistic Regression,0.2,0.8,75,0,0.6636773507849208,0.04445245561901014,1,0,1,1,0
weak,15,Logistic Regression,0.2,0.8,80,0,0.29819929348213875,0.004247950165579155,0,0,0,0,0
weak,15,Logistic Regression,0.2,0.8,76,0,0.6046514168632489,0.33471530234943064,1,0,1,1,0
weak,15,Logistic Regression,0.2,0.8,77,0,0.27549937391021123,0.02828378739655577,0,0,0,0,0
weak,15,Logistic Regression,0.3,0.7,117,1,0.474706177494355,0.926573675991083,0,1,1,1,0
weak,15,Logistic Regression,0.3,0.7,88,0,0.306836801048099,0.21417329692910106,0,0,0,0,0
weak,15,Logistic Regression,0.3,0.7,101,1,0.60197753465291,0.928154803226117,1,1,0,0,0
weak,15,Logistic Regression,0.3,0.7,82,0,0.4999453878197711,0.6265822909352737,0,1,1,0,1
weak,15,Logistic Regression,0.3,0.7,29,0,0.529163188649049,0.0689215371726215,1,0,1,1,0
weak,15,Logistic Regression,0.3,0.7,40,0,0.4493010663338432,0.06035229644714007,0,0,0,0,0
weak,15,Logistic Regression,0.3,0.7,142,1,0.4855960812935582,0.3359014256458366,0,0,0,0,0
weak,15,Logistic Regression,0.3,0.7,191,1,0.4941545938544899,0.8909672947148338,0,1,1,1,0
weak,15,Logistic Regression,0.3,0.7,121,1,0.47878882783495075,0.300080955174558,0,0,0,0,0
weak,15,Logistic Regression,0.3,0.7,10,0,0.4210904475970563,0.44886392804725017,0,0,0,0,0
weak,15,Logistic Regression,0.3,0.7,137,1,0.694195345677702,0.7975122014109234,1,1,0,0,0
weak,15,Logistic Regression,0.3,0.7,2,0,0.5353043373462537,0.023326772401283096,1,0,1,1,0
weak,15,Logistic Regression,0.3,0.7,73,0,0.4086292232766796,0.820177920477145,0,1,1,0,1
weak,15,Logistic Regression,0.3,0.7,193,1,0.49748181366690797,0.4217893047316139,0,0,0,0,0
weak,15,Logistic Regression,0.3,0.7,168,1,0.600965796125281,0.9776211246769945,1,1,0,0,0
weak,15,Logistic Regression,0.3,0.7,119,1,0.5253760066992681,0.42022571951309656,1,0,1,0,1
weak,15,Logistic Regression,0.3,0.7,172,1,0.4781906836352028,0.7744496067849521,0,1,1,1,0
weak,15,Logistic Regression,0.3,0.7,46,0,0.39328533601128207,0.12838669229938357,0,0,0,0,0
weak,15,Logistic Regression,0.3,0.7,195,1,0.6611580296220894,0.7073559045429503,1,1,0,0,0
weak,15,Logistic Regression,0.3,0.7,93,0,0.3356357060842383,0.2921689759512827,0,0,0,0,0
weak,15,Logistic Regression,0.3,0.7,178,1,0.4643522390847688,0.7131713268515405,0,1,1,1,0
weak,15,Logistic Regression,0.3,0.7,153,1,0.5298140319634682,0.6883515208235398,1,1,0,0,0
weak,15,Logistic Regression,0.3,0.7,112,1,0.4095165330615012,0.06241464571472982,0,0,0,0,0
weak,15,Logistic Regression,0.3,0.7,151,1,0.3284593941225779,0.4678195285897004,0,0,0,0,0
weak,15,Logistic Regression,0.3,0.7,13,0,0.417205973421459,0.04957915182496963,0,0,0,0,0
weak,15,Logistic Regression,0.3,0.7,44,0,0.509811593947009,0.11453478969887901,1,0,1,1,0
weak,15,Logistic Regression,0.3,0.7,57,0,0.6543442573760401,0.9452111494188712,1,1,0,0,0
weak,15,Logistic Regression,0.3,0.7,8,0,0.37513278154311186,0.06556969637478993,0,0,0,0,0
weak,15,Logistic Regression,0.3,0.7,118,1,0.6864117542930637,0.17967786513685177,1,0,1,0,1
weak,15,Logistic Regression,0.3,0.7,20,0,0.6284096161575525,0.382173605178851,1,0,1,1,0
weak,15,Logistic Regression,0.3,0.7,197,1,0.4553692857566674,0.9937330558038088,0,1,1,1,0
weak,15,Logistic Regression,0.3,0.7,75,0,0.6636773507849208,0.04445245561901014,1,0,1,1,0
weak,15,Logistic Regression,0.3,0.7,76,0,0.6046514168632489,0.33471530234943064,1,0,1,1,0
weak,15,Logistic Regression,0.4,0.6,117,1,0.474706177494355,0.926573675991083,0,1,1,1,0
weak,15,Logistic Regression,0.4,0.6,82,0,0.4999453878197711,0.6265822909352737,0,1,1,0,1
weak,15,Logistic Regression,0.4,0.6,29,0,0.529163188649049,0.0689215371726215,1,0,1,1,0
weak,15,Logistic Regression,0.4,0.6,40,0,0.4493010663338432,0.06035229644714007,0,0,0,0,0
weak,15,Logistic Regression,0.4,0.6,142,1,0.4855960812935582,0.3359014256458366,0,0,0,0,0
weak,15,Logistic Regression,0.4,0.6,191,1,0.4941545938544899,0.8909672947148338,0,1,1,1,0
weak,15,Logistic Regression,0.4,0.6,121,1,0.47878882783495075,0.300080955174558,0,0,0,0,0
weak,15,Logistic Regression,0.4,0.6,10,0,0.4210904475970563,0.44886392804725017,0,0,0,0,0
weak,15,Logistic Regression,0.4,0.6,2,0,0.5353043373462537,0.023326772401283096,1,0,1,1,0
weak,15,Logistic Regression,0.4,0.6,73,0,0.4086292232766796,0.820177920477145,0,1,1,0,1
weak,15,Logistic Regression,0.4,0.6,193,1,0.49748181366690797,0.4217893047316139,0,0,0,0,0
weak,15,Logistic Regression,0.4,0.6,119,1,0.5253760066992681,0.42022571951309656,1,0,1,0,1
weak,15,Logistic Regression,0.4,0.6,172,1,0.4781906836352028,0.7744496067849521,0,1,1,1,0
weak,15,Logistic Regression,0.4,0.6,178,1,0.4643522390847688,0.7131713268515405,0,1,1,1,0
weak,15,Logistic Regression,0.4,0.6,153,1,0.5298140319634682,0.6883515208235398,1,1,0,0,0
weak,15,Logistic Regression,0.4,0.6,112,1,0.4095165330615012,0.06241464571472982,0,0,0,0,0
weak,15,Logistic Regression,0.4,0.6,13,0,0.417205973421459,0.04957915182496963,0,0,0,0,0
weak,15,Logistic Regression,0.4,0.6,44,0,0.509811593947009,0.11453478969887901,1,0,1,1,0
weak,15,Logistic Regression,0.4,0.6,197,1,0.4553692857566674,0.9937330558038088,0,1,1,1,0
weak,15,Random Forest,0.2,0.8,144,1,0.55,0.51,1,1,0,0,0
weak,15,Random Forest,0.2,0.8,162,1,0.78,0.78,1,1,0,0,0
weak,15,Random Forest,0.2,0.8,117,1,0.75,0.76,1,1,0,0,0
weak,15,Random Forest,0.2,0.8,88,0,0.51,0.35,1,0,1,1,0
weak,15,Random Forest,0.2,0.8,101,1,0.77,0.82,1,1,0,0,0
weak,15,Random Forest,0.2,0.8,82,0,0.24,0.18,0,0,0,0,0
weak,15,Random Forest,0.2,0.8,29,0,0.22,0.17,0,0,0,0,0
weak,15,Random Forest,0.2,0.8,40,0,0.28,0.18,0,0,0,0,0
weak,15,Random Forest,0.2,0.8,154,1,0.67,0.55,1,1,0,0,0
weak,15,Random Forest,0.2,0.8,24,0,0.28,0.3,0,0,0,0,0
weak,15,Random Forest,0.2,0.8,9,0,0.33,0.34,0,0,0,0,0
weak,15,Random Forest,0.2,0.8,142,1,0.66,0.57,1,1,0,0,0
weak,15,Random Forest,0.2,0.8,191,1,0.74,0.83,1,1,0,0,0
weak,15,Random Forest,0.2,0.8,121,1,0.77,0.53,1,1,0,0,0
weak,15,Random Forest,0.2,0.8,137,1,0.78,0.64,1,1,0,0,0
weak,15,Random Forest,0.2,0.8,2,0,0.21,0.33,0,0,0,0,0
weak,15,Random Forest,0.2,0.8,193,1,0.78,0.44,1,0,1,0,1
weak,15,Random Forest,0.2,0.8,119,1,0.64,0.34,1,0,1,0,1
weak,15,Random Forest,0.2,0.8,172,1,0.7,0.72,1,1,0,0,0
weak,15,Random Forest,0.2,0.8,135,1,0.79,0.79,1,1,0,0,0
weak,15,Random Forest,0.2,0.8,195,1,0.72,0.8,1,1,0,0,0
weak,15,Random Forest,0.2,0.8,72,0,0.64,0.78,1,1,0,0,0
weak,15,Random Forest,0.2,0.8,178,1,0.7,0.69,1,1,0,0,0
weak,15,Random Forest,0.2,0.8,169,1,0.71,0.73,1,1,0,0,0
weak,15,Random Forest,0.2,0.8,153,1,0.62,0.75,1,1,0,0,0
weak,15,Random Forest,0.2,0.8,129,1,0.71,0.36,1,0,1,0,1
weak,15,Random Forest,0.2,0.8,184,1,0.79,0.78,1,1,0,0,0
weak,15,Random Forest,0.2,0.8,68,0,0.61,0.38,1,0,1,1,0
weak,15,Random Forest,0.2,0.8,59,0,0.24,0.25,0,0,0,0,0
weak,15,Random Forest,0.2,0.8,128,1,0.61,0.59,1,1,0,0,0
weak,15,Random Forest,0.2,0.8,112,1,0.77,0.47,1,0,1,0,1
weak,15,Random Forest,0.2,0.8,87,0,0.37,0.37,0,0,0,0,0
weak,15,Random Forest,0.2,0.8,156,1,0.76,0.46,1,0,1,0,1
weak,15,Random Forest,0.2,0.8,13,0,0.28,0.23,0,0,0,0,0
weak,15,Random Forest,0.2,0.8,133,1,0.65,0.74,1,1,0,0,0
weak,15,Random Forest,0.2,0.8,22,0,0.21,0.28,0,0,0,0,0
weak,15,Random Forest,0.2,0.8,44,0,0.57,0.56,1,1,0,0,0
weak,15,Random Forest,0.2,0.8,47,0,0.71,0.7,1,1,0,0,0
weak,15,Random Forest,0.2,0.8,20,0,0.29,0.42,0,0,0,0,0
weak,15,Random Forest,0.2,0.8,197,1,0.66,0.87,1,1,0,0,0
weak,15,Random Forest,0.2,0.8,75,0,0.59,0.53,1,1,0,0,0
weak,15,Random Forest,0.2,0.8,76,0,0.27,0.35,0,0,0,0,0
weak,15,Random Forest,0.2,0.8,77,0,0.21,0.39,0,0,0,0,0
weak,15,Random Forest,0.3,0.7,144,1,0.55,0.51,1,1,0,0,0
weak,15,Random Forest,0.3,0.7,88,0,0.51,0.35,1,0,1,1,0
weak,15,Random Forest,0.3,0.7,154,1,0.67,0.55,1,1,0,0,0
weak,15,Random Forest,0.3,0.7,9,0,0.33,0.34,0,0,0,0,0
weak,15,Random Forest,0.3,0.7,142,1,0.66,0.57,1,1,0,0,0
weak,15,Random Forest,0.3,0.7,119,1,0.64,0.34,1,0,1,0,1
weak,15,Random Forest,0.3,0.7,72,0,0.64,0.78,1,1,0,0,0
weak,15,Random Forest,0.3,0.7,153,1,0.62,0.75,1,1,0,0,0
weak,15,Random Forest,0.3,0.7,68,0,0.61,0.38,1,0,1,1,0
weak,15,Random Forest,0.3,0.7,128,1,0.61,0.59,1,1,0,0,0
weak,15,Random Forest,0.3,0.7,87,0,0.37,0.37,0,0,0,0,0
weak,15,Random Forest,0.3,0.7,133,1,0.65,0.74,1,1,0,0,0
weak,15,Random Forest,0.3,0.7,44,0,0.57,0.56,1,1,0,0,0
weak,15,Random Forest,0.3,0.7,197,1,0.66,0.87,1,1,0,0,0
weak,15,Random Forest,0.3,0.7,75,0,0.59,0.53,1,1,0,0,0
weak,15,Random Forest,0.4,0.6,144,1,0.55,0.51,1,1,0,0,0
weak,15,Random Forest,0.4,0.6,88,0,0.51,0.35,1,0,1,1,0
weak,15,Random Forest,0.4,0.6,44,0,0.57,0.56,1,1,0,0,0
weak,15,Random Forest,0.4,0.6,75,0,0.59,0.53,1,1,0,0,0
weak,15,XGBoost,0.2,0.8,88,0,0.6521289348602295,0.26590457558631897,1,0,1,1,0
weak,15,XGBoost,0.2,0.8,9,0,0.2634923756122589,0.481297105550766,0,0,0,0,0
weak,15,XGBoost,0.2,0.8,142,1,0.7474300265312195,0.7913895845413208,1,1,0,0,0
weak,15,XGBoost,0.2,0.8,2,0,0.2450857013463974,0.18667902052402496,0,0,0,0,0
weak,15,XGBoost,0.2,0.8,119,1,0.5231736898422241,0.29718008637428284,1,0,1,0,1
weak,15,XGBoost,0.2,0.8,72,0,0.7727402448654175,0.6111462712287903,1,1,0,0,0
weak,15,XGBoost,0.2,0.8,153,1,0.7237063050270081,0.9050820469856262,1,1,0,0,0
weak,15,XGBoost,0.2,0.8,129,1,0.7514292001724243,0.13714289665222168,1,0,1,0,1
weak,15,XGBoost,0.2,0.8,68,0,0.720255970954895,0.5422117114067078,1,1,0,0,0
weak,15,XGBoost,0.2,0.8,59,0,0.4491870105266571,0.08702551573514938,0,0,0,0,0
weak,15,XGBoost,0.2,0.8,128,1,0.7501810193061829,0.6242604851722717,1,1,0,0,0
weak,15,XGBoost,0.2,0.8,112,1,0.7368627190589905,0.5236336588859558,1,1,0,0,0
weak,15,XGBoost,0.2,0.8,87,0,0.608271062374115,0.3819049596786499,1,0,1,1,0
weak,15,XGBoost,0.2,0.8,44,0,0.6839509606361389,0.5925787091255188,1,1,0,0,0
weak,15,XGBoost,0.2,0.8,197,1,0.6377888917922974,0.943198561668396,1,1,0,0,0
weak,15,XGBoost,0.2,0.8,75,0,0.5940724015235901,0.7219015955924988,1,1,0,0,0
weak,15,XGBoost,0.3,0.7,88,0,0.6521289348602295,0.26590457558631897,1,0,1,1,0
weak,15,XGBoost,0.3,0.7,119,1,0.5231736898422241,0.29718008637428284,1,0,1,0,1
weak,15,XGBoost,0.3,0.7,59,0,0.4491870105266571,0.08702551573514938,0,0,0,0,0
weak,15,XGBoost,0.3,0.7,87,0,0.608271062374115,0.3819049596786499,1,0,1,1,0
weak,15,XGBoost,0.3,0.7,44,0,0.6839509606361389,0.5925787091255188,1,1,0,0,0
weak,15,XGBoost,0.3,0.7,197,1,0.6377888917922974,0.943198561668396,1,1,0,0,0
weak,15,XGBoost,0.3,0.7,75,0,0.5940724015235901,0.7219015955924988,1,1,0,0,0
weak,15,XGBoost,0.4,0.6,119,1,0.5231736898422241,0.29718008637428284,1,0,1,0,1
weak,15,XGBoost,0.4,0.6,59,0,0.4491870105266571,0.08702551573514938,0,0,0,0,0
weak,15,XGBoost,0.4,0.6,75,0,0.5940724015235901,0.7219015955924988,1,1,0,0,0
weak,16,Logistic Regression,0.2,0.8,195,1,0.7660600913553717,0.4701600365977281,1,0,1,0,1
weak,16,Logistic Regression,0.2,0.8,12,0,0.47935968818111135,0.13486882963398547,0,0,0,0,0
weak,16,Logistic Regression,0.2,0.8,159,1,0.4536541315971793,0.8222581097313664,0,1,1,1,0
weak,16,Logistic Regression,0.2,0.8,38,0,0.28812144446916416,0.04741307359230625,0,0,0,0,0
weak,16,Logistic Regression,0.2,0.8,100,1,0.7038135620139276,0.8541357330830476,1,1,0,0,0
weak,16,Logistic Regression,0.2,0.8,82,0,0.31033831028701153,0.3793961702612191,0,0,0,0,0
weak,16,Logistic Regression,0.2,0.8,151,1,0.4183499257285861,0.2090413894240564,0,0,0,0,0
weak,16,Logistic Regression,0.2,0.8,11,0,0.6623695335994392,0.1616332308739826,1,0,1,1,0
weak,16,Logistic Regression,0.2,0.8,152,1,0.45585491198546746,0.21080554045251887,0,0,0,0,0
weak,16,Logistic Regression,0.2,0.8,180,1,0.4806045329259002,0.5752060328448093,0,1,1,1,0
weak,16,Logistic Regression,0.2,0.8,54,0,0.2940641886710386,0.003002527238845397,0,0,0,0,0
weak,16,Logistic Regression,0.2,0.8,50,0,0.6199609248991799,0.45717855638360566,1,0,1,1,0
weak,16,Logistic Regression,0.2,0.8,186,1,0.7601827080156354,0.8436589265329714,1,1,0,0,0
weak,16,Logistic Regression,0.2,0.8,10,0,0.5309721892670767,0.7579243683606286,1,1,0,0,0
weak,16,Logistic Regression,0.2,0.8,25,0,0.3202254791529609,0.1013277016677144,0,0,0,0,0
weak,16,Logistic Regression,0.2,0.8,71,0,0.4354647584797135,0.056510902996042105,0,0,0,0,0
weak,16,Logistic Regression,0.2,0.8,134,1,0.2864971395467789,0.9843031001678263,0,1,1,1,0
weak,16,Logistic Regression,0.2,0.8,160,1,0.782449882540274,0.9730680291748387,1,1,0,0,0
weak,16,Logistic Regression,0.2,0.8,142,1,0.6230370998281437,0.9098821225186768,1,1,0,0,0
weak,16,Logistic Regression,0.2,0.8,85,0,0.5729016681405641,0.31533610212290547,1,0,1,1,0
weak,16,Logistic Regression,0.2,0.8,197,1,0.45799833730966427,0.9896802657459574,0,1,1,1,0
weak,16,Logistic Regression,0.2,0.8,170,1,0.24848537881634522,0.06879634475264623,0,0,0,0,0
weak,16,Logistic Regression,0.2,0.8,140,1,0.40184051269552695,0.12319618082342809,0,0,0,0,0
weak,16,Logistic Regression,0.2,0.8,163,1,0.4906587206493284,0.4166706467272826,0,0,0,0,0
weak,16,Logistic Regression,0.2,0.8,156,1,0.6745630476639329,0.39323867101832655,1,0,1,0,1
weak,16,Logistic Regression,0.2,0.8,96,0,0.32737559333028593,0.21205389410661213,0,0,0,0,0
weak,16,Logistic Regression,0.2,0.8,42,0,0.21022909100738432,0.046209224055995236,0,0,0,0,0
weak,16,Logistic Regression,0.2,0.8,133,1,0.6836054203603227,0.990729996715065,1,1,0,0,0
weak,16,Logistic Regression,0.2,0.8,52,0,0.44002510574984516,0.013368074319807221,0,0,0,0,0
weak,16,Logistic Regression,0.2,0.8,91,0,0.4436141763668443,0.023826312443301724,0,0,0,0,0
weak,16,Logistic Regression,0.2,0.8,116,1,0.5148370044385626,0.5296625815598727,1,1,0,0,0
weak,16,Logistic Regression,0.2,0.8,183,1,0.5337686092848103,0.957367617848352,1,1,0,0,0
weak,16,Logistic Regression,0.2,0.8,89,0,0.22665795059606392,0.023532235799337393,0,0,0,0,0
weak,16,Logistic Regression,0.2,0.8,19,0,0.2990911682279229,0.04781189195266897,0,0,0,0,0
weak,16,Logistic Regression,0.2,0.8,173,1,0.24063572047367923,0.9453573740807175,0,1,1,1,0
weak,16,Logistic Regression,0.2,0.8,27,0,0.24102389433169336,0.800049876673372,0,1,1,0,1
weak,16,Logistic Regression,0.2,0.8,181,1,0.5132620462811937,0.9938490789608435,1,1,0,0,0
weak,16,Logistic Regression,0.2,0.8,8,0,0.23870173562949823,0.009659561135279679,0,0,0,0,0
weak,16,Logistic Regression,0.2,0.8,137,1,0.6417289923021385,0.911725052258625,1,1,0,0,0
weak,16,Logistic Regression,0.2,0.8,132,1,0.6915162328847305,0.013763907900615007,1,0,1,0,1
weak,16,Logistic Regression,0.2,0.8,121,1,0.4239637904254843,0.02610636903659594,0,0,0,0,0
weak,16,Logistic Regression,0.2,0.8,55,0,0.43802897663025897,0.9051114460649512,0,1,1,0,1
weak,16,Logistic Regression,0.2,0.8,41,0,0.24874819425925132,0.5491390483438077,0,1,1,0,1
weak,16,Logistic Regression,0.2,0.8,149,1,0.429551107111899,0.9693242167268934,0,1,1,1,0
weak,16,Logistic Regression,0.3,0.7,12,0,0.47935968818111135,0.13486882963398547,0,0,0,0,0
weak,16,Logistic Regression,0.3,0.7,159,1,0.4536541315971793,0.8222581097313664,0,1,1,1,0
weak,16,Logistic Regression,0.3,0.7,82,0,0.31033831028701153,0.3793961702612191,0,0,0,0,0
weak,16,Logistic Regression,0.3,0.7,151,1,0.4183499257285861,0.2090413894240564,0,0,0,0,0
weak,16,Logistic Regression,0.3,0.7,11,0,0.6623695335994392,0.1616332308739826,1,0,1,1,0
weak,16,Logistic Regression,0.3,0.7,152,1,0.45585491198546746,0.21080554045251887,0,0,0,0,0
weak,16,Logistic Regression,0.3,0.7,180,1,0.4806045329259002,0.5752060328448093,0,1,1,1,0
weak,16,Logistic Regression,0.3,0.7,50,0,0.6199609248991799,0.45717855638360566,1,0,1,1,0
weak,16,Logistic Regression,0.3,0.7,10,0,0.5309721892670767,0.7579243683606286,1,1,0,0,0
weak,16,Logistic Regression,0.3,0.7,25,0,0.3202254791529609,0.1013277016677144,0,0,0,0,0
weak,16,Logistic Regression,0.3,0.7,71,0,0.4354647584797135,0.056510902996042105,0,0,0,0,0
weak,16,Logistic Regression,0.3,0.7,142,1,0.6230370998281437,0.9098821225186768,1,1,0,0,0
weak,16,Logistic Regression,0.3,0.7,85,0,0.5729016681405641,0.31533610212290547,1,0,1,1,0
weak,16,Logistic Regression,0.3,0.7,197,1,0.45799833730966427,0.9896802657459574,0,1,1,1,0
weak,16,Logistic Regression,0.3,0.7,140,1,0.40184051269552695,0.12319618082342809,0,0,0,0,0
weak,16,Logistic Regression,0.3,0.7,163,1,0.4906587206493284,0.4166706467272826,0,0,0,0,0
weak,16,Logistic Regression,0.3,0.7,156,1,0.6745630476639329,0.39323867101832655,1,0,1,0,1
weak,16,Logistic Regression,0.3,0.7,96,0,0.32737559333028593,0.21205389410661213,0,0,0,0,0
weak,16,Logistic Regression,0.3,0.7,133,1,0.6836054203603227,0.990729996715065,1,1,0,0,0
weak,16,Logistic Regression,0.3,0.7,52,0,0.44002510574984516,0.013368074319807221,0,0,0,0,0
weak,16,Logistic Regression,0.3,0.7,91,0,0.4436141763668443,0.023826312443301724,0,0,0,0,0
weak,16,Logistic Regression,0.3,0.7,116,1,0.5148370044385626,0.5296625815598727,1,1,0,0,0
weak,16,Logistic Regression,0.3,0.7,183,1,0.5337686092848103,0.957367617848352,1,1,0,0,0
weak,16,Logistic Regression,0.3,0.7,181,1,0.5132620462811937,0.9938490789608435,1,1,0,0,0
weak,16,Logistic Regression,0.3,0.7,137,1,0.6417289923021385,0.911725052258625,1,1,0,0,0
weak,16,Logistic Regression,0.3,0.7,132,1,0.6915162328847305,0.013763907900615007,1,0,1,0,1
weak,16,Logistic Regression,0.3,0.7,121,1,0.4239637904254843,0.02610636903659594,0,0,0,0,0
weak,16,Logistic Regression,0.3,0.7,55,0,0.43802897663025897,0.9051114460649512,0,1,1,0,1
weak,16,Logistic Regression,0.3,0.7,149,1,0.429551107111899,0.9693242167268934,0,1,1,1,0
weak,16,Logistic Regression,0.4,0.6,12,0,0.47935968818111135,0.13486882963398547,0,0,0,0,0
weak,16,Logistic Regression,0.4,0.6,159,1,0.4536541315971793,0.8222581097313664,0,1,1,1,0
weak,16,Logistic Regression,0.4,0.6,151,1,0.4183499257285861,0.2090413894240564,0,0,0,0,0
weak,16,Logistic Regression,0.4,0.6,152,1,0.45585491198546746,0.21080554045251887,0,0,0,0,0
weak,16,Logistic Regression,0.4,0.6,180,1,0.4806045329259002,0.5752060328448093,0,1,1,1,0
weak,16,Logistic Regression,0.4,0.6,10,0,0.5309721892670767,0.7579243683606286,1,1,0,0,0
weak,16,Logistic Regression,0.4,0.6,71,0,0.4354647584797135,0.056510902996042105,0,0,0,0,0
weak,16,Logistic Regression,0.4,0.6,85,0,0.5729016681405641,0.31533610212290547,1,0,1,1,0
weak,16,Logistic Regression,0.4,0.6,197,1,0.45799833730966427,0.9896802657459574,0,1,1,1,0
weak,16,Logistic Regression,0.4,0.6,140,1,0.40184051269552695,0.12319618082342809,0,0,0,0,0
weak,16,Logistic Regression,0.4,0.6,163,1,0.4906587206493284,0.4166706467272826,0,0,0,0,0
weak,16,Logistic Regression,0.4,0.6,52,0,0.44002510574984516,0.013368074319807221,0,0,0,0,0
weak,16,Logistic Regression,0.4,0.6,91,0,0.4436141763668443,0.023826312443301724,0,0,0,0,0
weak,16,Logistic Regression,0.4,0.6,116,1,0.5148370044385626,0.5296625815598727,1,1,0,0,0
weak,16,Logistic Regression,0.4,0.6,183,1,0.5337686092848103,0.957367617848352,1,1,0,0,0
weak,16,Logistic Regression,0.4,0.6,181,1,0.5132620462811937,0.9938490789608435,1,1,0,0,0
weak,16,Logistic Regression,0.4,0.6,121,1,0.4239637904254843,0.02610636903659594,0,0,0,0,0
weak,16,Logistic Regression,0.4,0.6,55,0,0.43802897663025897,0.9051114460649512,0,1,1,0,1
weak,16,Logistic Regression,0.4,0.6,149,1,0.429551107111899,0.9693242167268934,0,1,1,1,0
weak,16,Random Forest,0.2,0.8,188,1,0.58,0.78,1,1,0,0,0
weak,16,Random Forest,0.2,0.8,195,1,0.72,0.82,1,1,0,0,0
weak,16,Random Forest,0.2,0.8,12,0,0.22,0.26,0,0,0,0,0
weak,16,Random Forest,0.2,0.8,159,1,0.62,0.73,1,1,0,0,0
weak,16,Random Forest,0.2,0.8,59,0,0.29,0.24,0,0,0,0,0
weak,16,Random Forest,0.2,0.8,38,0,0.55,0.54,1,1,0,0,0
weak,16,Random Forest,0.2,0.8,51,0,0.28,0.33,0,0,0,0,0
weak,16,Random Forest,0.2,0.8,177,1,0.52,0.44,1,0,1,0,1
weak,16,Random Forest,0.2,0.8,152,1,0.69,0.58,1,1,0,0,0
weak,16,Random Forest,0.2,0.8,180,1,0.78,0.63,1,1,0,0,0
weak,16,Random Forest,0.2,0.8,179,1,0.71,0.7,1,1,0,0,0
weak,16,Random Forest,0.2,0.8,186,1,0.78,0.6,1,1,0,0,0
weak,16,Random Forest,0.2,0.8,87,0,0.34,0.41,0,0,0,0,0
weak,16,Random Forest,0.2,0.8,25,0,0.29,0.4,0,0,0,0,0
weak,16,Random Forest,0.2,0.8,134,1,0.67,0.8,1,1,0,0,0
weak,16,Random Forest,0.2,0.8,160,1,0.74,0.79,1,1,0,0,0
weak,16,Random Forest,0.2,0.8,142,1,0.7,0.57,1,1,0,0,0
weak,16,Random Forest,0.2,0.8,197,1,0.7,0.85,1,1,0,0,0
weak,16,Random Forest,0.2,0.8,170,1,0.47,0.49,0,0,0,0,0
weak,16,Random Forest,0.2,0.8,56,0,0.76,0.61,1,1,0,0,0
weak,16,Random Forest,0.2,0.8,140,1,0.43,0.56,0,1,1,1,0
weak,16,Random Forest,0.2,0.8,163,1,0.73,0.66,1,1,0,0,0
weak,16,Random Forest,0.2,0.8,156,1,0.6,0.6,1,1,0,0,0
weak,16,Random Forest,0.2,0.8,96,0,0.3,0.31,0,0,0,0,0
weak,16,Random Forest,0.2,0.8,74,0,0.4,0.45,0,0,0,0,0
weak,16,Random Forest,0.2,0.8,133,1,0.61,0.77,1,1,0,0,0
weak,16,Random Forest,0.2,0.8,52,0,0.22,0.24,0,0,0,0,0
weak,16,Random Forest,0.2,0.8,76,0,0.23,0.33,0,0,0,0,0
weak,16,Random Forest,0.2,0.8,91,0,0.53,0.34,1,0,1,1,0
weak,16,Random Forest,0.2,0.8,116,1,0.53,0.55,1,1,0,0,0
weak,16,Random Forest,0.2,0.8,183,1,0.77,0.69,1,1,0,0,0
weak,16,Random Forest,0.2,0.8,173,1,0.53,0.73,1,1,0,0,0
weak,16,Random Forest,0.2,0.8,181,1,0.74,0.84,1,1,0,0,0
weak,16,Random Forest,0.2,0.8,8,0,0.21,0.2,0,0,0,0,0
weak,16,Random Forest,0.2,0.8,137,1,0.74,0.84,1,1,0,0,0
weak,16,Random Forest,0.2,0.8,109,1,0.45,0.72,0,1,1,1,0
weak,16,Random Forest,0.2,0.8,132,1,0.77,0.58,1,1,0,0,0
weak,16,Random Forest,0.2,0.8,121,1,0.73,0.45,1,0,1,0,1
weak,16,Random Forest,0.2,0.8,55,0,0.31,0.36,0,0,0,0,0
weak,16,Random Forest,0.2,0.8,41,0,0.45,0.56,0,1,1,0,1
weak,16,Random Forest,0.2,0.8,149,1,0.62,0.64,1,1,0,0,0
weak,16,Random Forest,0.3,0.7,188,1,0.58,0.78,1,1,0,0,0
weak,16,Random Forest,0.3,0.7,159,1,0.62,0.73,1,1,0,0,0
weak,16,Random Forest,0.3,0.7,38,0,0.55,0.54,1,1,0,0,0
weak,16,Random Forest,0.3,0.7,177,1,0.52,0.44,1,0,1,0,1
weak,16,Random Forest,0.3,0.7,152,1,0.69,0.58,1,1,0,0,0
weak,16,Random Forest,0.3,0.7,87,0,0.34,0.41,0,0,0,0,0
weak,16,Random Forest,0.3,0.7,134,1,0.67,0.8,1,1,0,0,0
weak,16,Random Forest,0.3,0.7,170,1,0.47,0.49,0,0,0,0,0
weak,16,Random Forest,0.3,0.7,140,1,0.43,0.56,0,1,1,1,0
weak,16,Random Forest,0.3,0.7,156,1,0.6,0.6,1,1,0,0,0
weak,16,Random Forest,0.3,0.7,74,0,0.4,0.45,0,0,0,0,0
weak,16,Random Forest,0.3,0.7,133,1,0.61,0.77,1,1,0,0,0
weak,16,Random Forest,0.3,0.7,91,0,0.53,0.34,1,0,1,1,0
weak,16,Random Forest,0.3,0.7,116,1,0.53,0.55,1,1,0,0,0
weak,16,Random Forest,0.3,0.7,173,1,0.53,0.73,1,1,0,0,0
weak,16,Random Forest,0.3,0.7,109,1,0.45,0.72,0,1,1,1,0
weak,16,Random Forest,0.3,0.7,55,0,0.31,0.36,0,0,0,0,0
weak,16,Random Forest,0.3,0.7,41,0,0.45,0.56,0,1,1,0,1
weak,16,Random Forest,0.3,0.7,149,1,0.62,0.64,1,1,0,0,0
weak,16,Random Forest,0.4,0.6,188,1,0.58,0.78,1,1,0,0,0
weak,16,Random Forest,0.4,0.6,38,0,0.55,0.54,1,1,0,0,0
weak,16,Random Forest,0.4,0.6,177,1,0.52,0.44,1,0,1,0,1
weak,16,Random Forest,0.4,0.6,170,1,0.47,0.49,0,0,0,0,0
weak,16,Random Forest,0.4,0.6,140,1,0.43,0.56,0,1,1,1,0
weak,16,Random Forest,0.4,0.6,91,0,0.53,0.34,1,0,1,1,0
weak,16,Random Forest,0.4,0.6,116,1,0.53,0.55,1,1,0,0,0
weak,16,Random Forest,0.4,0.6,173,1,0.53,0.73,1,1,0,0,0
weak,16,Random Forest,0.4,0.6,109,1,0.45,0.72,0,1,1,1,0
weak,16,Random Forest,0.4,0.6,41,0,0.45,0.56,0,1,1,0,1
weak,16,XGBoost,0.2,0.8,12,0,0.37170201539993286,0.176728755235672,0,0,0,0,0
weak,16,XGBoost,0.2,0.8,59,0,0.2574135959148407,0.026379713788628578,0,0,0,0,0
weak,16,XGBoost,0.2,0.8,38,0,0.6941890120506287,0.7274881601333618,1,1,0,0,0
weak,16,XGBoost,0.2,0.8,177,1,0.4009820222854614,0.4248506426811218,0,0,0,0,0
weak,16,XGBoost,0.2,0.8,87,0,0.3880080282688141,0.3462876081466675,0,0,0,0,0
weak,16,XGBoost,0.2,0.8,170,1,0.2060834765434265,0.22957147657871246,0,0,0,0,0
weak,16,XGBoost,0.2,0.8,56,0,0.7150464057922363,0.6807551980018616,1,1,0,0,0
weak,16,XGBoost,0.2,0.8,140,1,0.23050475120544434,0.401319682598114,0,0,0,0,0
weak,16,XGBoost,0.2,0.8,74,0,0.45737364888191223,0.347676157951355,0,0,0,0,0
weak,16,XGBoost,0.2,0.8,133,1,0.739459753036499,0.9555717706680298,1,1,0,0,0
weak,16,XGBoost,0.2,0.8,91,0,0.4407614469528198,0.17296117544174194,0,0,0,0,0
weak,16,XGBoost,0.2,0.8,116,1,0.6289219856262207,0.6839207410812378,1,1,0,0,0
weak,16,XGBoost,0.2,0.8,173,1,0.7740788459777832,0.5410022139549255,1,1,0,0,0
weak,16,XGBoost,0.2,0.8,109,1,0.3900419771671295,0.941443681716919,0,1,1,1,0
weak,16,XGBoost,0.2,0.8,41,0,0.5043295621871948,0.7670167684555054,1,1,0,0,0
weak,16,XGBoost,0.3,0.7,12,0,0.37170201539993286,0.176728755235672,0,0,0,0,0
weak,16,XGBoost,0.3,0.7,38,0,0.6941890120506287,0.7274881601333618,1,1,0,0,0
weak,16,XGBoost,0.3,0.7,177,1,0.4009820222854614,0.4248506426811218,0,0,0,0,0
weak,16,XGBoost,0.3,0.7,87,0,0.3880080282688141,0.3462876081466675,0,0,0,0,0
weak,16,XGBoost,0.3,0.7,74,0,0.45737364888191223,0.347676157951355,0,0,0,0,0
weak,16,XGBoost,0.3,0.7,91,0,0.4407614469528198,0.17296117544174194,0,0,0,0,0
weak,16,XGBoost,0.3,0.7,116,1,0.6289219856262207,0.6839207410812378,1,1,0,0,0
weak,16,XGBoost,0.3,0.7,109,1,0.3900419771671295,0.941443681716919,0,1,1,1,0
weak,16,XGBoost,0.3,0.7,41,0,0.5043295621871948,0.7670167684555054,1,1,0,0,0
weak,16,XGBoost,0.4,0.6,177,1,0.4009820222854614,0.4248506426811218,0,0,0,0,0
weak,16,XGBoost,0.4,0.6,74,0,0.45737364888191223,0.347676157951355,0,0,0,0,0
weak,16,XGBoost,0.4,0.6,91,0,0.4407614469528198,0.17296117544174194,0,0,0,0,0
weak,16,XGBoost,0.4,0.6,41,0,0.5043295621871948,0.7670167684555054,1,1,0,0,0
weak,17,Logistic Regression,0.2,0.8,101,1,0.7229225164518102,0.9529003490897721,1,1,0,0,0
weak,17,Logistic Regression,0.2,0.8,89,0,0.2642260372616754,0.026723968319509305,0,0,0,0,0
weak,17,Logistic Regression,0.2,0.8,44,0,0.5549882098269489,0.1610117085932571,1,0,1,1,0
weak,17,Logistic Regression,0.2,0.8,81,0,0.4555869981408818,0.22786766933304542,0,0,0,0,0
weak,17,Logistic Regression,0.2,0.8,6,0,0.39272902640224117,0.5104732288640852,0,1,1,0,1
weak,17,Logistic Regression,0.2,0.8,168,1,0.6381014064668713,0.8623941858558756,1,1,0,0,0
weak,17,Logistic Regression,0.2,0.8,108,1,0.596690672586982,0.7198951653308329,1,1,0,0,0
weak,17,Logistic Regression,0.2,0.8,97,0,0.7492495747888216,0.8296575627110792,1,1,0,0,0
weak,17,Logistic Regression,0.2,0.8,197,1,0.5572776197100153,0.9860567784556671,1,1,0,0,0
weak,17,Logistic Regression,0.2,0.8,50,0,0.3193593405428534,0.09537825426514646,0,0,0,0,0
weak,17,Logistic Regression,0.2,0.8,46,0,0.2985812979918781,0.07172131903407906,0,0,0,0,0
weak,17,Logistic Regression,0.2,0.8,125,1,0.7001274529986774,0.9910928716734941,1,1,0,0,0
weak,17,Logistic Regression,0.2,0.8,39,0,0.38245258364777585,0.18656314350116338,0,0,0,0,0
weak,17,Logistic Regression,0.2,0.8,180,1,0.27239769437505473,0.4144356069483338,0,0,0,0,0
weak,17,Logistic Regression,0.2,0.8,151,1,0.3042542699015186,0.5656055596060001,0,1,1,1,0
weak,17,Logistic Regression,0.2,0.8,172,1,0.2411134609932396,0.3517350059492798,0,0,0,0,0
weak,17,Logistic Regression,0.2,0.8,160,1,0.7373798727795357,0.8287970875213047,1,1,0,0,0
weak,17,Logistic Regression,0.2,0.8,166,1,0.5497359444318954,0.3885106665054854,1,0,1,0,1
weak,17,Logistic Regression,0.2,0.8,86,0,0.24963036311107784,0.040401497602319036,0,0,0,0,0
weak,17,Logistic Regression,0.2,0.8,49,0,0.6073483978080211,0.23489924830308156,1,0,1,1,0
weak,17,Logistic Regression,0.2,0.8,20,0,0.47240281891349184,0.3114233278073681,0,0,0,0,0
weak,17,Logistic Regression,0.2,0.8,43,0,0.5135082629084148,0.26886742164420124,1,0,1,1,0
weak,17,Logistic Regression,0.2,0.8,63,0,0.4735691327889308,0.2099794169530064,0,0,0,0,0
weak,17,Logistic Regression,0.2,0.8,29,0,0.7287583042183289,0.19021487129854525,1,0,1,1,0
weak,17,Logistic Regression,0.2,0.8,104,1,0.7300806652813536,0.9621296504048389,1,1,0,0,0
weak,17,Logistic Regression,0.2,0.8,139,1,0.7319663640199403,0.9119166352966354,1,1,0,0,0
weak,17,Logistic Regression,0.2,0.8,141,1,0.2306408923965613,0.11787135070650358,0,0,0,0,0
weak,17,Logistic Regression,0.2,0.8,76,0,0.579176485262437,0.32752930465816826,1,0,1,1,0
weak,17,Logistic Regression,0.2,0.8,193,1,0.332645947727104,0.29197171805041167,0,0,0,0,0
weak,17,Logistic Regression,0.2,0.8,194,1,0.6096293490330912,0.8605836451651769,1,1,0,0,0
weak,17,Logistic Regression,0.2,0.8,195,1,0.7401801800720768,0.7855637083420864,1,1,0,0,0
weak,17,Logistic Regression,0.2,0.8,41,0,0.4043520505843511,0.4929714509426805,0,0,0,0,0
weak,17,Logistic Regression,0.2,0.8,178,1,0.4941577015809399,0.6095692869500076,0,1,1,1,0
weak,17,Logistic Regression,0.2,0.8,112,1,0.5280908613370157,0.36302055312562836,1,0,1,0,1
weak,17,Logistic Regression,0.2,0.8,119,1,0.49750991147227525,0.48074003112804414,0,0,0,0,0
weak,17,Logistic Regression,0.2,0.8,159,1,0.4033240136950321,0.8409912757412623,0,1,1,1,0
weak,17,Logistic Regression,0.2,0.8,115,1,0.7116423369034909,0.9329006965610025,1,1,0,0,0
weak,17,Logistic Regression,0.2,0.8,98,0,0.30002461529819324,0.11009485475650484,0,0,0,0,0
weak,17,Logistic Regression,0.2,0.8,42,0,0.21797914141302605,0.13450929837380848,0,0,0,0,0
weak,17,Logistic Regression,0.2,0.8,162,1,0.27231256177713153,0.7017403360861203,0,1,1,1,0
weak,17,Logistic Regression,0.2,0.8,117,1,0.7028423154659024,0.7770439395566917,1,1,0,0,0
weak,17,Logistic Regression,0.2,0.8,64,0,0.2203051579871181,0.031845687961536355,0,0,0,0,0
weak,17,Logistic Regression,0.2,0.8,173,1,0.55887529023454,0.9410415860852963,1,1,0,0,0
weak,17,Logistic Regression,0.2,0.8,199,1,0.7847832069775039,0.7590004026435249,1,1,0,0,0
weak,17,Logistic Regression,0.2,0.8,8,0,0.35104667175879556,0.10119858900028544,0,0,0,0,0
weak,17,Logistic Regression,0.2,0.8,30,0,0.46602895706099284,0.34453812109069093,0,0,0,0,0
weak,17,Logistic Regression,0.2,0.8,93,0,0.35263652921827204,0.559366227891321,0,1,1,0,1
weak,17,Logistic Regression,0.2,0.8,56,0,0.723442153922945,0.22770631852337841,1,0,1,1,0
weak,17,Logistic Regression,0.3,0.7,44,0,0.5549882098269489,0.1610117085932571,1,0,1,1,0
weak,17,Logistic Regression,0.3,0.7,81,0,0.4555869981408818,0.22786766933304542,0,0,0,0,0
weak,17,Logistic Regression,0.3,0.7,6,0,0.39272902640224117,0.5104732288640852,0,1,1,0,1
weak,17,Logistic Regression,0.3,0.7,168,1,0.6381014064668713,0.8623941858558756,1,1,0,0,0
weak,17,Logistic Regression,0.3,0.7,108,1,0.596690672586982,0.7198951653308329,1,1,0,0,0
weak,17,Logistic Regression,0.3,0.7,197,1,0.5572776197100153,0.9860567784556671,1,1,0,0,0
weak,17,Logistic Regression,0.3,0.7,50,0,0.3193593405428534,0.09537825426514646,0,0,0,0,0
weak,17,Logistic Regression,0.3,0.7,39,0,0.38245258364777585,0.18656314350116338,0,0,0,0,0
weak,17,Logistic Regression,0.3,0.7,151,1,0.3042542699015186,0.5656055596060001,0,1,1,1,0
weak,17,Logistic Regression,0.3,0.7,166,1,0.5497359444318954,0.3885106665054854,1,0,1,0,1
weak,17,Logistic Regression,0.3,0.7,49,0,0.6073483978080211,0.23489924830308156,1,0,1,1,0
weak,17,Logistic Regression,0.3,0.7,20,0,0.47240281891349184,0.3114233278073681,0,0,0,0,0
weak,17,Logistic Regression,0.3,0.7,43,0,0.5135082629084148,0.26886742164420124,1,0,1,1,0
weak,17,Logistic Regression,0.3,0.7,63,0,0.4735691327889308,0.2099794169530064,0,0,0,0,0
weak,17,Logistic Regression,0.3,0.7,76,0,0.579176485262437,0.32752930465816826,1,0,1,1,0
weak,17,Logistic Regression,0.3,0.7,193,1,0.332645947727104,0.29197171805041167,0,0,0,0,0
weak,17,Logistic Regression,0.3,0.7,194,1,0.6096293490330912,0.8605836451651769,1,1,0,0,0
weak,17,Logistic Regression,0.3,0.7,41,0,0.4043520505843511,0.4929714509426805,0,0,0,0,0
weak,17,Logistic Regression,0.3,0.7,178,1,0.4941577015809399,0.6095692869500076,0,1,1,1,0
weak,17,Logistic Regression,0.3,0.7,112,1,0.5280908613370157,0.36302055312562836,1,0,1,0,1
weak,17,Logistic Regression,0.3,0.7,119,1,0.49750991147227525,0.48074003112804414,0,0,0,0,0
weak,17,Logistic Regression,0.3,0.7,159,1,0.4033240136950321,0.8409912757412623,0,1,1,1,0
weak,17,Logistic Regression,0.3,0.7,98,0,0.30002461529819324,0.11009485475650484,0,0,0,0,0
weak,17,Logistic Regression,0.3,0.7,173,1,0.55887529023454,0.9410415860852963,1,1,0,0,0
weak,17,Logistic Regression,0.3,0.7,8,0,0.35104667175879556,0.10119858900028544,0,0,0,0,0
weak,17,Logistic Regression,0.3,0.7,30,0,0.46602895706099284,0.34453812109069093,0,0,0,0,0
weak,17,Logistic Regression,0.3,0.7,93,0,0.35263652921827204,0.559366227891321,0,1,1,0,1
weak,17,Logistic Regression,0.4,0.6,44,0,0.5549882098269489,0.1610117085932571,1,0,1,1,0
weak,17,Logistic Regression,0.4,0.6,81,0,0.4555869981408818,0.22786766933304542,0,0,0,0,0
weak,17,Logistic Regression,0.4,0.6,108,1,0.596690672586982,0.7198951653308329,1,1,0,0,0
weak,17,Logistic Regression,0.4,0.6,197,1,0.5572776197100153,0.9860567784556671,1,1,0,0,0
weak,17,Logistic Regression,0.4,0.6,166,1,0.5497359444318954,0.3885106665054854,1,0,1,0,1
weak,17,Logistic Regression,0.4,0.6,20,0,0.47240281891349184,0.3114233278073681,0,0,0,0,0
weak,17,Logistic Regression,0.4,0.6,43,0,0.5135082629084148,0.26886742164420124,1,0,1,1,0
weak,17,Logistic Regression,0.4,0.6,63,0,0.4735691327889308,0.2099794169530064,0,0,0,0,0
weak,17,Logistic Regression,0.4,0.6,76,0,0.579176485262437,0.32752930465816826,1,0,1,1,0
weak,17,Logistic Regression,0.4,0.6,41,0,0.4043520505843511,0.4929714509426805,0,0,0,0,0
weak,17,Logistic Regression,0.4,0.6,178,1,0.4941577015809399,0.6095692869500076,0,1,1,1,0
weak,17,Logistic Regression,0.4,0.6,112,1,0.5280908613370157,0.36302055312562836,1,0,1,0,1
weak,17,Logistic Regression,0.4,0.6,119,1,0.49750991147227525,0.48074003112804414,0,0,0,0,0
weak,17,Logistic Regression,0.4,0.6,159,1,0.4033240136950321,0.8409912757412623,0,1,1,1,0
weak,17,Logistic Regression,0.4,0.6,173,1,0.55887529023454,0.9410415860852963,1,1,0,0,0
weak,17,Logistic Regression,0.4,0.6,30,0,0.46602895706099284,0.34453812109069093,0,0,0,0,0
weak,17,Random Forest,0.2,0.8,101,1,0.75,0.85,1,1,0,0,0
weak,17,Random Forest,0.2,0.8,44,0,0.63,0.57,1,1,0,0,0
weak,17,Random Forest,0.2,0.8,6,0,0.48,0.68,0,1,1,0,1
weak,17,Random Forest,0.2,0.8,107,1,0.68,0.63,1,1,0,0,0
weak,17,Random Forest,0.2,0.8,22,0,0.24,0.19,0,0,0,0,0
weak,17,Random Forest,0.2,0.8,108,1,0.79,0.57,1,1,0,0,0
weak,17,Random Forest,0.2,0.8,97,0,0.3,0.26,0,0,0,0,0
weak,17,Random Forest,0.2,0.8,197,1,0.79,0.91,1,1,0,0,0
weak,17,Random Forest,0.2,0.8,46,0,0.24,0.18,0,0,0,0,0
weak,17,Random Forest,0.2,0.8,39,0,0.21,0.3,0,0,0,0,0
weak,17,Random Forest,0.2,0.8,180,1,0.75,0.65,1,1,0,0,0
weak,17,Random Forest,0.2,0.8,172,1,0.65,0.47,1,0,1,0,1
weak,17,Random Forest,0.2,0.8,49,0,0.21,0.27,0,0,0,0,0
weak,17,Random Forest,0.2,0.8,20,0,0.21,0.41,0,0,0,0,0
weak,17,Random Forest,0.2,0.8,87,0,0.32,0.42,0,0,0,0,0
weak,17,Random Forest,0.2,0.8,43,0,0.29,0.24,0,0,0,0,0
weak,17,Random Forest,0.2,0.8,63,0,0.4,0.27,0,0,0,0,0
weak,17,Random Forest,0.2,0.8,190,1,0.77,0.65,1,1,0,0,0
weak,17,Random Forest,0.2,0.8,5,0,0.43,0.34,0,0,0,0,0
weak,17,Random Forest,0.2,0.8,29,0,0.26,0.25,0,0,0,0,0
weak,17,Random Forest,0.2,0.8,104,1,0.7,0.85,1,1,0,0,0
weak,17,Random Forest,0.2,0.8,139,1,0.76,0.71,1,1,0,0,0
weak,17,Random Forest,0.2,0.8,141,1,0.66,0.52,1,1,0,0,0
weak,17,Random Forest,0.2,0.8,193,1,0.7,0.58,1,1,0,0,0
weak,17,Random Forest,0.2,0.8,194,1,0.74,0.75,1,1,0,0,0
weak,17,Random Forest,0.2,0.8,195,1,0.74,0.81,1,1,0,0,0
weak,17,Random Forest,0.2,0.8,41,0,0.6,0.68,1,1,0,0,0
weak,17,Random Forest,0.2,0.8,119,1,0.77,0.63,1,1,0,0,0
weak,17,Random Forest,0.2,0.8,159,1,0.67,0.75,1,1,0,0,0
weak,17,Random Forest,0.2,0.8,115,1,0.74,0.83,1,1,0,0,0
weak,17,Random Forest,0.2,0.8,162,1,0.69,0.73,1,1,0,0,0
weak,17,Random Forest,0.2,0.8,117,1,0.73,0.85,1,1,0,0,0
weak,17,Random Forest,0.2,0.8,47,0,0.61,0.59,1,1,0,0,0
weak,17,Random Forest,0.2,0.8,64,0,0.35,0.2,0,0,0,0,0
weak,17,Random Forest,0.2,0.8,173,1,0.61,0.6,1,1,0,0,0
weak,17,Random Forest,0.2,0.8,199,1,0.71,0.7,1,1,0,0,0
weak,17,Random Forest,0.2,0.8,114,1,0.79,0.78,1,1,0,0,0
weak,17,Random Forest,0.2,0.8,187,1,0.77,0.89,1,1,0,0,0
weak,17,Random Forest,0.2,0.8,56,0,0.67,0.58,1,1,0,0,0
weak,17,Random Forest,0.3,0.7,44,0,0.63,0.57,1,1,0,0,0
weak,17,Random Forest,0.3,0.7,6,0,0.48,0.68,0,1,1,0,1
weak,17,Random Forest,0.3,0.7,107,1,0.68,0.63,1,1,0,0,0
weak,17,Random Forest,0.3,0.7,172,1,0.65,0.47,1,0,1,0,1
weak,17,Random Forest,0.3,0.7,87,0,0.32,0.42,0,0,0,0,0
weak,17,Random Forest,0.3,0.7,63,0,0.4,0.27,0,0,0,0,0
weak,17,Random Forest,0.3,0.7,5,0,0.43,0.34,0,0,0,0,0
weak,17,Random Forest,0.3,0.7,141,1,0.66,0.52,1,1,0,0,0
weak,17,Random Forest,0.3,0.7,41,0,0.6,0.68,1,1,0,0,0
weak,17,Random Forest,0.3,0.7,159,1,0.67,0.75,1,1,0,0,0
weak,17,Random Forest,0.3,0.7,162,1,0.69,0.73,1,1,0,0,0
weak,17,Random Forest,0.3,0.7,47,0,0.61,0.59,1,1,0,0,0
weak,17,Random Forest,0.3,0.7,64,0,0.35,0.2,0,0,0,0,0
weak,17,Random Forest,0.3,0.7,173,1,0.61,0.6,1,1,0,0,0
weak,17,Random Forest,0.3,0.7,56,0,0.67,0.58,1,1,0,0,0
weak,17,Random Forest,0.4,0.6,6,0,0.48,0.68,0,1,1,0,1
weak,17,Random Forest,0.4,0.6,5,0,0.43,0.34,0,0,0,0,0
weak,17,XGBoost,0.2,0.8,44,0,0.7345792055130005,0.4739784002304077,1,0,1,1,0
weak,17,XGBoost,0.2,0.8,97,0,0.21265414357185364,0.0901750773191452,0,0,0,0,0
weak,17,XGBoost,0.2,0.8,180,1,0.7487854957580566,0.8602594137191772,1,1,0,0,0
weak,17,XGBoost,0.2,0.8,172,1,0.7424970865249634,0.8127931952476501,1,1,0,0,0
weak,17,XGBoost,0.2,0.8,87,0,0.3543313443660736,0.1950673907995224,0,0,0,0,0
weak,17,XGBoost,0.2,0.8,63,0,0.3112865388393402,0.1547868251800537,0,0,0,0,0
weak,17,XGBoost,0.2,0.8,104,1,0.49269065260887146,0.7970996499061584,0,1,1,1,0
weak,17,XGBoost,0.2,0.8,141,1,0.5928558707237244,0.4937935471534729,1,0,1,0,1
weak,17,XGBoost,0.2,0.8,194,1,0.6239501237869263,0.9173541069030762,1,1,0,0,0
weak,17,XGBoost,0.2,0.8,119,1,0.7261380553245544,0.8736798167228699,1,1,0,0,0
weak,17,XGBoost,0.2,0.8,115,1,0.5876150727272034,0.9400505423545837,1,1,0,0,0
weak,17,XGBoost,0.2,0.8,47,0,0.74726402759552,0.7842836976051331,1,1,0,0,0
weak,17,XGBoost,0.2,0.8,173,1,0.49327731132507324,0.8209659457206726,0,1,1,1,0
weak,17,XGBoost,0.2,0.8,199,1,0.7145617604255676,0.8851273059844971,1,1,0,0,0
weak,17,XGBoost,0.3,0.7,87,0,0.3543313443660736,0.1950673907995224,0,0,0,0,0
weak,17,XGBoost,0.3,0.7,63,0,0.3112865388393402,0.1547868251800537,0,0,0,0,0
weak,17,XGBoost,0.3,0.7,104,1,0.49269065260887146,0.7970996499061584,0,1,1,1,0
weak,17,XGBoost,0.3,0.7,141,1,0.5928558707237244,0.4937935471534729,1,0,1,0,1
weak,17,XGBoost,0.3,0.7,194,1,0.6239501237869263,0.9173541069030762,1,1,0,0,0
weak,17,XGBoost,0.3,0.7,115,1,0.5876150727272034,0.9400505423545837,1,1,0,0,0
weak,17,XGBoost,0.3,0.7,173,1,0.49327731132507324,0.8209659457206726,0,1,1,1,0
weak,17,XGBoost,0.4,0.6,104,1,0.49269065260887146,0.7970996499061584,0,1,1,1,0
weak,17,XGBoost,0.4,0.6,141,1,0.5928558707237244,0.4937935471534729,1,0,1,0,1
weak,17,XGBoost,0.4,0.6,115,1,0.5876150727272034,0.9400505423545837,1,1,0,0,0
weak,17,XGBoost,0.4,0.6,173,1,0.49327731132507324,0.8209659457206726,0,1,1,1,0
weak,18,Logistic Regression,0.2,0.8,152,1,0.7255634600215508,0.36466067760205706,1,0,1,0,1
weak,18,Logistic Regression,0.2,0.8,28,0,0.3354029267057172,0.016968497582629766,0,0,0,0,0
weak,18,Logistic Regression,0.2,0.8,171,1,0.4321275622617024,0.025147055604335517,0,0,0,0,0
weak,18,Logistic Regression,0.2,0.8,115,1,0.6920791215808201,0.9853681165577318,1,1,0,0,0
weak,18,Logistic Regression,0.2,0.8,100,1,0.6636779105636396,0.7100212014735244,1,1,0,0,0
weak,18,Logistic Regression,0.2,0.8,149,1,0.4134999035128576,0.8558232243352997,0,1,1,1,0
weak,18,Logistic Regression,0.2,0.8,153,1,0.6569801745839475,0.9626968517540966,1,1,0,0,0
weak,18,Logistic Regression,0.2,0.8,64,0,0.40710319441924137,0.019318505916171996,0,0,0,0,0
weak,18,Logistic Regression,0.2,0.8,117,1,0.6415889641911193,0.9901308236764202,1,1,0,0,0
weak,18,Logistic Regression,0.2,0.8,39,0,0.47749434615652514,0.1013895254002775,0,0,0,0,0
weak,18,Logistic Regression,0.2,0.8,46,0,0.4251330030595255,0.014066439895509717,0,0,0,0,0
weak,18,Logistic Regression,0.2,0.8,144,1,0.3753263980730046,0.2674823317482718,0,0,0,0,0
weak,18,Logistic Regression,0.2,0.8,169,1,0.7354677292435752,0.9951458110824456,1,1,0,0,0
weak,18,Logistic Regression,0.2,0.8,191,1,0.5780523123905161,0.912143958143727,1,1,0,0,0
weak,18,Logistic Regression,0.2,0.8,69,0,0.6410520727951335,0.9858212036289287,1,1,0,0,0
weak,18,Logistic Regression,0.2,0.8,157,1,0.5982561485232951,0.3131078850302959,1,0,1,0,1
weak,18,Logistic Regression,0.2,0.8,38,0,0.25475290376090576,0.01695994228130539,0,0,0,0,0
weak,18,Logistic Regression,0.2,0.8,67,0,0.527983445944119,0.06074379590746226,1,0,1,1,0
weak,18,Logistic Regression,0.2,0.8,53,0,0.5838260047279766,0.1919315985707179,1,0,1,1,0
weak,18,Logistic Regression,0.2,0.8,121,1,0.31129416111372343,0.09103202106498966,0,0,0,0,0
weak,18,Logistic Regression,0.2,0.8,101,1,0.7644471386330174,0.9897469445116325,1,1,0,0,0
weak,18,Logistic Regression,0.2,0.8,6,0,0.3560532890985188,0.40274767542951884,0,0,0,0,0
weak,18,Logistic Regression,0.2,0.8,76,0,0.706727081588151,0.39768985668042106,1,0,1,1,0
weak,18,Logistic Regression,0.2,0.8,133,1,0.766057425172769,0.9991731478097106,1,1,0,0,0
weak,18,Logistic Regression,0.2,0.8,111,1,0.7147085269287213,0.988925321207385,1,1,0,0,0
weak,18,Logistic Regression,0.2,0.8,145,1,0.36079048470505276,0.007215046292541774,0,0,0,0,0
weak,18,Logistic Regression,0.2,0.8,122,1,0.44707555229775003,0.9989967393906158,0,1,1,1,0
weak,18,Logistic Regression,0.2,0.8,84,0,0.7729966769151456,0.60307661094434,1,1,0,0,0
weak,18,Logistic Regression,0.2,0.8,55,0,0.43150312673776753,0.6661518023612144,0,1,1,0,1
weak,18,Logistic Regression,0.2,0.8,97,0,0.7441913167592112,0.5922273611250378,1,1,0,0,0
weak,18,Logistic Regression,0.2,0.8,80,0,0.4163303825771393,0.0012187118374576422,0,0,0,0,0
weak,18,Logistic Regression,0.2,0.8,196,1,0.5487847753177583,0.8615053331715269,1,1,0,0,0
weak,18,Logistic Regression,0.2,0.8,70,0,0.6254194169137193,0.556757920921496,1,1,0,0,0
weak,18,Logistic Regression,0.2,0.8,180,1,0.6106785625579643,0.7913896772197125,1,1,0,0,0
weak,18,Logistic Regression,0.2,0.8,105,1,0.6586872244143536,0.5166375071984821,1,1,0,0,0
weak,18,Logistic Regression,0.2,0.8,57,0,0.31516725017013075,0.8976608141789456,0,1,1,0,1
weak,18,Logistic Regression,0.2,0.8,66,0,0.6160960379192933,0.926238792267145,1,1,0,0,0
weak,18,Logistic Regression,0.2,0.8,181,1,0.34934756632796904,0.9974223866338181,0,1,1,1,0
weak,18,Logistic Regression,0.2,0.8,170,1,0.6765602618513572,0.054217343160914346,1,0,1,0,1
weak,18,Logistic Regression,0.2,0.8,131,1,0.754632296227287,0.9763385857511302,1,1,0,0,0
weak,18,Logistic Regression,0.2,0.8,89,0,0.3297546052557059,0.003846938696531485,0,0,0,0,0
weak,18,Logistic Regression,0.2,0.8,20,0,0.662345117842706,0.8631977862211389,1,1,0,0,0
weak,18,Logistic Regression,0.2,0.8,178,1,0.6063988909190624,0.7725467223441094,1,1,0,0,0
weak,18,Logistic Regression,0.2,0.8,98,0,0.35503480426169226,0.054628196070506674,0,0,0,0,0
weak,18,Logistic Regression,0.2,0.8,8,0,0.5903422848024398,0.030013266078098687,1,0,1,1,0
weak,18,Logistic Regression,0.2,0.8,118,1,0.7985007818336325,0.11668774333945864,1,0,1,0,1
weak,18,Logistic Regression,0.2,0.8,29,0,0.6779888369297584,0.022532649570551073,1,0,1,1,0
weak,18,Logistic Regression,0.2,0.8,41,0,0.5416911903320584,0.8012588181262874,1,1,0,0,0
weak,18,Logistic Regression,0.3,0.7,28,0,0.3354029267057172,0.016968497582629766,0,0,0,0,0
weak,18,Logistic Regression,0.3,0.7,171,1,0.4321275622617024,0.025147055604335517,0,0,0,0,0
weak,18,Logistic Regression,0.3,0.7,115,1,0.6920791215808201,0.9853681165577318,1,1,0,0,0
weak,18,Logistic Regression,0.3,0.7,100,1,0.6636779105636396,0.7100212014735244,1,1,0,0,0
weak,18,Logistic Regression,0.3,0.7,149,1,0.4134999035128576,0.8558232243352997,0,1,1,1,0
weak,18,Logistic Regression,0.3,0.7,153,1,0.6569801745839475,0.9626968517540966,1,1,0,0,0
weak,18,Logistic Regression,0.3,0.7,64,0,0.40710319441924137,0.019318505916171996,0,0,0,0,0
weak,18,Logistic Regression,0.3,0.7,117,1,0.6415889641911193,0.9901308236764202,1,1,0,0,0
weak,18,Logistic Regression,0.3,0.7,39,0,0.47749434615652514,0.1013895254002775,0,0,0,0,0
weak,18,Logistic Regression,0.3,0.7,46,0,0.4251330030595255,0.014066439895509717,0,0,0,0,0
weak,18,Logistic Regression,0.3,0.7,144,1,0.3753263980730046,0.2674823317482718,0,0,0,0,0
weak,18,Logistic Regression,0.3,0.7,191,1,0.5780523123905161,0.912143958143727,1,1,0,0,0
weak,18,Logistic Regression,0.3,0.7,69,0,0.6410520727951335,0.9858212036289287,1,1,0,0,0
weak,18,Logistic Regression,0.3,0.7,157,1,0.5982561485232951,0.3131078850302959,1,0,1,0,1
weak,18,Logistic Regression,0.3,0.7,67,0,0.527983445944119,0.06074379590746226,1,0,1,1,0
weak,18,Logistic Regression,0.3,0.7,53,0,0.5838260047279766,0.1919315985707179,1,0,1,1,0
weak,18,Logistic Regression,0.3,0.7,121,1,0.31129416111372343,0.09103202106498966,0,0,0,0,0
weak,18,Logistic Regression,0.3,0.7,6,0,0.3560532890985188,0.40274767542951884,0,0,0,0,0
weak,18,Logistic Regression,0.3,0.7,145,1,0.36079048470505276,0.007215046292541774,0,0,0,0,0
weak,18,Logistic Regression,0.3,0.7,122,1,0.44707555229775003,0.9989967393906158,0,1,1,1,0
weak,18,Logistic Regression,0.3,0.7,55,0,0.43150312673776753,0.6661518023612144,0,1,1,0,1
weak,18,Logistic Regression,0.3,0.7,80,0,0.4163303825771393,0.0012187118374576422,0,0,0,0,0
weak,18,Logistic Regression,0.3,0.7,196,1,0.5487847753177583,0.8615053331715269,1,1,0,0,0
weak,18,Logistic Regression,0.3,0.7,70,0,0.6254194169137193,0.556757920921496,1,1,0,0,0
weak,18,Logistic Regression,0.3,0.7,180,1,0.6106785625579643,0.7913896772197125,1,1,0,0,0
weak,18,Logistic Regression,0.3,0.7,105,1,0.6586872244143536,0.5166375071984821,1,1,0,0,0
weak,18,Logistic Regression,0.3,0.7,57,0,0.31516725017013075,0.8976608141789456,0,1,1,0,1
weak,18,Logistic Regression,0.3,0.7,66,0,0.6160960379192933,0.926238792267145,1,1,0,0,0
weak,18,Logistic Regression,0.3,0.7,181,1,0.34934756632796904,0.9974223866338181,0,1,1,1,0
weak,18,Logistic Regression,0.3,0.7,170,1,0.6765602618513572,0.054217343160914346,1,0,1,0,1
weak,18,Logistic Regression,0.3,0.7,89,0,0.3297546052557059,0.003846938696531485,0,0,0,0,0
weak,18,Logistic Regression,0.3,0.7,20,0,0.662345117842706,0.8631977862211389,1,1,0,0,0
weak,18,Logistic Regression,0.3,0.7,178,1,0.6063988909190624,0.7725467223441094,1,1,0,0,0
weak,18,Logistic Regression,0.3,0.7,98,0,0.35503480426169226,0.054628196070506674,0,0,0,0,0
weak,18,Logistic Regression,0.3,0.7,8,0,0.5903422848024398,0.030013266078098687,1,0,1,1,0
weak,18,Logistic Regression,0.3,0.7,29,0,0.6779888369297584,0.022532649570551073,1,0,1,1,0
weak,18,Logistic Regression,0.3,0.7,41,0,0.5416911903320584,0.8012588181262874,1,1,0,0,0
weak,18,Logistic Regression,0.4,0.6,171,1,0.4321275622617024,0.025147055604335517,0,0,0,0,0
weak,18,Logistic Regression,0.4,0.6,149,1,0.4134999035128576,0.8558232243352997,0,1,1,1,0
weak,18,Logistic Regression,0.4,0.6,64,0,0.40710319441924137,0.019318505916171996,0,0,0,0,0
weak,18,Logistic Regression,0.4,0.6,39,0,0.47749434615652514,0.1013895254002775,0,0,0,0,0
weak,18,Logistic Regression,0.4,0.6,46,0,0.4251330030595255,0.014066439895509717,0,0,0,0,0
weak,18,Logistic Regression,0.4,0.6,191,1,0.5780523123905161,0.912143958143727,1,1,0,0,0
weak,18,Logistic Regression,0.4,0.6,157,1,0.5982561485232951,0.3131078850302959,1,0,1,0,1
weak,18,Logistic Regression,0.4,0.6,67,0,0.527983445944119,0.06074379590746226,1,0,1,1,0
weak,18,Logistic Regression,0.4,0.6,53,0,0.5838260047279766,0.1919315985707179,1,0,1,1,0
weak,18,Logistic Regression,0.4,0.6,122,1,0.44707555229775003,0.9989967393906158,0,1,1,1,0
weak,18,Logistic Regression,0.4,0.6,55,0,0.43150312673776753,0.6661518023612144,0,1,1,0,1
weak,18,Logistic Regression,0.4,0.6,80,0,0.4163303825771393,0.0012187118374576422,0,0,0,0,0
weak,18,Logistic Regression,0.4,0.6,196,1,0.5487847753177583,0.8615053331715269,1,1,0,0,0
weak,18,Logistic Regression,0.4,0.6,8,0,0.5903422848024398,0.030013266078098687,1,0,1,1,0
weak,18,Logistic Regression,0.4,0.6,41,0,0.5416911903320584,0.8012588181262874,1,1,0,0,0
weak,18,Random Forest,0.2,0.8,152,1,0.75,0.63,1,1,0,0,0
weak,18,Random Forest,0.2,0.8,28,0,0.44,0.27,0,0,0,0,0
weak,18,Random Forest,0.2,0.8,60,0,0.42,0.56,0,1,1,0,1
weak,18,Random Forest,0.2,0.8,171,1,0.69,0.43,1,0,1,0,1
weak,18,Random Forest,0.2,0.8,115,1,0.79,0.87,1,1,0,0,0
weak,18,Random Forest,0.2,0.8,143,1,0.74,0.6,1,1,0,0,0
weak,18,Random Forest,0.2,0.8,149,1,0.59,0.55,1,1,0,0,0
weak,18,Random Forest,0.2,0.8,153,1,0.6,0.78,1,1,0,0,0
weak,18,Random Forest,0.2,0.8,64,0,0.59,0.19,1,0,1,1,0
weak,18,Random Forest,0.2,0.8,117,1,0.71,0.79,1,1,0,0,0
weak,18,Random Forest,0.2,0.8,46,0,0.28,0.23,0,0,0,0,0
weak,18,Random Forest,0.2,0.8,144,1,0.57,0.58,1,1,0,0,0
weak,18,Random Forest,0.2,0.8,169,1,0.77,0.85,1,1,0,0,0
weak,18,Random Forest,0.2,0.8,106,1,0.76,0.76,1,1,0,0,0
weak,18,Random Forest,0.2,0.8,69,0,0.28,0.45,0,0,0,0,0
weak,18,Random Forest,0.2,0.8,157,1,0.67,0.46,1,0,1,0,1
weak,18,Random Forest,0.2,0.8,38,0,0.51,0.48,1,0,1,1,0
weak,18,Random Forest,0.2,0.8,167,1,0.71,0.71,1,1,0,0,0
weak,18,Random Forest,0.2,0.8,67,0,0.32,0.16,0,0,0,0,0
weak,18,Random Forest,0.2,0.8,17,0,0.22,0.25,0,0,0,0,0
weak,18,Random Forest,0.2,0.8,53,0,0.25,0.26,0,0,0,0,0
weak,18,Random Forest,0.2,0.8,121,1,0.67,0.42,1,0,1,0,1
weak,18,Random Forest,0.2,0.8,101,1,0.78,0.88,1,1,0,0,0
weak,18,Random Forest,0.2,0.8,51,0,0.26,0.19,0,0,0,0,0
weak,18,Random Forest,0.2,0.8,6,0,0.48,0.58,0,1,1,0,1
weak,18,Random Forest,0.2,0.8,78,0,0.72,0.81,1,1,0,0,0
weak,18,Random Forest,0.2,0.8,76,0,0.21,0.41,0,0,0,0,0
weak,18,Random Forest,0.2,0.8,133,1,0.58,0.79,1,1,0,0,0
weak,18,Random Forest,0.2,0.8,145,1,0.75,0.37,1,0,1,0,1
weak,18,Random Forest,0.2,0.8,122,1,0.71,0.81,1,1,0,0,0
weak,18,Random Forest,0.2,0.8,84,0,0.59,0.68,1,1,0,0,0
weak,18,Random Forest,0.2,0.8,55,0,0.36,0.26,0,0,0,0,0
weak,18,Random Forest,0.2,0.8,177,1,0.54,0.28,1,0,1,0,1
weak,18,Random Forest,0.2,0.8,97,0,0.3,0.31,0,0,0,0,0
weak,18,Random Forest,0.2,0.8,196,1,0.71,0.7,1,1,0,0,0
weak,18,Random Forest,0.2,0.8,180,1,0.77,0.61,1,1,0,0,0
weak,18,Random Forest,0.2,0.8,105,1,0.58,0.54,1,1,0,0,0
weak,18,Random Forest,0.2,0.8,22,0,0.23,0.15,0,0,0,0,0
weak,18,Random Forest,0.2,0.8,66,0,0.52,0.69,1,1,0,0,0
weak,18,Random Forest,0.2,0.8,181,1,0.6,0.82,1,1,0,0,0
weak,18,Random Forest,0.2,0.8,170,1,0.52,0.39,1,0,1,0,1
weak,18,Random Forest,0.2,0.8,131,1,0.62,0.69,1,1,0,0,0
weak,18,Random Forest,0.2,0.8,20,0,0.3,0.46,0,0,0,0,0
weak,18,Random Forest,0.2,0.8,109,1,0.41,0.74,0,1,1,1,0
weak,18,Random Forest,0.2,0.8,178,1,0.64,0.72,1,1,0,0,0
weak,18,Random Forest,0.2,0.8,98,0,0.21,0.27,0,0,0,0,0
weak,18,Random Forest,0.2,0.8,8,0,0.3,0.2,0,0,0,0,0
weak,18,Random Forest,0.2,0.8,29,0,0.23,0.22,0,0,0,0,0
weak,18,Random Forest,0.2,0.8,41,0,0.56,0.69,1,1,0,0,0
weak,18,Random Forest,0.3,0.7,28,0,0.44,0.27,0,0,0,0,0
weak,18,Random Forest,0.3,0.7,60,0,0.42,0.56,0,1,1,0,1
weak,18,Random Forest,0.3,0.7,171,1,0.69,0.43,1,0,1,0,1
weak,18,Random Forest,0.3,0.7,149,1,0.59,0.55,1,1,0,0,0
weak,18,Random Forest,0.3,0.7,153,1,0.6,0.78,1,1,0,0,0
weak,18,Random Forest,0.3,0.7,64,0,0.59,0.19,1,0,1,1,0
weak,18,Random Forest,0.3,0.7,144,1,0.57,0.58,1,1,0,0,0
weak,18,Random Forest,0.3,0.7,157,1,0.67,0.46,1,0,1,0,1
weak,18,Random Forest,0.3,0.7,38,0,0.51,0.48,1,0,1,1,0
weak,18,Random Forest,0.3,0.7,67,0,0.32,0.16,0,0,0,0,0
weak,18,Random Forest,0.3,0.7,121,1,0.67,0.42,1,0,1,0,1
weak,18,Random Forest,0.3,0.7,6,0,0.48,0.58,0,1,1,0,1
weak,18,Random Forest,0.3,0.7,133,1,0.58,0.79,1,1,0,0,0
weak,18,Random Forest,0.3,0.7,84,0,0.59,0.68,1,1,0,0,0
weak,18,Random Forest,0.3,0.7,55,0,0.36,0.26,0,0,0,0,0
weak,18,Random Forest,0.3,0.7,177,1,0.54,0.28,1,0,1,0,1
weak,18,Random Forest,0.3,0.7,105,1,0.58,0.54,1,1,0,0,0
weak,18,Random Forest,0.3,0.7,66,0,0.52,0.69,1,1,0,0,0
weak,18,Random Forest,0.3,0.7,181,1,0.6,0.82,1,1,0,0,0
weak,18,Random Forest,0.3,0.7,170,1,0.52,0.39,1,0,1,0,1
weak,18,Random Forest,0.3,0.7,131,1,0.62,0.69,1,1,0,0,0
weak,18,Random Forest,0.3,0.7,109,1,0.41,0.74,0,1,1,1,0
weak,18,Random Forest,0.3,0.7,178,1,0.64,0.72,1,1,0,0,0
weak,18,Random Forest,0.3,0.7,41,0,0.56,0.69,1,1,0,0,0
weak,18,Random Forest,0.4,0.6,28,0,0.44,0.27,0,0,0,0,0
weak,18,Random Forest,0.4,0.6,60,0,0.42,0.56,0,1,1,0,1
weak,18,Random Forest,0.4,0.6,149,1,0.59,0.55,1,1,0,0,0
weak,18,Random Forest,0.4,0.6,64,0,0.59,0.19,1,0,1,1,0
weak,18,Random Forest,0.4,0.6,144,1,0.57,0.58,1,1,0,0,0
weak,18,Random Forest,0.4,0.6,38,0,0.51,0.48,1,0,1,1,0
weak,18,Random Forest,0.4,0.6,6,0,0.48,0.58,0,1,1,0,1
weak,18,Random Forest,0.4,0.6,133,1,0.58,0.79,1,1,0,0,0
weak,18,Random Forest,0.4,0.6,84,0,0.59,0.68,1,1,0,0,0
weak,18,Random Forest,0.4,0.6,177,1,0.54,0.28,1,0,1,0,1
weak,18,Random Forest,0.4,0.6,105,1,0.58,0.54,1,1,0,0,0
weak,18,Random Forest,0.4,0.6,66,0,0.52,0.69,1,1,0,0,0
weak,18,Random Forest,0.4,0.6,170,1,0.52,0.39,1,0,1,0,1
weak,18,Random Forest,0.4,0.6,109,1,0.41,0.74,0,1,1,1,0
weak,18,Random Forest,0.4,0.6,41,0,0.56,0.69,1,1,0,0,0
weak,18,XGBoost,0.2,0.8,28,0,0.2313874512910843,0.15775056183338165,0,0,0,0,0
weak,18,XGBoost,0.2,0.8,60,0,0.45935848355293274,0.6691471338272095,0,1,1,0,1
weak,18,XGBoost,0.2,0.8,115,1,0.5783693790435791,0.9670485854148865,1,1,0,0,0
weak,18,XGBoost,0.2,0.8,153,1,0.748572587966919,0.9602571725845337,1,1,0,0,0
weak,18,XGBoost,0.2,0.8,64,0,0.24410372972488403,0.02666892670094967,0,0,0,0,0
weak,18,XGBoost,0.2,0.8,38,0,0.6069312691688538,0.8691102862358093,1,1,0,0,0
weak,18,XGBoost,0.2,0.8,121,1,0.6569410562515259,0.4725402295589447,1,0,1,0,1
weak,18,XGBoost,0.2,0.8,6,0,0.5838689208030701,0.6245334148406982,1,1,0,0,0
weak,18,XGBoost,0.2,0.8,76,0,0.2188372164964676,0.14456695318222046,0,0,0,0,0
weak,18,XGBoost,0.2,0.8,122,1,0.26454782485961914,0.9243041276931763,0,1,1,1,0
weak,18,XGBoost,0.2,0.8,177,1,0.747339129447937,0.32398220896720886,1,0,1,0,1
weak,18,XGBoost,0.2,0.8,105,1,0.5674241781234741,0.7841247320175171,1,1,0,0,0
weak,18,XGBoost,0.2,0.8,66,0,0.6069366335868835,0.8781270384788513,1,1,0,0,0
weak,18,XGBoost,0.2,0.8,170,1,0.23069621622562408,0.08659960329532623,0,0,0,0,0
weak,18,XGBoost,0.2,0.8,131,1,0.3150210380554199,0.9306153059005737,0,1,1,1,0
weak,18,XGBoost,0.2,0.8,109,1,0.4406968355178833,0.8010188937187195,0,1,1,1,0
weak,18,XGBoost,0.2,0.8,8,0,0.35645511746406555,0.07542353868484497,0,0,0,0,0
weak,18,XGBoost,0.3,0.7,60,0,0.45935848355293274,0.6691471338272095,0,1,1,0,1
weak,18,XGBoost,0.3,0.7,115,1,0.5783693790435791,0.9670485854148865,1,1,0,0,0
weak,18,XGBoost,0.3,0.7,38,0,0.6069312691688538,0.8691102862358093,1,1,0,0,0
weak,18,XGBoost,0.3,0.7,121,1,0.6569410562515259,0.4725402295589447,1,0,1,0,1
weak,18,XGBoost,0.3,0.7,6,0,0.5838689208030701,0.6245334148406982,1,1,0,0,0
weak,18,XGBoost,0.3,0.7,105,1,0.5674241781234741,0.7841247320175171,1,1,0,0,0
weak,18,XGBoost,0.3,0.7,66,0,0.6069366335868835,0.8781270384788513,1,1,0,0,0
weak,18,XGBoost,0.3,0.7,131,1,0.3150210380554199,0.9306153059005737,0,1,1,1,0
weak,18,XGBoost,0.3,0.7,109,1,0.4406968355178833,0.8010188937187195,0,1,1,1,0
weak,18,XGBoost,0.3,0.7,8,0,0.35645511746406555,0.07542353868484497,0,0,0,0,0
weak,18,XGBoost,0.4,0.6,60,0,0.45935848355293274,0.6691471338272095,0,1,1,0,1
weak,18,XGBoost,0.4,0.6,115,1,0.5783693790435791,0.9670485854148865,1,1,0,0,0
weak,18,XGBoost,0.4,0.6,6,0,0.5838689208030701,0.6245334148406982,1,1,0,0,0
weak,18,XGBoost,0.4,0.6,105,1,0.5674241781234741,0.7841247320175171,1,1,0,0,0
weak,18,XGBoost,0.4,0.6,109,1,0.4406968355178833,0.8010188937187195,0,1,1,1,0
weak,19,Logistic Regression,0.2,0.8,9,0,0.6143667708245892,0.6166159669442508,1,1,0,0,0
weak,19,Logistic Regression,0.2,0.8,187,1,0.6988449784672501,0.9385416796202822,1,1,0,0,0
weak,19,Logistic Regression,0.2,0.8,62,0,0.2710259580938085,0.004438937165961533,0,0,0,0,0
weak,19,Logistic Regression,0.2,0.8,92,0,0.7502035333229975,0.8317118416300519,1,1,0,0,0
weak,19,Logistic Regression,0.2,0.8,150,1,0.3743099885124573,0.9878568360556995,0,1,1,1,0
weak,19,Logistic Regression,0.2,0.8,122,1,0.5133259830545807,0.9974449976740053,1,1,0,0,0
weak,19,Logistic Regression,0.2,0.8,98,0,0.2523566571803333,0.05255636160031396,0,0,0,0,0
weak,19,Logistic Regression,0.2,0.8,16,0,0.5013790877695791,0.8854618418031389,1,1,0,0,0
weak,19,Logistic Regression,0.2,0.8,68,0,0.7291959320716735,0.5891533511293359,1,1,0,0,0
weak,19,Logistic Regression,0.2,0.8,197,1,0.43931672206588335,0.9891846280216177,0,1,1,1,0
weak,19,Logistic Regression,0.2,0.8,12,0,0.45153285536567006,0.2327025115416549,0,0,0,0,0
weak,19,Logistic Regression,0.2,0.8,33,0,0.2554605143252386,0.5970620032323182,0,1,1,0,1
weak,19,Logistic Regression,0.2,0.8,157,1,0.7406545894343473,0.9072809446331023,1,1,0,0,0
weak,19,Logistic Regression,0.2,0.8,129,1,0.6875365810323597,0.954425264167195,1,1,0,0,0
weak,19,Logistic Regression,0.2,0.8,186,1,0.7556009128630216,0.9859061617688756,1,1,0,0,0
weak,19,Logistic Regression,0.2,0.8,173,1,0.358530655571679,0.9700334816898527,0,1,1,1,0
weak,19,Logistic Regression,0.2,0.8,117,1,0.754652341293209,0.9391261771273323,1,1,0,0,0
weak,19,Logistic Regression,0.2,0.8,112,1,0.6930730941388282,0.5767768961420745,1,1,0,0,0
weak,19,Logistic Regression,0.2,0.8,40,0,0.6350393644759734,0.11417452264914243,1,0,1,1,0
weak,19,Logistic Regression,0.2,0.8,141,1,0.2719425577262641,0.24966967029952372,0,0,0,0,0
weak,19,Logistic Regression,0.2,0.8,151,1,0.38975972556152655,0.49927670608540575,0,0,0,0,0
weak,19,Logistic Regression,0.2,0.8,183,1,0.5246605884328064,0.8871232437595039,1,1,0,0,0
weak,19,Logistic Regression,0.2,0.8,152,1,0.5964696504531853,0.2539960877784316,1,0,1,0,1
weak,19,Logistic Regression,0.2,0.8,3,0,0.3454382704681704,0.009013384130454835,0,0,0,0,0
weak,19,Logistic Regression,0.2,0.8,11,0,0.5571240456953288,0.14765678431303625,1,0,1,1,0
weak,19,Logistic Regression,0.2,0.8,73,0,0.6553633615274053,0.888965717217856,1,1,0,0,0
weak,19,Logistic Regression,0.2,0.8,66,0,0.5856551357000503,0.9868811301324821,1,1,0,0,0
weak,19,Logistic Regression,0.2,0.8,37,0,0.49390863256864137,0.004134930126849266,0,0,0,0,0
weak,19,Logistic Regression,0.2,0.8,165,1,0.6441297103978408,0.9340796044958249,1,1,0,0,0
weak,19,Logistic Regression,0.2,0.8,199,1,0.5397501657109073,0.684517673561971,1,1,0,0,0
weak,19,Logistic Regression,0.2,0.8,81,0,0.6054233153080588,0.1876393633228279,1,0,1,1,0
weak,19,Logistic Regression,0.2,0.8,135,1,0.5724383614254137,0.8727970861403682,1,1,0,0,0
weak,19,Logistic Regression,0.2,0.8,181,1,0.6222384815265715,0.996678170602743,1,1,0,0,0
weak,19,Logistic Regression,0.2,0.8,1,0,0.6168433841048553,0.5884124861914288,1,1,0,0,0
weak,19,Logistic Regression,0.2,0.8,50,0,0.5033266724987274,0.39099699362695234,1,0,1,1,0
weak,19,Logistic Regression,0.2,0.8,56,0,0.7224425713178125,0.5367246330299683,1,1,0,0,0
weak,19,Logistic Regression,0.2,0.8,118,1,0.38520513227330494,0.09922474137346177,0,0,0,0,0
weak,19,Logistic Regression,0.2,0.8,10,0,0.6040854237383175,0.7831520187433952,1,1,0,0,0
weak,19,Logistic Regression,0.2,0.8,143,1,0.49603043698740623,0.4931355145363104,0,0,0,0,0
weak,19,Logistic Regression,0.2,0.8,110,1,0.5762113850270575,0.8350782672598458,1,1,0,0,0
weak,19,Logistic Regression,0.2,0.8,132,1,0.7548895861287829,0.444097248896755,1,0,1,0,1
weak,19,Logistic Regression,0.2,0.8,0,0,0.46682913655334646,0.046277390428500965,0,0,0,0,0
weak,19,Logistic Regression,0.2,0.8,171,1,0.6816415898807712,0.24779222534763212,1,0,1,0,1
weak,19,Logistic Regression,0.2,0.8,134,1,0.45544654573220494,0.9853063083482021,0,1,1,1,0
weak,19,Logistic Regression,0.2,0.8,167,1,0.7728128832063236,0.922648717823516,1,1,0,0,0
weak,19,Logistic Regression,0.2,0.8,148,1,0.33641283292014074,0.27431993755186684,0,0,0,0,0
weak,19,Logistic Regression,0.2,0.8,13,0,0.44382733704048977,0.012832540331693353,0,0,0,0,0
weak,19,Logistic Regression,0.3,0.7,9,0,0.6143667708245892,0.6166159669442508,1,1,0,0,0
weak,19,Logistic Regression,0.3,0.7,187,1,0.6988449784672501,0.9385416796202822,1,1,0,0,0
weak,19,Logistic Regression,0.3,0.7,150,1,0.3743099885124573,0.9878568360556995,0,1,1,1,0
weak,19,Logistic Regression,0.3,0.7,122,1,0.5133259830545807,0.9974449976740053,1,1,0,0,0
weak,19,Logistic Regression,0.3,0.7,16,0,0.5013790877695791,0.8854618418031389,1,1,0,0,0
weak,19,Logistic Regression,0.3,0.7,197,1,0.43931672206588335,0.9891846280216177,0,1,1,1,0
weak,19,Logistic Regression,0.3,0.7,12,0,0.45153285536567006,0.2327025115416549,0,0,0,0,0
weak,19,Logistic Regression,0.3,0.7,129,1,0.6875365810323597,0.954425264167195,1,1,0,0,0
weak,19,Logistic Regression,0.3,0.7,173,1,0.358530655571679,0.9700334816898527,0,1,1,1,0
weak,19,Logistic Regression,0.3,0.7,112,1,0.6930730941388282,0.5767768961420745,1,1,0,0,0
weak,19,Logistic Regression,0.3,0.7,40,0,0.6350393644759734,0.11417452264914243,1,0,1,1,0
weak,19,Logistic Regression,0.3,0.7,151,1,0.38975972556152655,0.49927670608540575,0,0,0,0,0
weak,19,Logistic Regression,0.3,0.7,183,1,0.5246605884328064,0.8871232437595039,1,1,0,0,0
weak,19,Logistic Regression,0.3,0.7,152,1,0.5964696504531853,0.2539960877784316,1,0,1,0,1
weak,19,Logistic Regression,0.3,0.7,3,0,0.3454382704681704,0.009013384130454835,0,0,0,0,0
weak,19,Logistic Regression,0.3,0.7,11,0,0.5571240456953288,0.14765678431303625,1,0,1,1,0
weak,19,Logistic Regression,0.3,0.7,73,0,0.6553633615274053,0.888965717217856,1,1,0,0,0
weak,19,Logistic Regression,0.3,0.7,66,0,0.5856551357000503,0.9868811301324821,1,1,0,0,0
weak,19,Logistic Regression,0.3,0.7,37,0,0.49390863256864137,0.004134930126849266,0,0,0,0,0
weak,19,Logistic Regression,0.3,0.7,165,1,0.6441297103978408,0.9340796044958249,1,1,0,0,0
weak,19,Logistic Regression,0.3,0.7,199,1,0.5397501657109073,0.684517673561971,1,1,0,0,0
weak,19,Logistic Regression,0.3,0.7,81,0,0.6054233153080588,0.1876393633228279,1,0,1,1,0
weak,19,Logistic Regression,0.3,0.7,135,1,0.5724383614254137,0.8727970861403682,1,1,0,0,0
weak,19,Logistic Regression,0.3,0.7,181,1,0.6222384815265715,0.996678170602743,1,1,0,0,0
weak,19,Logistic Regression,0.3,0.7,1,0,0.6168433841048553,0.5884124861914288,1,1,0,0,0
weak,19,Logistic Regression,0.3,0.7,50,0,0.5033266724987274,0.39099699362695234,1,0,1,1,0
weak,19,Logistic Regression,0.3,0.7,118,1,0.38520513227330494,0.09922474137346177,0,0,0,0,0
weak,19,Logistic Regression,0.3,0.7,10,0,0.6040854237383175,0.7831520187433952,1,1,0,0,0
weak,19,Logistic Regression,0.3,0.7,143,1,0.49603043698740623,0.4931355145363104,0,0,0,0,0
weak,19,Logistic Regression,0.3,0.7,110,1,0.5762113850270575,0.8350782672598458,1,1,0,0,0
weak,19,Logistic Regression,0.3,0.7,0,0,0.46682913655334646,0.046277390428500965,0,0,0,0,0
weak,19,Logistic Regression,0.3,0.7,171,1,0.6816415898807712,0.24779222534763212,1,0,1,0,1
weak,19,Logistic Regression,0.3,0.7,134,1,0.45544654573220494,0.9853063083482021,0,1,1,1,0
weak,19,Logistic Regression,0.3,0.7,148,1,0.33641283292014074,0.27431993755186684,0,0,0,0,0
weak,19,Logistic Regression,0.3,0.7,13,0,0.44382733704048977,0.012832540331693353,0,0,0,0,0
weak,19,Logistic Regression,0.4,0.6,122,1,0.5133259830545807,0.9974449976740053,1,1,0,0,0
weak,19,Logistic Regression,0.4,0.6,16,0,0.5013790877695791,0.8854618418031389,1,1,0,0,0
weak,19,Logistic Regression,0.4,0.6,197,1,0.43931672206588335,0.9891846280216177,0,1,1,1,0
weak,19,Logistic Regression,0.4,0.6,12,0,0.45153285536567006,0.2327025115416549,0,0,0,0,0
weak,19,Logistic Regression,0.4,0.6,183,1,0.5246605884328064,0.8871232437595039,1,1,0,0,0
weak,19,Logistic Regression,0.4,0.6,152,1,0.5964696504531853,0.2539960877784316,1,0,1,0,1
weak,19,Logistic Regression,0.4,0.6,11,0,0.5571240456953288,0.14765678431303625,1,0,1,1,0
weak,19,Logistic Regression,0.4,0.6,66,0,0.5856551357000503,0.9868811301324821,1,1,0,0,0
weak,19,Logistic Regression,0.4,0.6,37,0,0.49390863256864137,0.004134930126849266,0,0,0,0,0
weak,19,Logistic Regression,0.4,0.6,199,1,0.5397501657109073,0.684517673561971,1,1,0,0,0
weak,19,Logistic Regression,0.4,0.6,135,1,0.5724383614254137,0.8727970861403682,1,1,0,0,0
weak,19,Logistic Regression,0.4,0.6,50,0,0.5033266724987274,0.39099699362695234,1,0,1,1,0
weak,19,Logistic Regression,0.4,0.6,143,1,0.49603043698740623,0.4931355145363104,0,0,0,0,0
weak,19,Logistic Regression,0.4,0.6,110,1,0.5762113850270575,0.8350782672598458,1,1,0,0,0
weak,19,Logistic Regression,0.4,0.6,0,0,0.46682913655334646,0.046277390428500965,0,0,0,0,0
weak,19,Logistic Regression,0.4,0.6,134,1,0.45544654573220494,0.9853063083482021,0,1,1,1,0
weak,19,Logistic Regression,0.4,0.6,13,0,0.44382733704048977,0.012832540331693353,0,0,0,0,0
weak,19,Random Forest,0.2,0.8,9,0,0.51,0.55,1,1,0,0,0
weak,19,Random Forest,0.2,0.8,187,1,0.55,0.78,1,1,0,0,0
weak,19,Random Forest,0.2,0.8,62,0,0.21,0.15,0,0,0,0,0
weak,19,Random Forest,0.2,0.8,150,1,0.63,0.8,1,1,0,0,0
weak,19,Random Forest,0.2,0.8,122,1,0.65,0.82,1,1,0,0,0
weak,19,Random Forest,0.2,0.8,41,0,0.56,0.55,1,1,0,0,0
weak,19,Random Forest,0.2,0.8,16,0,0.65,0.63,1,1,0,0,0
weak,19,Random Forest,0.2,0.8,68,0,0.68,0.59,1,1,0,0,0
weak,19,Random Forest,0.2,0.8,197,1,0.71,0.87,1,1,0,0,0
weak,19,Random Forest,0.2,0.8,12,0,0.24,0.2,0,0,0,0,0
weak,19,Random Forest,0.2,0.8,198,1,0.61,0.47,1,0,1,0,1
weak,19,Random Forest,0.2,0.8,157,1,0.78,0.67,1,1,0,0,0
weak,19,Random Forest,0.2,0.8,129,1,0.69,0.62,1,1,0,0,0
weak,19,Random Forest,0.2,0.8,18,0,0.24,0.21,0,0,0,0,0
weak,19,Random Forest,0.2,0.8,173,1,0.74,0.74,1,1,0,0,0
weak,19,Random Forest,0.2,0.8,112,1,0.76,0.57,1,1,0,0,0
weak,19,Random Forest,0.2,0.8,40,0,0.33,0.26,0,0,0,0,0
weak,19,Random Forest,0.2,0.8,87,0,0.32,0.26,0,0,0,0,0
weak,19,Random Forest,0.2,0.8,146,1,0.59,0.47,1,0,1,0,1
weak,19,Random Forest,0.2,0.8,141,1,0.66,0.68,1,1,0,0,0
weak,19,Random Forest,0.2,0.8,151,1,0.71,0.58,1,1,0,0,0
weak,19,Random Forest,0.2,0.8,183,1,0.74,0.67,1,1,0,0,0
weak,19,Random Forest,0.2,0.8,152,1,0.71,0.64,1,1,0,0,0
weak,19,Random Forest,0.2,0.8,3,0,0.21,0.1,0,0,0,0,0
weak,19,Random Forest,0.2,0.8,73,0,0.31,0.29,0,0,0,0,0
weak,19,Random Forest,0.2,0.8,66,0,0.45,0.8,0,1,1,0,1
weak,19,Random Forest,0.2,0.8,37,0,0.53,0.27,1,0,1,1,0
weak,19,Random Forest,0.2,0.8,165,1,0.56,0.65,1,1,0,0,0
weak,19,Random Forest,0.2,0.8,109,1,0.48,0.67,0,1,1,1,0
weak,19,Random Forest,0.2,0.8,199,1,0.62,0.67,1,1,0,0,0
weak,19,Random Forest,0.2,0.8,135,1,0.79,0.82,1,1,0,0,0
weak,19,Random Forest,0.2,0.8,1,0,0.58,0.51,1,1,0,0,0
weak,19,Random Forest,0.2,0.8,56,0,0.73,0.66,1,1,0,0,0
weak,19,Random Forest,0.2,0.8,118,1,0.72,0.57,1,1,0,0,0
weak,19,Random Forest,0.2,0.8,143,1,0.58,0.66,1,1,0,0,0
weak,19,Random Forest,0.2,0.8,5,0,0.42,0.36,0,0,0,0,0
weak,19,Random Forest,0.2,0.8,110,1,0.7,0.71,1,1,0,0,0
weak,19,Random Forest,0.2,0.8,132,1,0.74,0.58,1,1,0,0,0
weak,19,Random Forest,0.2,0.8,171,1,0.76,0.69,1,1,0,0,0
weak,19,Random Forest,0.2,0.8,61,0,0.22,0.17,0,0,0,0,0
weak,19,Random Forest,0.2,0.8,134,1,0.63,0.85,1,1,0,0,0
weak,19,Random Forest,0.2,0.8,97,0,0.31,0.24,0,0,0,0,0
weak,19,Random Forest,0.2,0.8,148,1,0.61,0.58,1,1,0,0,0
weak,19,Random Forest,0.2,0.8,13,0,0.31,0.24,0,0,0,0,0
weak,19,Random Forest,0.3,0.7,9,0,0.51,0.55,1,1,0,0,0
weak,19,Random Forest,0.3,0.7,187,1,0.55,0.78,1,1,0,0,0
weak,19,Random Forest,0.3,0.7,150,1,0.63,0.8,1,1,0,0,0
weak,19,Random Forest,0.3,0.7,122,1,0.65,0.82,1,1,0,0,0
weak,19,Random Forest,0.3,0.7,41,0,0.56,0.55,1,1,0,0,0
weak,19,Random Forest,0.3,0.7,16,0,0.65,0.63,1,1,0,0,0
weak,19,Random Forest,0.3,0.7,68,0,0.68,0.59,1,1,0,0,0
weak,19,Random Forest,0.3,0.7,198,1,0.61,0.47,1,0,1,0,1
weak,19,Random Forest,0.3,0.7,129,1,0.69,0.62,1,1,0,0,0
weak,19,Random Forest,0.3,0.7,40,0,0.33,0.26,0,0,0,0,0
weak,19,Random Forest,0.3,0.7,87,0,0.32,0.26,0,0,0,0,0
weak,19,Random Forest,0.3,0.7,146,1,0.59,0.47,1,0,1,0,1
weak,19,Random Forest,0.3,0.7,141,1,0.66,0.68,1,1,0,0,0
weak,19,Random Forest,0.3,0.7,73,0,0.31,0.29,0,0,0,0,0
weak,19,Random Forest,0.3,0.7,66,0,0.45,0.8,0,1,1,0,1
weak,19,Random Forest,0.3,0.7,37,0,0.53,0.27,1,0,1,1,0
weak,19,Random Forest,0.3,0.7,165,1,0.56,0.65,1,1,0,0,0
weak,19,Random Forest,0.3,0.7,109,1,0.48,0.67,0,1,1,1,0
weak,19,Random Forest,0.3,0.7,199,1,0.62,0.67,1,1,0,0,0
weak,19,Random Forest,0.3,0.7,1,0,0.58,0.51,1,1,0,0,0
weak,19,Random Forest,0.3,0.7,143,1,0.58,0.66,1,1,0,0,0
weak,19,Random Forest,0.3,0.7,5,0,0.42,0.36,0,0,0,0,0
weak,19,Random Forest,0.3,0.7,134,1,0.63,0.85,1,1,0,0,0
weak,19,Random Forest,0.3,0.7,97,0,0.31,0.24,0,0,0,0,0
weak,19,Random Forest,0.3,0.7,148,1,0.61,0.58,1,1,0,0,0
weak,19,Random Forest,0.3,0.7,13,0,0.31,0.24,0,0,0,0,0
weak,19,Random Forest,0.4,0.6,9,0,0.51,0.55,1,1,0,0,0
weak,19,Random Forest,0.4,0.6,187,1,0.55,0.78,1,1,0,0,0
weak,19,Random Forest,0.4,0.6,41,0,0.56,0.55,1,1,0,0,0
weak,19,Random Forest,0.4,0.6,146,1,0.59,0.47,1,0,1,0,1
weak,19,Random Forest,0.4,0.6,66,0,0.45,0.8,0,1,1,0,1
weak,19,Random Forest,0.4,0.6,37,0,0.53,0.27,1,0,1,1,0
weak,19,Random Forest,0.4,0.6,165,1,0.56,0.65,1,1,0,0,0
weak,19,Random Forest,0.4,0.6,109,1,0.48,0.67,0,1,1,1,0
weak,19,Random Forest,0.4,0.6,1,0,0.58,0.51,1,1,0,0,0
weak,19,Random Forest,0.4,0.6,143,1,0.58,0.66,1,1,0,0,0
weak,19,Random Forest,0.4,0.6,5,0,0.42,0.36,0,0,0,0,0
weak,19,XGBoost,0.2,0.8,9,0,0.6446854472160339,0.6174613237380981,1,1,0,0,0
weak,19,XGBoost,0.2,0.8,187,1,0.39702486991882324,0.7785897254943848,0,1,1,1,0
weak,19,XGBoost,0.2,0.8,122,1,0.7410699725151062,0.9304240345954895,1,1,0,0,0
weak,19,XGBoost,0.2,0.8,41,0,0.6767029762268066,0.7600976824760437,1,1,0,0,0
weak,19,XGBoost,0.2,0.8,68,0,0.6225133538246155,0.2354031503200531,1,0,1,1,0
weak,19,XGBoost,0.2,0.8,197,1,0.6858561038970947,0.9349901080131531,1,1,0,0,0
weak,19,XGBoost,0.2,0.8,129,1,0.6275806427001953,0.6176135540008545,1,1,0,0,0
weak,19,XGBoost,0.2,0.8,173,1,0.7600821852684021,0.6182460784912109,1,1,0,0,0
weak,19,XGBoost,0.2,0.8,141,1,0.6587712168693542,0.8434682488441467,1,1,0,0,0
weak,19,XGBoost,0.2,0.8,66,0,0.7583343982696533,0.9168438911437988,1,1,0,0,0
weak,19,XGBoost,0.2,0.8,37,0,0.545211911201477,0.13442498445510864,1,0,1,1,0
weak,19,XGBoost,0.2,0.8,165,1,0.6629313230514526,0.6448163390159607,1,1,0,0,0
weak,19,XGBoost,0.2,0.8,109,1,0.31141355633735657,0.8545626997947693,0,1,1,1,0
weak,19,XGBoost,0.2,0.8,1,0,0.6173072457313538,0.4575105607509613,1,0,1,1,0
weak,19,XGBoost,0.2,0.8,56,0,0.7395362257957458,0.7539877891540527,1,1,0,0,0
weak,19,XGBoost,0.2,0.8,143,1,0.6488802433013916,0.7341537475585938,1,1,0,0,0
weak,19,XGBoost,0.2,0.8,5,0,0.4244033992290497,0.30155059695243835,0,0,0,0,0
weak,19,XGBoost,0.2,0.8,148,1,0.7720162868499756,0.782139003276825,1,1,0,0,0
weak,19,XGBoost,0.3,0.7,9,0,0.6446854472160339,0.6174613237380981,1,1,0,0,0
weak,19,XGBoost,0.3,0.7,187,1,0.39702486991882324,0.7785897254943848,0,1,1,1,0
weak,19,XGBoost,0.3,0.7,41,0,0.6767029762268066,0.7600976824760437,1,1,0,0,0
weak,19,XGBoost,0.3,0.7,68,0,0.6225133538246155,0.2354031503200531,1,0,1,1,0
weak,19,XGBoost,0.3,0.7,197,1,0.6858561038970947,0.9349901080131531,1,1,0,0,0
weak,19,XGBoost,0.3,0.7,129,1,0.6275806427001953,0.6176135540008545,1,1,0,0,0
weak,19,XGBoost,0.3,0.7,141,1,0.6587712168693542,0.8434682488441467,1,1,0,0,0
weak,19,XGBoost,0.3,0.7,37,0,0.545211911201477,0.13442498445510864,1,0,1,1,0
weak,19,XGBoost,0.3,0.7,165,1,0.6629313230514526,0.6448163390159607,1,1,0,0,0
weak,19,XGBoost,0.3,0.7,109,1,0.31141355633735657,0.8545626997947693,0,1,1,1,0
weak,19,XGBoost,0.3,0.7,1,0,0.6173072457313538,0.4575105607509613,1,0,1,1,0
weak,19,XGBoost,0.3,0.7,143,1,0.6488802433013916,0.7341537475585938,1,1,0,0,0
weak,19,XGBoost,0.3,0.7,5,0,0.4244033992290497,0.30155059695243835,0,0,0,0,0
weak,19,XGBoost,0.4,0.6,37,0,0.545211911201477,0.13442498445510864,1,0,1,1,0
weak,19,XGBoost,0.4,0.6,5,0,0.4244033992290497,0.30155059695243835,0,0,0,0,0
weak,20,Logistic Regression,0.2,0.8,4,0,0.2887511661324025,0.2326579252091849,0,0,0,0,0
weak,20,Logistic Regression,0.2,0.8,191,1,0.49260910495729954,0.9762024551733596,0,1,1,1,0
weak,20,Logistic Regression,0.2,0.8,69,0,0.626243061832986,0.9596800941221381,1,1,0,0,0
weak,20,Logistic Regression,0.2,0.8,171,1,0.5951572275534188,0.07915842113057564,1,0,1,0,1
weak,20,Logistic Regression,0.2,0.8,185,1,0.6062647835630228,0.8965381365835966,1,1,0,0,0
weak,20,Logistic Regression,0.2,0.8,66,0,0.6866906852596978,0.9739094007784,1,1,0,0,0
weak,20,Logistic Regression,0.2,0.8,64,0,0.5260056760372034,0.05957653677984431,1,0,1,1,0
weak,20,Logistic Regression,0.2,0.8,153,1,0.6717509714305965,0.7973275005170503,1,1,0,0,0
weak,20,Logistic Regression,0.2,0.8,145,1,0.42270268268829353,0.0623375547883915,0,0,0,0,0
weak,20,Logistic Regression,0.2,0.8,88,0,0.604504962371148,0.2876601528686453,1,0,1,1,0
weak,20,Logistic Regression,0.2,0.8,2,0,0.6778238752484981,0.016551625984483422,1,0,1,1,0
weak,20,Logistic Regression,0.2,0.8,150,1,0.37215510280278047,0.9961821242488745,0,1,1,1,0
weak,20,Logistic Regression,0.2,0.8,90,0,0.2886317480074056,0.005254753656849093,0,0,0,0,0
weak,20,Logistic Regression,0.2,0.8,148,1,0.47801038409253005,0.3215150453737525,0,0,0,0,0
weak,20,Logistic Regression,0.2,0.8,137,1,0.5414700959266681,0.908463103244194,1,1,0,0,0
weak,20,Logistic Regression,0.2,0.8,19,0,0.6207203860614208,0.18961227068489678,1,0,1,1,0
weak,20,Logistic Regression,0.2,0.8,158,1,0.2965480992097396,0.8082084239574054,0,1,1,1,0
weak,20,Logistic Regression,0.2,0.8,131,1,0.7084232050737105,0.9058279541276384,1,1,0,0,0
weak,20,Logistic Regression,0.2,0.8,190,1,0.31168123157706473,0.46748406347910293,0,0,0,0,0
weak,20,Logistic Regression,0.2,0.8,85,0,0.2581583643512523,0.14627183658970322,0,0,0,0,0
weak,20,Logistic Regression,0.2,0.8,172,1,0.605448108855655,0.6807046893789829,1,1,0,0,0
weak,20,Logistic Regression,0.2,0.8,195,1,0.7960604888597201,0.9622474612794053,1,1,0,0,0
weak,20,Logistic Regression,0.2,0.8,196,1,0.534246726182768,0.4903454581162214,1,0,1,0,1
weak,20,Logistic Regression,0.2,0.8,75,0,0.6533734081059754,0.059597812255890545,1,0,1,1,0
weak,20,Logistic Regression,0.2,0.8,18,0,0.38937499065479525,0.06673849967221468,0,0,0,0,0
weak,20,Logistic Regression,0.2,0.8,161,1,0.4124739499102335,0.5244872829453666,0,1,1,1,0
weak,20,Logistic Regression,0.2,0.8,117,1,0.5591270509465066,0.8534858280430052,1,1,0,0,0
weak,20,Logistic Regression,0.2,0.8,79,0,0.7229660512054544,0.6682391120659068,1,1,0,0,0
weak,20,Logistic Regression,0.2,0.8,170,1,0.5639116538899795,0.11542443692587069,1,0,1,0,1
weak,20,Logistic Regression,0.2,0.8,104,1,0.7405815688403794,0.9738363821862482,1,1,0,0,0
weak,20,Logistic Regression,0.2,0.8,41,0,0.339626881683096,0.21717820637430155,0,0,0,0,0
weak,20,Logistic Regression,0.2,0.8,133,1,0.6995940912056107,0.9828470126843963,1,1,0,0,0
weak,20,Logistic Regression,0.2,0.8,95,0,0.33663629498168557,0.07293306756197708,0,0,0,0,0
weak,20,Logistic Regression,0.2,0.8,43,0,0.4775632310338552,0.031856842796619024,0,0,0,0,0
weak,20,Logistic Regression,0.2,0.8,199,1,0.5082956583802976,0.46994724409042743,1,0,1,0,1
weak,20,Logistic Regression,0.2,0.8,20,0,0.7570132091549279,0.5161395692202904,1,1,0,0,0
weak,20,Logistic Regression,0.2,0.8,39,0,0.3590188419202031,0.1075070114415631,0,0,0,0,0
weak,20,Logistic Regression,0.2,0.8,98,0,0.24058873785380344,0.08215271742527448,0,0,0,0,0
weak,20,Logistic Regression,0.2,0.8,129,1,0.5866026813801879,0.8925964964212832,1,1,0,0,0
weak,20,Logistic Regression,0.2,0.8,181,1,0.4874802669971774,0.9711952265309982,0,1,1,1,0
weak,20,Logistic Regression,0.2,0.8,55,0,0.2603696257041599,0.782829549636923,0,1,1,0,1
weak,20,Logistic Regression,0.2,0.8,113,1,0.3250842790229595,0.9486266773909519,0,1,1,1,0
weak,20,Logistic Regression,0.2,0.8,56,0,0.6699741824572615,0.07238178117093723,1,0,1,1,0
weak,20,Logistic Regression,0.2,0.8,134,1,0.39259471712034133,0.9649286069057363,0,1,1,1,0
weak,20,Logistic Regression,0.2,0.8,91,0,0.5218056950690292,0.025668942447400832,1,0,1,1,0
weak,20,Logistic Regression,0.2,0.8,53,0,0.4399674865230166,0.098085361345591,0,0,0,0,0
weak,20,Logistic Regression,0.2,0.8,108,1,0.7205766548143974,0.5319526215409424,1,1,0,0,0
weak,20,Logistic Regression,0.2,0.8,126,1,0.5835089816906348,0.9465595822246262,1,1,0,0,0
weak,20,Logistic Regression,0.2,0.8,143,1,0.6034942163038287,0.6091463756489567,1,1,0,0,0
weak,20,Logistic Regression,0.2,0.8,135,1,0.6093570458806982,0.796420517527338,1,1,0,0,0
weak,20,Logistic Regression,0.2,0.8,97,0,0.7875090350761287,0.7679107217586929,1,1,0,0,0
weak,20,Logistic Regression,0.3,0.7,191,1,0.49260910495729954,0.9762024551733596,0,1,1,1,0
weak,20,Logistic Regression,0.3,0.7,69,0,0.626243061832986,0.9596800941221381,1,1,0,0,0
weak,20,Logistic Regression,0.3,0.7,171,1,0.5951572275534188,0.07915842113057564,1,0,1,0,1
weak,20,Logistic Regression,0.3,0.7,185,1,0.6062647835630228,0.8965381365835966,1,1,0,0,0
weak,20,Logistic Regression,0.3,0.7,66,0,0.6866906852596978,0.9739094007784,1,1,0,0,0
weak,20,Logistic Regression,0.3,0.7,64,0,0.5260056760372034,0.05957653677984431,1,0,1,1,0
weak,20,Logistic Regression,0.3,0.7,153,1,0.6717509714305965,0.7973275005170503,1,1,0,0,0
weak,20,Logistic Regression,0.3,0.7,145,1,0.42270268268829353,0.0623375547883915,0,0,0,0,0
weak,20,Logistic Regression,0.3,0.7,88,0,0.604504962371148,0.2876601528686453,1,0,1,1,0
weak,20,Logistic Regression,0.3,0.7,2,0,0.6778238752484981,0.016551625984483422,1,0,1,1,0
weak,20,Logistic Regression,0.3,0.7,150,1,0.37215510280278047,0.9961821242488745,0,1,1,1,0
weak,20,Logistic Regression,0.3,0.7,148,1,0.47801038409253005,0.3215150453737525,0,0,0,0,0
weak,20,Logistic Regression,0.3,0.7,137,1,0.5414700959266681,0.908463103244194,1,1,0,0,0
weak,20,Logistic Regression,0.3,0.7,19,0,0.6207203860614208,0.18961227068489678,1,0,1,1,0
weak,20,Logistic Regression,0.3,0.7,190,1,0.31168123157706473,0.46748406347910293,0,0,0,0,0
weak,20,Logistic Regression,0.3,0.7,172,1,0.605448108855655,0.6807046893789829,1,1,0,0,0
weak,20,Logistic Regression,0.3,0.7,196,1,0.534246726182768,0.4903454581162214,1,0,1,0,1
weak,20,Logistic Regression,0.3,0.7,75,0,0.6533734081059754,0.059597812255890545,1,0,1,1,0
weak,20,Logistic Regression,0.3,0.7,18,0,0.38937499065479525,0.06673849967221468,0,0,0,0,0
weak,20,Logistic Regression,0.3,0.7,161,1,0.4124739499102335,0.5244872829453666,0,1,1,1,0
weak,20,Logistic Regression,0.3,0.7,117,1,0.5591270509465066,0.8534858280430052,1,1,0,0,0
weak,20,Logistic Regression,0.3,0.7,170,1,0.5639116538899795,0.11542443692587069,1,0,1,0,1
weak,20,Logistic Regression,0.3,0.7,41,0,0.339626881683096,0.21717820637430155,0,0,0,0,0
weak,20,Logistic Regression,0.3,0.7,133,1,0.6995940912056107,0.9828470126843963,1,1,0,0,0
weak,20,Logistic Regression,0.3,0.7,95,0,0.33663629498168557,0.07293306756197708,0,0,0,0,0
weak,20,Logistic Regression,0.3,0.7,43,0,0.4775632310338552,0.031856842796619024,0,0,0,0,0
weak,20,Logistic Regression,0.3,0.7,199,1,0.5082956583802976,0.46994724409042743,1,0,1,0,1
weak,20,Logistic Regression,0.3,0.7,39,0,0.3590188419202031,0.1075070114415631,0,0,0,0,0
weak,20,Logistic Regression,0.3,0.7,129,1,0.5866026813801879,0.8925964964212832,1,1,0,0,0
weak,20,Logistic Regression,0.3,0.7,181,1,0.4874802669971774,0.9711952265309982,0,1,1,1,0
weak,20,Logistic Regression,0.3,0.7,113,1,0.3250842790229595,0.9486266773909519,0,1,1,1,0
weak,20,Logistic Regression,0.3,0.7,56,0,0.6699741824572615,0.07238178117093723,1,0,1,1,0
weak,20,Logistic Regression,0.3,0.7,134,1,0.39259471712034133,0.9649286069057363,0,1,1,1,0
weak,20,Logistic Regression,0.3,0.7,91,0,0.5218056950690292,0.025668942447400832,1,0,1,1,0
weak,20,Logistic Regression,0.3,0.7,53,0,0.4399674865230166,0.098085361345591,0,0,0,0,0
weak,20,Logistic Regression,0.3,0.7,126,1,0.5835089816906348,0.9465595822246262,1,1,0,0,0
weak,20,Logistic Regression,0.3,0.7,143,1,0.6034942163038287,0.6091463756489567,1,1,0,0,0
weak,20,Logistic Regression,0.3,0.7,135,1,0.6093570458806982,0.796420517527338,1,1,0,0,0
weak,20,Logistic Regression,0.4,0.6,191,1,0.49260910495729954,0.9762024551733596,0,1,1,1,0
weak,20,Logistic Regression,0.4,0.6,171,1,0.5951572275534188,0.07915842113057564,1,0,1,0,1
weak,20,Logistic Regression,0.4,0.6,64,0,0.5260056760372034,0.05957653677984431,1,0,1,1,0
weak,20,Logistic Regression,0.4,0.6,145,1,0.42270268268829353,0.0623375547883915,0,0,0,0,0
weak,20,Logistic Regression,0.4,0.6,148,1,0.47801038409253005,0.3215150453737525,0,0,0,0,0
weak,20,Logistic Regression,0.4,0.6,137,1,0.5414700959266681,0.908463103244194,1,1,0,0,0
weak,20,Logistic Regression,0.4,0.6,196,1,0.534246726182768,0.4903454581162214,1,0,1,0,1
weak,20,Logistic Regression,0.4,0.6,161,1,0.4124739499102335,0.5244872829453666,0,1,1,1,0
weak,20,Logistic Regression,0.4,0.6,117,1,0.5591270509465066,0.8534858280430052,1,1,0,0,0
weak,20,Logistic Regression,0.4,0.6,170,1,0.5639116538899795,0.11542443692587069,1,0,1,0,1
weak,20,Logistic Regression,0.4,0.6,43,0,0.4775632310338552,0.031856842796619024,0,0,0,0,0
weak,20,Logistic Regression,0.4,0.6,199,1,0.5082956583802976,0.46994724409042743,1,0,1,0,1
weak,20,Logistic Regression,0.4,0.6,129,1,0.5866026813801879,0.8925964964212832,1,1,0,0,0
weak,20,Logistic Regression,0.4,0.6,181,1,0.4874802669971774,0.9711952265309982,0,1,1,1,0
weak,20,Logistic Regression,0.4,0.6,91,0,0.5218056950690292,0.025668942447400832,1,0,1,1,0
weak,20,Logistic Regression,0.4,0.6,53,0,0.4399674865230166,0.098085361345591,0,0,0,0,0
weak,20,Logistic Regression,0.4,0.6,126,1,0.5835089816906348,0.9465595822246262,1,1,0,0,0
weak,20,Random Forest,0.2,0.8,4,0,0.23,0.23,0,0,0,0,0
weak,20,Random Forest,0.2,0.8,69,0,0.36,0.36,0,0,0,0,0
weak,20,Random Forest,0.2,0.8,66,0,0.53,0.58,1,1,0,0,0
weak,20,Random Forest,0.2,0.8,64,0,0.41,0.28,0,0,0,0,0
weak,20,Random Forest,0.2,0.8,153,1,0.55,0.67,1,1,0,0,0
weak,20,Random Forest,0.2,0.8,88,0,0.63,0.45,1,0,1,1,0
weak,20,Random Forest,0.2,0.8,2,0,0.25,0.24,0,0,0,0,0
weak,20,Random Forest,0.2,0.8,150,1,0.71,0.8,1,1,0,0,0
weak,20,Random Forest,0.2,0.8,148,1,0.57,0.52,1,1,0,0,0
weak,20,Random Forest,0.2,0.8,137,1,0.69,0.79,1,1,0,0,0
weak,20,Random Forest,0.2,0.8,158,1,0.5,0.6,1,1,0,0,0
weak,20,Random Forest,0.2,0.8,131,1,0.69,0.73,1,1,0,0,0
weak,20,Random Forest,0.2,0.8,198,1,0.55,0.42,1,0,1,0,1
weak,20,Random Forest,0.2,0.8,172,1,0.77,0.75,1,1,0,0,0
weak,20,Random Forest,0.2,0.8,195,1,0.65,0.67,1,1,0,0,0
weak,20,Random Forest,0.2,0.8,196,1,0.7,0.7,1,1,0,0,0
weak,20,Random Forest,0.2,0.8,75,0,0.67,0.5,1,1,0,0,0
weak,20,Random Forest,0.2,0.8,18,0,0.22,0.24,0,0,0,0,0
weak,20,Random Forest,0.2,0.8,161,1,0.69,0.77,1,1,0,0,0
weak,20,Random Forest,0.2,0.8,117,1,0.66,0.8,1,1,0,0,0
weak,20,Random Forest,0.2,0.8,79,0,0.64,0.61,1,1,0,0,0
weak,20,Random Forest,0.2,0.8,170,1,0.53,0.44,1,0,1,0,1
weak,20,Random Forest,0.2,0.8,104,1,0.74,0.82,1,1,0,0,0
weak,20,Random Forest,0.2,0.8,41,0,0.48,0.55,0,1,1,0,1
weak,20,Random Forest,0.2,0.8,133,1,0.43,0.68,0,1,1,1,0
weak,20,Random Forest,0.2,0.8,43,0,0.3,0.19,0,0,0,0,0
weak,20,Random Forest,0.2,0.8,199,1,0.56,0.61,1,1,0,0,0
weak,20,Random Forest,0.2,0.8,20,0,0.31,0.41,0,0,0,0,0
weak,20,Random Forest,0.2,0.8,98,0,0.31,0.26,0,0,0,0,0
weak,20,Random Forest,0.2,0.8,129,1,0.69,0.61,1,1,0,0,0
weak,20,Random Forest,0.2,0.8,181,1,0.75,0.86,1,1,0,0,0
weak,20,Random Forest,0.2,0.8,113,1,0.51,0.77,1,1,0,0,0
weak,20,Random Forest,0.2,0.8,134,1,0.69,0.84,1,1,0,0,0
weak,20,Random Forest,0.2,0.8,91,0,0.62,0.33,1,0,1,1,0
weak,20,Random Forest,0.2,0.8,143,1,0.7,0.58,1,1,0,0,0
weak,20,Random Forest,0.2,0.8,97,0,0.23,0.29,0,0,0,0,0
weak,20,Random Forest,0.3,0.7,69,0,0.36,0.36,0,0,0,0,0
weak,20,Random Forest,0.3,0.7,66,0,0.53,0.58,1,1,0,0,0
weak,20,Random Forest,0.3,0.7,64,0,0.41,0.28,0,0,0,0,0
weak,20,Random Forest,0.3,0.7,153,1,0.55,0.67,1,1,0,0,0
weak,20,Random Forest,0.3,0.7,88,0,0.63,0.45,1,0,1,1,0
weak,20,Random Forest,0.3,0.7,148,1,0.57,0.52,1,1,0,0,0
weak,20,Random Forest,0.3,0.7,137,1,0.69,0.79,1,1,0,0,0
weak,20,Random Forest,0.3,0.7,158,1,0.5,0.6,1,1,0,0,0
weak,20,Random Forest,0.3,0.7,131,1,0.69,0.73,1,1,0,0,0
weak,20,Random Forest,0.3,0.7,198,1,0.55,0.42,1,0,1,0,1
weak,20,Random Forest,0.3,0.7,195,1,0.65,0.67,1,1,0,0,0
weak,20,Random Forest,0.3,0.7,75,0,0.67,0.5,1,1,0,0,0
weak,20,Random Forest,0.3,0.7,161,1,0.69,0.77,1,1,0,0,0
weak,20,Random Forest,0.3,0.7,117,1,0.66,0.8,1,1,0,0,0
weak,20,Random Forest,0.3,0.7,79,0,0.64,0.61,1,1,0,0,0
weak,20,Random Forest,0.3,0.7,170,1,0.53,0.44,1,0,1,0,1
weak,20,Random Forest,0.3,0.7,41,0,0.48,0.55,0,1,1,0,1
weak,20,Random Forest,0.3,0.7,133,1,0.43,0.68,0,1,1,1,0
weak,20,Random Forest,0.3,0.7,199,1,0.56,0.61,1,1,0,0,0
weak,20,Random Forest,0.3,0.7,20,0,0.31,0.41,0,0,0,0,0
weak,20,Random Forest,0.3,0.7,98,0,0.31,0.26,0,0,0,0,0
weak,20,Random Forest,0.3,0.7,129,1,0.69,0.61,1,1,0,0,0
weak,20,Random Forest,0.3,0.7,113,1,0.51,0.77,1,1,0,0,0
weak,20,Random Forest,0.3,0.7,134,1,0.69,0.84,1,1,0,0,0
weak,20,Random Forest,0.3,0.7,91,0,0.62,0.33,1,0,1,1,0
weak,20,Random Forest,0.4,0.6,66,0,0.53,0.58,1,1,0,0,0
weak,20,Random Forest,0.4,0.6,64,0,0.41,0.28,0,0,0,0,0
weak,20,Random Forest,0.4,0.6,153,1,0.55,0.67,1,1,0,0,0
weak,20,Random Forest,0.4,0.6,148,1,0.57,0.52,1,1,0,0,0
weak,20,Random Forest,0.4,0.6,158,1,0.5,0.6,1,1,0,0,0
weak,20,Random Forest,0.4,0.6,198,1,0.55,0.42,1,0,1,0,1
weak,20,Random Forest,0.4,0.6,170,1,0.53,0.44,1,0,1,0,1
weak,20,Random Forest,0.4,0.6,41,0,0.48,0.55,0,1,1,0,1
weak,20,Random Forest,0.4,0.6,133,1,0.43,0.68,0,1,1,1,0
weak,20,Random Forest,0.4,0.6,199,1,0.56,0.61,1,1,0,0,0
weak,20,Random Forest,0.4,0.6,113,1,0.51,0.77,1,1,0,0,0
weak,20,XGBoost,0.2,0.8,4,0,0.4274868071079254,0.462166428565979,0,0,0,0,0
weak,20,XGBoost,0.2,0.8,66,0,0.6097694635391235,0.9462454915046692,1,1,0,0,0
weak,20,XGBoost,0.2,0.8,64,0,0.3679922819137573,0.18553607165813446,0,0,0,0,0
weak,20,XGBoost,0.2,0.8,150,1,0.6728771924972534,0.9837783575057983,1,1,0,0,0
weak,20,XGBoost,0.2,0.8,148,1,0.3436945974826813,0.5639454126358032,0,1,1,1,0
weak,20,XGBoost,0.2,0.8,158,1,0.384555459022522,0.7261607646942139,0,1,1,1,0
weak,20,XGBoost,0.2,0.8,79,0,0.5041830539703369,0.8657044172286987,1,1,0,0,0
weak,20,XGBoost,0.2,0.8,170,1,0.23514585196971893,0.17385078966617584,0,0,0,0,0
weak,20,XGBoost,0.2,0.8,104,1,0.4060230255126953,0.8685482144355774,0,1,1,1,0
weak,20,XGBoost,0.2,0.8,41,0,0.4641152322292328,0.30172815918922424,0,0,0,0,0
weak,20,XGBoost,0.2,0.8,133,1,0.764273464679718,0.9585101008415222,1,1,0,0,0
weak,20,XGBoost,0.2,0.8,199,1,0.6387937068939209,0.687601625919342,1,1,0,0,0
weak,20,XGBoost,0.2,0.8,129,1,0.5490995049476624,0.3121492266654968,1,0,1,0,1
weak,20,XGBoost,0.2,0.8,113,1,0.6679028868675232,0.9802347421646118,1,1,0,0,0
weak,20,XGBoost,0.2,0.8,134,1,0.47353285551071167,0.6659300923347473,0,1,1,1,0
weak,20,XGBoost,0.2,0.8,143,1,0.7523297071456909,0.8427432179450989,1,1,0,0,0
weak,20,XGBoost,0.3,0.7,4,0,0.4274868071079254,0.462166428565979,0,0,0,0,0
weak,20,XGBoost,0.3,0.7,66,0,0.6097694635391235,0.9462454915046692,1,1,0,0,0
weak,20,XGBoost,0.3,0.7,64,0,0.3679922819137573,0.18553607165813446,0,0,0,0,0
weak,20,XGBoost,0.3,0.7,150,1,0.6728771924972534,0.9837783575057983,1,1,0,0,0
weak,20,XGBoost,0.3,0.7,148,1,0.3436945974826813,0.5639454126358032,0,1,1,1,0
weak,20,XGBoost,0.3,0.7,158,1,0.384555459022522,0.7261607646942139,0,1,1,1,0
weak,20,XGBoost,0.3,0.7,79,0,0.5041830539703369,0.8657044172286987,1,1,0,0,0
weak,20,XGBoost,0.3,0.7,104,1,0.4060230255126953,0.8685482144355774,0,1,1,1,0
weak,20,XGBoost,0.3,0.7,41,0,0.4641152322292328,0.30172815918922424,0,0,0,0,0
weak,20,XGBoost,0.3,0.7,199,1,0.6387937068939209,0.687601625919342,1,1,0,0,0
weak,20,XGBoost,0.3,0.7,129,1,0.5490995049476624,0.3121492266654968,1,0,1,0,1
weak,20,XGBoost,0.3,0.7,113,1,0.6679028868675232,0.9802347421646118,1,1,0,0,0
weak,20,XGBoost,0.3,0.7,134,1,0.47353285551071167,0.6659300923347473,0,1,1,1,0
weak,20,XGBoost,0.4,0.6,4,0,0.4274868071079254,0.462166428565979,0,0,0,0,0
weak,20,XGBoost,0.4,0.6,79,0,0.5041830539703369,0.8657044172286987,1,1,0,0,0
weak,20,XGBoost,0.4,0.6,104,1,0.4060230255126953,0.8685482144355774,0,1,1,1,0
weak,20,XGBoost,0.4,0.6,41,0,0.4641152322292328,0.30172815918922424,0,0,0,0,0
weak,20,XGBoost,0.4,0.6,129,1,0.5490995049476624,0.3121492266654968,1,0,1,0,1
weak,20,XGBoost,0.4,0.6,134,1,0.47353285551071167,0.6659300923347473,0,1,1,1,0
weak,21,Logistic Regression,0.2,0.8,91,0,0.4066394419095857,0.01417219024368197,0,0,0,0,0
weak,21,Logistic Regression,0.2,0.8,136,1,0.33242292974710685,0.02427498212729404,0,0,0,0,0
weak,21,Logistic Regression,0.2,0.8,154,1,0.6618692975664117,0.8140923508817345,1,1,0,0,0
weak,21,Logistic Regression,0.2,0.8,71,0,0.4597980247701321,0.049404342996208495,0,0,0,0,0
weak,21,Logistic Regression,0.2,0.8,65,0,0.43283305444829934,0.13913954208436474,0,0,0,0,0
weak,21,Logistic Regression,0.2,0.8,134,1,0.4813410196361454,0.9390082296736815,0,1,1,1,0
weak,21,Logistic Regression,0.2,0.8,157,1,0.7184243735560996,0.45215494694667663,1,0,1,0,1
weak,21,Logistic Regression,0.2,0.8,15,0,0.685443387689106,0.8666938880347697,1,1,0,0,0
weak,21,Logistic Regression,0.2,0.8,73,0,0.5255310538417551,0.7738313281855584,1,1,0,0,0
weak,21,Logistic Regression,0.2,0.8,101,1,0.7786382174751025,0.9918286411721048,1,1,0,0,0
weak,21,Logistic Regression,0.2,0.8,37,0,0.5650930129179791,0.004178997316947301,1,0,1,1,0
weak,21,Logistic Regression,0.2,0.8,84,0,0.48814618434914453,0.09369111777780388,0,0,0,0,0
weak,21,Logistic Regression,0.2,0.8,183,1,0.4689946096495899,0.9064569129121937,0,1,1,1,0
weak,21,Logistic Regression,0.2,0.8,152,1,0.629196144160273,0.1753594573533702,1,0,1,0,1
weak,21,Logistic Regression,0.2,0.8,93,0,0.28605670918967624,0.6051756658669492,0,1,1,0,1
weak,21,Logistic Regression,0.2,0.8,100,1,0.735752641125108,0.9522795711406961,1,1,0,0,0
weak,21,Logistic Regression,0.2,0.8,121,1,0.49357090728054986,0.08148281496463959,0,0,0,0,0
weak,21,Logistic Regression,0.2,0.8,182,1,0.3250656326590804,0.8024716812800963,0,1,1,1,0
weak,21,Logistic Regression,0.2,0.8,35,0,0.6843805416312225,0.49136981321594875,1,0,1,1,0
weak,21,Logistic Regression,0.2,0.8,123,1,0.2413567218073002,0.9767807893887567,0,1,1,1,0
weak,21,Logistic Regression,0.2,0.8,20,0,0.7615578589396595,0.5850692968999839,1,1,0,0,0
weak,21,Logistic Regression,0.2,0.8,185,1,0.4992788007275135,0.8972499111736447,0,1,1,1,0
weak,21,Logistic Regression,0.2,0.8,97,0,0.6789259030136999,0.3177808282059602,1,0,1,1,0
weak,21,Logistic Regression,0.2,0.8,14,0,0.2091910396763043,0.004829813236807725,0,0,0,0,0
weak,21,Logistic Regression,0.2,0.8,166,1,0.7131893578243818,0.23747306873441862,1,0,1,0,1
weak,21,Logistic Regression,0.2,0.8,119,1,0.41728259513733107,0.19524143081593984,0,0,0,0,0
weak,21,Logistic Regression,0.2,0.8,102,1,0.6331802610369536,0.9273746398372332,1,1,0,0,0
weak,21,Logistic Regression,0.2,0.8,4,0,0.317232889120191,0.6966029956014818,0,1,1,0,1
weak,21,Logistic Regression,0.2,0.8,89,0,0.2144463213330662,0.0025780506477417475,0,0,0,0,0
weak,21,Logistic Regression,0.2,0.8,25,0,0.40629198218272755,0.16338874139336604,0,0,0,0,0
weak,21,Logistic Regression,0.2,0.8,175,1,0.5662775167339994,0.9646845152339844,1,1,0,0,0
weak,21,Logistic Regression,0.2,0.8,105,1,0.7459561635272577,0.428721777303485,1,0,1,0,1
weak,21,Logistic Regression,0.2,0.8,145,1,0.32439839718568003,0.04948030175531788,0,0,0,0,0
weak,21,Logistic Regression,0.2,0.8,36,0,0.2863325468724237,0.11876991820937646,0,0,0,0,0
weak,21,Logistic Regression,0.2,0.8,163,1,0.4628062667274684,0.4849365804638342,0,0,0,0,0
weak,21,Logistic Regression,0.2,0.8,83,0,0.21863217131071855,0.12111684649414091,0,0,0,0,0
weak,21,Logistic Regression,0.2,0.8,180,1,0.4231763629597158,0.5344789987168521,0,1,1,1,0
weak,21,Logistic Regression,0.2,0.8,184,1,0.6524237464711199,0.9785280117776061,1,1,0,0,0
weak,21,Logistic Regression,0.2,0.8,165,1,0.6023745328150734,0.9795281256375623,1,1,0,0,0
weak,21,Logistic Regression,0.2,0.8,2,0,0.6181814297011599,0.04993886756766756,1,0,1,1,0
weak,21,Logistic Regression,0.2,0.8,69,0,0.7365430501038941,0.9983925062893669,1,1,0,0,0
weak,21,Logistic Regression,0.2,0.8,181,1,0.44820978698851943,0.991146022618193,0,1,1,1,0
weak,21,Logistic Regression,0.2,0.8,0,0,0.246597740824109,0.021969901599314178,0,0,0,0,0
weak,21,Logistic Regression,0.2,0.8,53,0,0.2793698189500883,0.07835256495751129,0,0,0,0,0
weak,21,Logistic Regression,0.2,0.8,197,1,0.4282273155633837,0.992237354109214,0,1,1,1,0
weak,21,Logistic Regression,0.2,0.8,54,0,0.5329800991216629,0.0015405781363290127,1,0,1,1,0
weak,21,Logistic Regression,0.2,0.8,12,0,0.4057860250031495,0.10293229120854627,0,0,0,0,0
weak,21,Logistic Regression,0.2,0.8,75,0,0.6903745226351878,0.2329447807205988,1,0,1,1,0
weak,21,Logistic Regression,0.2,0.8,174,1,0.7441547014358804,0.9897953236083007,1,1,0,0,0
weak,21,Logistic Regression,0.2,0.8,125,1,0.6101046380774159,0.9945610498999455,1,1,0,0,0
weak,21,Logistic Regression,0.2,0.8,96,0,0.23863069409961798,0.020207469370738067,0,0,0,0,0
weak,21,Logistic Regression,0.3,0.7,91,0,0.4066394419095857,0.01417219024368197,0,0,0,0,0
weak,21,Logistic Regression,0.3,0.7,136,1,0.33242292974710685,0.02427498212729404,0,0,0,0,0
weak,21,Logistic Regression,0.3,0.7,154,1,0.6618692975664117,0.8140923508817345,1,1,0,0,0
weak,21,Logistic Regression,0.3,0.7,71,0,0.4597980247701321,0.049404342996208495,0,0,0,0,0
weak,21,Logistic Regression,0.3,0.7,65,0,0.43283305444829934,0.13913954208436474,0,0,0,0,0
weak,21,Logistic Regression,0.3,0.7,134,1,0.4813410196361454,0.9390082296736815,0,1,1,1,0
weak,21,Logistic Regression,0.3,0.7,15,0,0.685443387689106,0.8666938880347697,1,1,0,0,0
weak,21,Logistic Regression,0.3,0.7,73,0,0.5255310538417551,0.7738313281855584,1,1,0,0,0
weak,21,Logistic Regression,0.3,0.7,37,0,0.5650930129179791,0.004178997316947301,1,0,1,1,0
weak,21,Logistic Regression,0.3,0.7,84,0,0.48814618434914453,0.09369111777780388,0,0,0,0,0
weak,21,Logistic Regression,0.3,0.7,183,1,0.4689946096495899,0.9064569129121937,0,1,1,1,0
weak,21,Logistic Regression,0.3,0.7,152,1,0.629196144160273,0.1753594573533702,1,0,1,0,1
weak,21,Logistic Regression,0.3,0.7,121,1,0.49357090728054986,0.08148281496463959,0,0,0,0,0
weak,21,Logistic Regression,0.3,0.7,182,1,0.3250656326590804,0.8024716812800963,0,1,1,1,0
weak,21,Logistic Regression,0.3,0.7,35,0,0.6843805416312225,0.49136981321594875,1,0,1,1,0
weak,21,Logistic Regression,0.3,0.7,185,1,0.4992788007275135,0.8972499111736447,0,1,1,1,0
weak,21,Logistic Regression,0.3,0.7,97,0,0.6789259030136999,0.3177808282059602,1,0,1,1,0
weak,21,Logistic Regression,0.3,0.7,119,1,0.41728259513733107,0.19524143081593984,0,0,0,0,0
weak,21,Logistic Regression,0.3,0.7,102,1,0.6331802610369536,0.9273746398372332,1,1,0,0,0
weak,21,Logistic Regression,0.3,0.7,4,0,0.317232889120191,0.6966029956014818,0,1,1,0,1
weak,21,Logistic Regression,0.3,0.7,25,0,0.40629198218272755,0.16338874139336604,0,0,0,0,0
weak,21,Logistic Regression,0.3,0.7,175,1,0.5662775167339994,0.9646845152339844,1,1,0,0,0
weak,21,Logistic Regression,0.3,0.7,145,1,0.32439839718568003,0.04948030175531788,0,0,0,0,0
weak,21,Logistic Regression,0.3,0.7,163,1,0.4628062667274684,0.4849365804638342,0,0,0,0,0
weak,21,Logistic Regression,0.3,0.7,180,1,0.4231763629597158,0.5344789987168521,0,1,1,1,0
weak,21,Logistic Regression,0.3,0.7,184,1,0.6524237464711199,0.9785280117776061,1,1,0,0,0
weak,21,Logistic Regression,0.3,0.7,165,1,0.6023745328150734,0.9795281256375623,1,1,0,0,0
weak,21,Logistic Regression,0.3,0.7,2,0,0.6181814297011599,0.04993886756766756,1,0,1,1,0
weak,21,Logistic Regression,0.3,0.7,181,1,0.44820978698851943,0.991146022618193,0,1,1,1,0
weak,21,Logistic Regression,0.3,0.7,197,1,0.4282273155633837,0.992237354109214,0,1,1,1,0
weak,21,Logistic Regression,0.3,0.7,54,0,0.5329800991216629,0.0015405781363290127,1,0,1,1,0
weak,21,Logistic Regression,0.3,0.7,12,0,0.4057860250031495,0.10293229120854627,0,0,0,0,0
weak,21,Logistic Regression,0.3,0.7,75,0,0.6903745226351878,0.2329447807205988,1,0,1,1,0
weak,21,Logistic Regression,0.3,0.7,125,1,0.6101046380774159,0.9945610498999455,1,1,0,0,0
weak,21,Logistic Regression,0.4,0.6,91,0,0.4066394419095857,0.01417219024368197,0,0,0,0,0
weak,21,Logistic Regression,0.4,0.6,71,0,0.4597980247701321,0.049404342996208495,0,0,0,0,0
weak,21,Logistic Regression,0.4,0.6,65,0,0.43283305444829934,0.13913954208436474,0,0,0,0,0
weak,21,Logistic Regression,0.4,0.6,134,1,0.4813410196361454,0.9390082296736815,0,1,1,1,0
weak,21,Logistic Regression,0.4,0.6,73,0,0.5255310538417551,0.7738313281855584,1,1,0,0,0
weak,21,Logistic Regression,0.4,0.6,37,0,0.5650930129179791,0.004178997316947301,1,0,1,1,0
weak,21,Logistic Regression,0.4,0.6,84,0,0.48814618434914453,0.09369111777780388,0,0,0,0,0
weak,21,Logistic Regression,0.4,0.6,183,1,0.4689946096495899,0.9064569129121937,0,1,1,1,0
weak,21,Logistic Regression,0.4,0.6,121,1,0.49357090728054986,0.08148281496463959,0,0,0,0,0
weak,21,Logistic Regression,0.4,0.6,185,1,0.4992788007275135,0.8972499111736447,0,1,1,1,0
weak,21,Logistic Regression,0.4,0.6,119,1,0.41728259513733107,0.19524143081593984,0,0,0,0,0
weak,21,Logistic Regression,0.4,0.6,25,0,0.40629198218272755,0.16338874139336604,0,0,0,0,0
weak,21,Logistic Regression,0.4,0.6,175,1,0.5662775167339994,0.9646845152339844,1,1,0,0,0
weak,21,Logistic Regression,0.4,0.6,163,1,0.4628062667274684,0.4849365804638342,0,0,0,0,0
weak,21,Logistic Regression,0.4,0.6,180,1,0.4231763629597158,0.5344789987168521,0,1,1,1,0
weak,21,Logistic Regression,0.4,0.6,181,1,0.44820978698851943,0.991146022618193,0,1,1,1,0
weak,21,Logistic Regression,0.4,0.6,197,1,0.4282273155633837,0.992237354109214,0,1,1,1,0
weak,21,Logistic Regression,0.4,0.6,54,0,0.5329800991216629,0.0015405781363290127,1,0,1,1,0
weak,21,Logistic Regression,0.4,0.6,12,0,0.4057860250031495,0.10293229120854627,0,0,0,0,0
weak,21,Random Forest,0.2,0.8,91,0,0.69,0.35,1,0,1,1,0
weak,21,Random Forest,0.2,0.8,136,1,0.68,0.35,1,0,1,0,1
weak,21,Random Forest,0.2,0.8,154,1,0.72,0.47,1,0,1,0,1
weak,21,Random Forest,0.2,0.8,65,0,0.43,0.34,0,0,0,0,0
weak,21,Random Forest,0.2,0.8,134,1,0.64,0.7,1,1,0,0,0
weak,21,Random Forest,0.2,0.8,157,1,0.75,0.55,1,1,0,0,0
weak,21,Random Forest,0.2,0.8,15,0,0.47,0.58,0,1,1,0,1
weak,21,Random Forest,0.2,0.8,144,1,0.49,0.6,0,1,1,1,0
weak,21,Random Forest,0.2,0.8,73,0,0.23,0.33,0,0,0,0,0
weak,21,Random Forest,0.2,0.8,101,1,0.76,0.86,1,1,0,0,0
weak,21,Random Forest,0.2,0.8,37,0,0.65,0.28,1,0,1,1,0
weak,21,Random Forest,0.2,0.8,84,0,0.55,0.41,1,0,1,1,0
weak,21,Random Forest,0.2,0.8,183,1,0.61,0.53,1,1,0,0,0
weak,21,Random Forest,0.2,0.8,152,1,0.69,0.67,1,1,0,0,0
weak,21,Random Forest,0.2,0.8,121,1,0.71,0.51,1,1,0,0,0
weak,21,Random Forest,0.2,0.8,182,1,0.51,0.77,1,1,0,0,0
weak,21,Random Forest,0.2,0.8,35,0,0.27,0.28,0,0,0,0,0
weak,21,Random Forest,0.2,0.8,123,1,0.43,0.63,0,1,1,1,0
weak,21,Random Forest,0.2,0.8,20,0,0.26,0.28,0,0,0,0,0
weak,21,Random Forest,0.2,0.8,185,1,0.78,0.79,1,1,0,0,0
weak,21,Random Forest,0.2,0.8,60,0,0.32,0.43,0,0,0,0,0
weak,21,Random Forest,0.2,0.8,97,0,0.27,0.2,0,0,0,0,0
weak,21,Random Forest,0.2,0.8,14,0,0.24,0.21,0,0,0,0,0
weak,21,Random Forest,0.2,0.8,119,1,0.59,0.49,1,0,1,0,1
weak,21,Random Forest,0.2,0.8,102,1,0.63,0.64,1,1,0,0,0
weak,21,Random Forest,0.2,0.8,169,1,0.77,0.79,1,1,0,0,0
weak,21,Random Forest,0.2,0.8,4,0,0.27,0.32,0,0,0,0,0
weak,21,Random Forest,0.2,0.8,164,1,0.7,0.57,1,1,0,0,0
weak,21,Random Forest,0.2,0.8,25,0,0.25,0.32,0,0,0,0,0
weak,21,Random Forest,0.2,0.8,175,1,0.7,0.76,1,1,0,0,0
weak,21,Random Forest,0.2,0.8,105,1,0.74,0.64,1,1,0,0,0
weak,21,Random Forest,0.2,0.8,145,1,0.7,0.57,1,1,0,0,0
weak,21,Random Forest,0.2,0.8,36,0,0.22,0.27,0,0,0,0,0
weak,21,Random Forest,0.2,0.8,163,1,0.77,0.72,1,1,0,0,0
weak,21,Random Forest,0.2,0.8,180,1,0.72,0.61,1,1,0,0,0
weak,21,Random Forest,0.2,0.8,184,1,0.79,0.83,1,1,0,0,0
weak,21,Random Forest,0.2,0.8,165,1,0.73,0.69,1,1,0,0,0
weak,21,Random Forest,0.2,0.8,2,0,0.22,0.18,0,0,0,0,0
weak,21,Random Forest,0.2,0.8,69,0,0.27,0.34,0,0,0,0,0
weak,21,Random Forest,0.2,0.8,197,1,0.63,0.85,1,1,0,0,0
weak,21,Random Forest,0.2,0.8,12,0,0.26,0.27,0,0,0,0,0
weak,21,Random Forest,0.2,0.8,75,0,0.65,0.41,1,0,1,1,0
weak,21,Random Forest,0.2,0.8,174,1,0.75,0.87,1,1,0,0,0
weak,21,Random Forest,0.2,0.8,125,1,0.55,0.73,1,1,0,0,0
weak,21,Random Forest,0.3,0.7,91,0,0.69,0.35,1,0,1,1,0
weak,21,Random Forest,0.3,0.7,136,1,0.68,0.35,1,0,1,0,1
weak,21,Random Forest,0.3,0.7,65,0,0.43,0.34,0,0,0,0,0
weak,21,Random Forest,0.3,0.7,134,1,0.64,0.7,1,1,0,0,0
weak,21,Random Forest,0.3,0.7,15,0,0.47,0.58,0,1,1,0,1
weak,21,Random Forest,0.3,0.7,144,1,0.49,0.6,0,1,1,1,0
weak,21,Random Forest,0.3,0.7,37,0,0.65,0.28,1,0,1,1,0
weak,21,Random Forest,0.3,0.7,84,0,0.55,0.41,1,0,1,1,0
weak,21,Random Forest,0.3,0.7,183,1,0.61,0.53,1,1,0,0,0
weak,21,Random Forest,0.3,0.7,152,1,0.69,0.67,1,1,0,0,0
weak,21,Random Forest,0.3,0.7,182,1,0.51,0.77,1,1,0,0,0
weak,21,Random Forest,0.3,0.7,123,1,0.43,0.63,0,1,1,1,0
weak,21,Random Forest,0.3,0.7,60,0,0.32,0.43,0,0,0,0,0
weak,21,Random Forest,0.3,0.7,119,1,0.59,0.49,1,0,1,0,1
weak,21,Random Forest,0.3,0.7,102,1,0.63,0.64,1,1,0,0,0
weak,21,Random Forest,0.3,0.7,197,1,0.63,0.85,1,1,0,0,0
weak,21,Random Forest,0.3,0.7,75,0,0.65,0.41,1,0,1,1,0
weak,21,Random Forest,0.3,0.7,125,1,0.55,0.73,1,1,0,0,0
weak,21,Random Forest,0.4,0.6,65,0,0.43,0.34,0,0,0,0,0
weak,21,Random Forest,0.4,0.6,15,0,0.47,0.58,0,1,1,0,1
weak,21,Random Forest,0.4,0.6,144,1,0.49,0.6,0,1,1,1,0
weak,21,Random Forest,0.4,0.6,84,0,0.55,0.41,1,0,1,1,0
weak,21,Random Forest,0.4,0.6,182,1,0.51,0.77,1,1,0,0,0
weak,21,Random Forest,0.4,0.6,123,1,0.43,0.63,0,1,1,1,0
weak,21,Random Forest,0.4,0.6,119,1,0.59,0.49,1,0,1,0,1
weak,21,Random Forest,0.4,0.6,125,1,0.55,0.73,1,1,0,0,0
weak,21,XGBoost,0.2,0.8,91,0,0.6967356204986572,0.15946120023727417,1,0,1,1,0
weak,21,XGBoost,0.2,0.8,136,1,0.7929889559745789,0.23185811936855316,1,0,1,0,1
weak,21,XGBoost,0.2,0.8,65,0,0.6095424890518188,0.09590839594602585,1,0,1,1,0
weak,21,XGBoost,0.2,0.8,15,0,0.3414834141731262,0.7876315116882324,0,1,1,0,1
weak,21,XGBoost,0.2,0.8,144,1,0.7358950972557068,0.8990505337715149,1,1,0,0,0
weak,21,XGBoost,0.2,0.8,37,0,0.49269571900367737,0.11866869032382965,0,0,0,0,0
weak,21,XGBoost,0.2,0.8,84,0,0.5187720656394958,0.7523353099822998,1,1,0,0,0
weak,21,XGBoost,0.2,0.8,121,1,0.680453360080719,0.7045855522155762,1,1,0,0,0
weak,21,XGBoost,0.2,0.8,182,1,0.45013248920440674,0.88164222240448,0,1,1,1,0
weak,21,XGBoost,0.2,0.8,123,1,0.5674650073051453,0.9676149487495422,1,1,0,0,0
weak,21,XGBoost,0.2,0.8,119,1,0.4771067500114441,0.29229891300201416,0,0,0,0,0
weak,21,XGBoost,0.2,0.8,4,0,0.21885845065116882,0.5432034730911255,0,1,1,0,1
weak,21,XGBoost,0.2,0.8,165,1,0.5338762998580933,0.8799148201942444,1,1,0,0,0
weak,21,XGBoost,0.2,0.8,181,1,0.7263506650924683,0.9649810194969177,1,1,0,0,0
weak,21,XGBoost,0.2,0.8,197,1,0.6172872185707092,0.9614431858062744,1,1,0,0,0
weak,21,XGBoost,0.2,0.8,12,0,0.2637290954589844,0.05097297579050064,0,0,0,0,0
weak,21,XGBoost,0.2,0.8,75,0,0.6174851655960083,0.23529990017414093,1,0,1,1,0
weak,21,XGBoost,0.2,0.8,125,1,0.7226027846336365,0.9334373474121094,1,1,0,0,0
weak,21,XGBoost,0.3,0.7,91,0,0.6967356204986572,0.15946120023727417,1,0,1,1,0
weak,21,XGBoost,0.3,0.7,65,0,0.6095424890518188,0.09590839594602585,1,0,1,1,0
weak,21,XGBoost,0.3,0.7,15,0,0.3414834141731262,0.7876315116882324,0,1,1,0,1
weak,21,XGBoost,0.3,0.7,37,0,0.49269571900367737,0.11866869032382965,0,0,0,0,0
weak,21,XGBoost,0.3,0.7,84,0,0.5187720656394958,0.7523353099822998,1,1,0,0,0
weak,21,XGBoost,0.3,0.7,121,1,0.680453360080719,0.7045855522155762,1,1,0,0,0
weak,21,XGBoost,0.3,0.7,182,1,0.45013248920440674,0.88164222240448,0,1,1,1,0
weak,21,XGBoost,0.3,0.7,123,1,0.5674650073051453,0.9676149487495422,1,1,0,0,0
weak,21,XGBoost,0.3,0.7,119,1,0.4771067500114441,0.29229891300201416,0,0,0,0,0
weak,21,XGBoost,0.3,0.7,165,1,0.5338762998580933,0.8799148201942444,1,1,0,0,0
weak,21,XGBoost,0.3,0.7,197,1,0.6172872185707092,0.9614431858062744,1,1,0,0,0
weak,21,XGBoost,0.3,0.7,75,0,0.6174851655960083,0.23529990017414093,1,0,1,1,0
weak,21,XGBoost,0.4,0.6,37,0,0.49269571900367737,0.11866869032382965,0,0,0,0,0
weak,21,XGBoost,0.4,0.6,84,0,0.5187720656394958,0.7523353099822998,1,1,0,0,0
weak,21,XGBoost,0.4,0.6,182,1,0.45013248920440674,0.88164222240448,0,1,1,1,0
weak,21,XGBoost,0.4,0.6,123,1,0.5674650073051453,0.9676149487495422,1,1,0,0,0
weak,21,XGBoost,0.4,0.6,119,1,0.4771067500114441,0.29229891300201416,0,0,0,0,0
weak,21,XGBoost,0.4,0.6,165,1,0.5338762998580933,0.8799148201942444,1,1,0,0,0
weak,22,Logistic Regression,0.2,0.8,40,0,0.5050515340044112,0.06883322834431865,1,0,1,1,0
weak,22,Logistic Regression,0.2,0.8,137,1,0.7383119868168504,0.968425896381756,1,1,0,0,0
weak,22,Logistic Regression,0.2,0.8,96,0,0.23074694233928336,0.0725100680048049,0,0,0,0,0
weak,22,Logistic Regression,0.2,0.8,15,0,0.6436964419687019,0.6700426012375947,1,1,0,0,0
weak,22,Logistic Regression,0.2,0.8,38,0,0.24743636712215344,0.34023248930361333,0,0,0,0,0
weak,22,Logistic Regression,0.2,0.8,101,1,0.6964164094328426,0.9638082388073516,1,1,0,0,0
weak,22,Logistic Regression,0.2,0.8,90,0,0.20965801991745972,0.005959249115918134,0,0,0,0,0
weak,22,Logistic Regression,0.2,0.8,169,1,0.7848409099240361,0.9794055867634859,1,1,0,0,0
weak,22,Logistic Regression,0.2,0.8,192,1,0.3869365649022648,0.9152159862879667,0,1,1,1,0
weak,22,Logistic Regression,0.2,0.8,88,0,0.3859806498755141,0.4370504287210267,0,0,0,0,0
weak,22,Logistic Regression,0.2,0.8,64,0,0.29881744148360234,0.183546552190734,0,0,0,0,0
weak,22,Logistic Regression,0.2,0.8,197,1,0.40917606247015487,0.9630751526407588,0,1,1,1,0
weak,22,Logistic Regression,0.2,0.8,45,0,0.7532658121519978,0.9594610004879723,1,1,0,0,0
weak,22,Logistic Regression,0.2,0.8,165,1,0.5159352846605615,0.5852168940769793,1,1,0,0,0
weak,22,Logistic Regression,0.2,0.8,93,0,0.30485381762116887,0.412674280721559,0,0,0,0,0
weak,22,Logistic Regression,0.2,0.8,125,1,0.7665170662193802,0.9994792746702242,1,1,0,0,0
weak,22,Logistic Regression,0.2,0.8,152,1,0.5860193209230262,0.2812394123513201,1,0,1,0,1
weak,22,Logistic Regression,0.2,0.8,166,1,0.7394714823675306,0.5466348838182631,1,1,0,0,0
weak,22,Logistic Regression,0.2,0.8,131,1,0.7507830056455265,0.7171743309619917,1,1,0,0,0
weak,22,Logistic Regression,0.2,0.8,126,1,0.6316712480591516,0.9489570858811806,1,1,0,0,0
weak,22,Logistic Regression,0.2,0.8,49,0,0.5903113496241112,0.25987135308388243,1,0,1,1,0
weak,22,Logistic Regression,0.2,0.8,148,1,0.6390366655029319,0.7382093831996012,1,1,0,0,0
weak,22,Logistic Regression,0.2,0.8,76,0,0.6392753093312347,0.613549789185224,1,1,0,0,0
weak,22,Logistic Regression,0.2,0.8,173,1,0.46730039281680125,0.9615431373129233,0,1,1,1,0
weak,22,Logistic Regression,0.2,0.8,12,0,0.40632107751472285,0.2777206427964245,0,0,0,0,0
weak,22,Logistic Regression,0.2,0.8,108,1,0.6780660026875734,0.8603018896884714,1,1,0,0,0
weak,22,Logistic Regression,0.2,0.8,127,1,0.7072512490323258,0.6651841177342628,1,1,0,0,0
weak,22,Logistic Regression,0.2,0.8,47,0,0.7997290048263163,0.7586197744743461,1,1,0,0,0
weak,22,Logistic Regression,0.2,0.8,91,0,0.39817616687805374,0.059811227925982244,0,0,0,0,0
weak,22,Logistic Regression,0.2,0.8,27,0,0.21630232395246815,0.5199493612228523,0,1,1,0,1
weak,22,Logistic Regression,0.2,0.8,1,0,0.6705466973983014,0.442754410784521,1,0,1,1,0
weak,22,Logistic Regression,0.2,0.8,176,1,0.451053015948348,0.4419248828761582,0,0,0,0,0
weak,22,Logistic Regression,0.2,0.8,37,0,0.6033613995284427,0.05189465976649331,1,0,1,1,0
weak,22,Logistic Regression,0.2,0.8,4,0,0.2231907647416369,0.45651944731515787,0,0,0,0,0
weak,22,Logistic Regression,0.2,0.8,120,1,0.38145830245033235,0.20003889973295236,0,0,0,0,0
weak,22,Logistic Regression,0.2,0.8,29,0,0.515431364191625,0.11877035415435849,1,0,1,1,0
weak,22,Logistic Regression,0.2,0.8,21,0,0.5772719732712015,0.28573931629630867,1,0,1,1,0
weak,22,Logistic Regression,0.2,0.8,25,0,0.29942570732941726,0.26320078947640424,0,0,0,0,0
weak,22,Logistic Regression,0.2,0.8,123,1,0.26155913070793857,0.9766936396469501,0,1,1,1,0
weak,22,Logistic Regression,0.2,0.8,124,1,0.7946584804887007,0.6650906803253023,1,1,0,0,0
weak,22,Logistic Regression,0.2,0.8,78,0,0.7720007414237818,0.33024462196092863,1,0,1,1,0
weak,22,Logistic Regression,0.2,0.8,163,1,0.5470086102398133,0.7931822355090666,1,1,0,0,0
weak,22,Logistic Regression,0.2,0.8,182,1,0.29510111160470637,0.8323614840836402,0,1,1,1,0
weak,22,Logistic Regression,0.2,0.8,117,1,0.6878140629372319,0.6692992280262955,1,1,0,0,0
weak,22,Logistic Regression,0.3,0.7,40,0,0.5050515340044112,0.06883322834431865,1,0,1,1,0
weak,22,Logistic Regression,0.3,0.7,15,0,0.6436964419687019,0.6700426012375947,1,1,0,0,0
weak,22,Logistic Regression,0.3,0.7,101,1,0.6964164094328426,0.9638082388073516,1,1,0,0,0
weak,22,Logistic Regression,0.3,0.7,192,1,0.3869365649022648,0.9152159862879667,0,1,1,1,0
weak,22,Logistic Regression,0.3,0.7,88,0,0.3859806498755141,0.4370504287210267,0,0,0,0,0
weak,22,Logistic Regression,0.3,0.7,197,1,0.40917606247015487,0.9630751526407588,0,1,1,1,0
weak,22,Logistic Regression,0.3,0.7,165,1,0.5159352846605615,0.5852168940769793,1,1,0,0,0
weak,22,Logistic Regression,0.3,0.7,93,0,0.30485381762116887,0.412674280721559,0,0,0,0,0
weak,22,Logistic Regression,0.3,0.7,152,1,0.5860193209230262,0.2812394123513201,1,0,1,0,1
weak,22,Logistic Regression,0.3,0.7,126,1,0.6316712480591516,0.9489570858811806,1,1,0,0,0
weak,22,Logistic Regression,0.3,0.7,49,0,0.5903113496241112,0.25987135308388243,1,0,1,1,0
weak,22,Logistic Regression,0.3,0.7,148,1,0.6390366655029319,0.7382093831996012,1,1,0,0,0
weak,22,Logistic Regression,0.3,0.7,76,0,0.6392753093312347,0.613549789185224,1,1,0,0,0
weak,22,Logistic Regression,0.3,0.7,173,1,0.46730039281680125,0.9615431373129233,0,1,1,1,0
weak,22,Logistic Regression,0.3,0.7,12,0,0.40632107751472285,0.2777206427964245,0,0,0,0,0
weak,22,Logistic Regression,0.3,0.7,108,1,0.6780660026875734,0.8603018896884714,1,1,0,0,0
weak,22,Logistic Regression,0.3,0.7,91,0,0.39817616687805374,0.059811227925982244,0,0,0,0,0
weak,22,Logistic Regression,0.3,0.7,1,0,0.6705466973983014,0.442754410784521,1,0,1,1,0
weak,22,Logistic Regression,0.3,0.7,176,1,0.451053015948348,0.4419248828761582,0,0,0,0,0
weak,22,Logistic Regression,0.3,0.7,37,0,0.6033613995284427,0.05189465976649331,1,0,1,1,0
weak,22,Logistic Regression,0.3,0.7,120,1,0.38145830245033235,0.20003889973295236,0,0,0,0,0
weak,22,Logistic Regression,0.3,0.7,29,0,0.515431364191625,0.11877035415435849,1,0,1,1,0
weak,22,Logistic Regression,0.3,0.7,21,0,0.5772719732712015,0.28573931629630867,1,0,1,1,0
weak,22,Logistic Regression,0.3,0.7,163,1,0.5470086102398133,0.7931822355090666,1,1,0,0,0
weak,22,Logistic Regression,0.3,0.7,117,1,0.6878140629372319,0.6692992280262955,1,1,0,0,0
weak,22,Logistic Regression,0.4,0.6,40,0,0.5050515340044112,0.06883322834431865,1,0,1,1,0
weak,22,Logistic Regression,0.4,0.6,197,1,0.40917606247015487,0.9630751526407588,0,1,1,1,0
weak,22,Logistic Regression,0.4,0.6,165,1,0.5159352846605615,0.5852168940769793,1,1,0,0,0
weak,22,Logistic Regression,0.4,0.6,152,1,0.5860193209230262,0.2812394123513201,1,0,1,0,1
weak,22,Logistic Regression,0.4,0.6,49,0,0.5903113496241112,0.25987135308388243,1,0,1,1,0
weak,22,Logistic Regression,0.4,0.6,173,1,0.46730039281680125,0.9615431373129233,0,1,1,1,0
weak,22,Logistic Regression,0.4,0.6,12,0,0.40632107751472285,0.2777206427964245,0,0,0,0,0
weak,22,Logistic Regression,0.4,0.6,176,1,0.451053015948348,0.4419248828761582,0,0,0,0,0
weak,22,Logistic Regression,0.4,0.6,29,0,0.515431364191625,0.11877035415435849,1,0,1,1,0
weak,22,Logistic Regression,0.4,0.6,21,0,0.5772719732712015,0.28573931629630867,1,0,1,1,0
weak,22,Logistic Regression,0.4,0.6,163,1,0.5470086102398133,0.7931822355090666,1,1,0,0,0
weak,22,Random Forest,0.2,0.8,40,0,0.33,0.32,0,0,0,0,0
weak,22,Random Forest,0.2,0.8,137,1,0.79,0.89,1,1,0,0,0
weak,22,Random Forest,0.2,0.8,15,0,0.61,0.56,1,1,0,0,0
weak,22,Random Forest,0.2,0.8,38,0,0.51,0.42,1,0,1,1,0
weak,22,Random Forest,0.2,0.8,101,1,0.66,0.9,1,1,0,0,0
weak,22,Random Forest,0.2,0.8,169,1,0.79,0.85,1,1,0,0,0
weak,22,Random Forest,0.2,0.8,192,1,0.57,0.79,1,1,0,0,0
weak,22,Random Forest,0.2,0.8,164,1,0.75,0.56,1,1,0,0,0
weak,22,Random Forest,0.2,0.8,88,0,0.58,0.4,1,0,1,1,0
weak,22,Random Forest,0.2,0.8,64,0,0.33,0.39,0,0,0,0,0
weak,22,Random Forest,0.2,0.8,197,1,0.65,0.77,1,1,0,0,0
weak,22,Random Forest,0.2,0.8,5,0,0.53,0.44,1,0,1,1,0
weak,22,Random Forest,0.2,0.8,45,0,0.28,0.34,0,0,0,0,0
weak,22,Random Forest,0.2,0.8,165,1,0.6,0.58,1,1,0,0,0
weak,22,Random Forest,0.2,0.8,152,1,0.73,0.51,1,1,0,0,0
weak,22,Random Forest,0.2,0.8,68,0,0.78,0.47,1,0,1,1,0
weak,22,Random Forest,0.2,0.8,131,1,0.67,0.6,1,1,0,0,0
weak,22,Random Forest,0.2,0.8,190,1,0.77,0.77,1,1,0,0,0
weak,22,Random Forest,0.2,0.8,49,0,0.28,0.28,0,0,0,0,0
weak,22,Random Forest,0.2,0.8,148,1,0.59,0.69,1,1,0,0,0
weak,22,Random Forest,0.2,0.8,173,1,0.56,0.76,1,1,0,0,0
weak,22,Random Forest,0.2,0.8,12,0,0.24,0.14,0,0,0,0,0
weak,22,Random Forest,0.2,0.8,108,1,0.74,0.64,1,1,0,0,0
weak,22,Random Forest,0.2,0.8,127,1,0.74,0.74,1,1,0,0,0
weak,22,Random Forest,0.2,0.8,47,0,0.64,0.63,1,1,0,0,0
weak,22,Random Forest,0.2,0.8,147,1,0.59,0.7,1,1,0,0,0
weak,22,Random Forest,0.2,0.8,91,0,0.57,0.38,1,0,1,1,0
weak,22,Random Forest,0.2,0.8,22,0,0.22,0.27,0,0,0,0,0
weak,22,Random Forest,0.2,0.8,1,0,0.66,0.75,1,1,0,0,0
weak,22,Random Forest,0.2,0.8,176,1,0.62,0.71,1,1,0,0,0
weak,22,Random Forest,0.2,0.8,37,0,0.74,0.3,1,0,1,1,0
weak,22,Random Forest,0.2,0.8,4,0,0.35,0.45,0,0,0,0,0
weak,22,Random Forest,0.2,0.8,120,1,0.65,0.52,1,1,0,0,0
weak,22,Random Forest,0.2,0.8,177,1,0.54,0.54,1,1,0,0,0
weak,22,Random Forest,0.2,0.8,143,1,0.74,0.62,1,1,0,0,0
weak,22,Random Forest,0.2,0.8,25,0,0.34,0.39,0,0,0,0,0
weak,22,Random Forest,0.2,0.8,123,1,0.5,0.71,1,1,0,0,0
weak,22,Random Forest,0.2,0.8,78,0,0.78,0.67,1,1,0,0,0
weak,22,Random Forest,0.2,0.8,128,1,0.57,0.75,1,1,0,0,0
weak,22,Random Forest,0.2,0.8,163,1,0.69,0.79,1,1,0,0,0
weak,22,Random Forest,0.2,0.8,182,1,0.61,0.83,1,1,0,0,0
weak,22,Random Forest,0.3,0.7,40,0,0.33,0.32,0,0,0,0,0
weak,22,Random Forest,0.3,0.7,15,0,0.61,0.56,1,1,0,0,0
weak,22,Random Forest,0.3,0.7,38,0,0.51,0.42,1,0,1,1,0
weak,22,Random Forest,0.3,0.7,101,1,0.66,0.9,1,1,0,0,0
weak,22,Random Forest,0.3,0.7,192,1,0.57,0.79,1,1,0,0,0
weak,22,Random Forest,0.3,0.7,88,0,0.58,0.4,1,0,1,1,0
weak,22,Random Forest,0.3,0.7,64,0,0.33,0.39,0,0,0,0,0
weak,22,Random Forest,0.3,0.7,197,1,0.65,0.77,1,1,0,0,0
weak,22,Random Forest,0.3,0.7,5,0,0.53,0.44,1,0,1,1,0
weak,22,Random Forest,0.3,0.7,165,1,0.6,0.58,1,1,0,0,0
weak,22,Random Forest,0.3,0.7,131,1,0.67,0.6,1,1,0,0,0
weak,22,Random Forest,0.3,0.7,148,1,0.59,0.69,1,1,0,0,0
weak,22,Random Forest,0.3,0.7,173,1,0.56,0.76,1,1,0,0,0
weak,22,Random Forest,0.3,0.7,47,0,0.64,0.63,1,1,0,0,0
weak,22,Random Forest,0.3,0.7,147,1,0.59,0.7,1,1,0,0,0
weak,22,Random Forest,0.3,0.7,91,0,0.57,0.38,1,0,1,1,0
weak,22,Random Forest,0.3,0.7,1,0,0.66,0.75,1,1,0,0,0
weak,22,Random Forest,0.3,0.7,176,1,0.62,0.71,1,1,0,0,0
weak,22,Random Forest,0.3,0.7,4,0,0.35,0.45,0,0,0,0,0
weak,22,Random Forest,0.3,0.7,120,1,0.65,0.52,1,1,0,0,0
weak,22,Random Forest,0.3,0.7,177,1,0.54,0.54,1,1,0,0,0
weak,22,Random Forest,0.3,0.7,25,0,0.34,0.39,0,0,0,0,0
weak,22,Random Forest,0.3,0.7,123,1,0.5,0.71,1,1,0,0,0
weak,22,Random Forest,0.3,0.7,128,1,0.57,0.75,1,1,0,0,0
weak,22,Random Forest,0.3,0.7,163,1,0.69,0.79,1,1,0,0,0
weak,22,Random Forest,0.3,0.7,182,1,0.61,0.83,1,1,0,0,0
weak,22,Random Forest,0.4,0.6,38,0,0.51,0.42,1,0,1,1,0
weak,22,Random Forest,0.4,0.6,192,1,0.57,0.79,1,1,0,0,0
weak,22,Random Forest,0.4,0.6,88,0,0.58,0.4,1,0,1,1,0
weak,22,Random Forest,0.4,0.6,5,0,0.53,0.44,1,0,1,1,0
weak,22,Random Forest,0.4,0.6,148,1,0.59,0.69,1,1,0,0,0
weak,22,Random Forest,0.4,0.6,173,1,0.56,0.76,1,1,0,0,0
weak,22,Random Forest,0.4,0.6,147,1,0.59,0.7,1,1,0,0,0
weak,22,Random Forest,0.4,0.6,91,0,0.57,0.38,1,0,1,1,0
weak,22,Random Forest,0.4,0.6,177,1,0.54,0.54,1,1,0,0,0
weak,22,Random Forest,0.4,0.6,123,1,0.5,0.71,1,1,0,0,0
weak,22,Random Forest,0.4,0.6,128,1,0.57,0.75,1,1,0,0,0
weak,22,XGBoost,0.2,0.8,15,0,0.6026675701141357,0.8568596243858337,1,1,0,0,0
weak,22,XGBoost,0.2,0.8,38,0,0.7122584581375122,0.8862114548683167,1,1,0,0,0
weak,22,XGBoost,0.2,0.8,88,0,0.4136583209037781,0.2870238721370697,0,0,0,0,0
weak,22,XGBoost,0.2,0.8,5,0,0.31804290413856506,0.3100147247314453,0,0,0,0,0
weak,22,XGBoost,0.2,0.8,165,1,0.6956073641777039,0.8130514025688171,1,1,0,0,0
weak,22,XGBoost,0.2,0.8,152,1,0.545107364654541,0.6842665076255798,1,1,0,0,0
weak,22,XGBoost,0.2,0.8,131,1,0.2504233121871948,0.35782650113105774,0,0,0,0,0
weak,22,XGBoost,0.2,0.8,148,1,0.7048817276954651,0.7228207588195801,1,1,0,0,0
weak,22,XGBoost,0.2,0.8,12,0,0.296310156583786,0.043083593249320984,0,0,0,0,0
weak,22,XGBoost,0.2,0.8,127,1,0.7292819023132324,0.9336068630218506,1,1,0,0,0
weak,22,XGBoost,0.2,0.8,47,0,0.6658765077590942,0.3800986409187317,1,0,1,1,0
weak,22,XGBoost,0.2,0.8,147,1,0.705943763256073,0.6484496593475342,1,1,0,0,0
weak,22,XGBoost,0.2,0.8,91,0,0.5649781227111816,0.33310189843177795,1,0,1,1,0
weak,22,XGBoost,0.2,0.8,1,0,0.7296004891395569,0.7327677011489868,1,1,0,0,0
weak,22,XGBoost,0.2,0.8,176,1,0.4599103629589081,0.5100618600845337,0,1,1,1,0
weak,22,XGBoost,0.2,0.8,37,0,0.32503676414489746,0.11330040544271469,0,0,0,0,0
weak,22,XGBoost,0.2,0.8,120,1,0.7889870405197144,0.44460660219192505,1,0,1,0,1
weak,22,XGBoost,0.2,0.8,177,1,0.5633214116096497,0.497486412525177,1,0,1,0,1
weak,22,XGBoost,0.2,0.8,21,0,0.35950925946235657,0.2349894940853119,0,0,0,0,0
weak,22,XGBoost,0.2,0.8,25,0,0.2218026965856552,0.34247007966041565,0,0,0,0,0
weak,22,XGBoost,0.2,0.8,123,1,0.7938662767410278,0.9863864183425903,1,1,0,0,0
weak,22,XGBoost,0.2,0.8,128,1,0.7279662489891052,0.9415486454963684,1,1,0,0,0
weak,22,XGBoost,0.2,0.8,182,1,0.5738215446472168,0.9072262048721313,1,1,0,0,0
weak,22,XGBoost,0.3,0.7,15,0,0.6026675701141357,0.8568596243858337,1,1,0,0,0
weak,22,XGBoost,0.3,0.7,88,0,0.4136583209037781,0.2870238721370697,0,0,0,0,0
weak,22,XGBoost,0.3,0.7,5,0,0.31804290413856506,0.3100147247314453,0,0,0,0,0
weak,22,XGBoost,0.3,0.7,165,1,0.6956073641777039,0.8130514025688171,1,1,0,0,0
weak,22,XGBoost,0.3,0.7,152,1,0.545107364654541,0.6842665076255798,1,1,0,0,0
weak,22,XGBoost,0.3,0.7,47,0,0.6658765077590942,0.3800986409187317,1,0,1,1,0
weak,22,XGBoost,0.3,0.7,91,0,0.5649781227111816,0.33310189843177795,1,0,1,1,0
weak,22,XGBoost,0.3,0.7,176,1,0.4599103629589081,0.5100618600845337,0,1,1,1,0
weak,22,XGBoost,0.3,0.7,37,0,0.32503676414489746,0.11330040544271469,0,0,0,0,0
weak,22,XGBoost,0.3,0.7,177,1,0.5633214116096497,0.497486412525177,1,0,1,0,1
weak,22,XGBoost,0.3,0.7,21,0,0.35950925946235657,0.2349894940853119,0,0,0,0,0
weak,22,XGBoost,0.3,0.7,182,1,0.5738215446472168,0.9072262048721313,1,1,0,0,0
weak,22,XGBoost,0.4,0.6,88,0,0.4136583209037781,0.2870238721370697,0,0,0,0,0
weak,22,XGBoost,0.4,0.6,152,1,0.545107364654541,0.6842665076255798,1,1,0,0,0
weak,22,XGBoost,0.4,0.6,91,0,0.5649781227111816,0.33310189843177795,1,0,1,1,0
weak,22,XGBoost,0.4,0.6,176,1,0.4599103629589081,0.5100618600845337,0,1,1,1,0
weak,22,XGBoost,0.4,0.6,177,1,0.5633214116096497,0.497486412525177,1,0,1,0,1
weak,22,XGBoost,0.4,0.6,182,1,0.5738215446472168,0.9072262048721313,1,1,0,0,0
weak,23,Logistic Regression,0.2,0.8,192,1,0.44348624251627555,0.9659739015018475,0,1,1,1,0
weak,23,Logistic Regression,0.2,0.8,34,0,0.668501744093339,0.041524595577670145,1,0,1,1,0
weak,23,Logistic Regression,0.2,0.8,118,1,0.5758406623486462,0.02680632542544052,1,0,1,0,1
weak,23,Logistic Regression,0.2,0.8,66,0,0.796525343403074,0.9912345652799551,1,1,0,0,0
weak,23,Logistic Regression,0.2,0.8,3,0,0.48002958662323003,0.00988321710531788,0,0,0,0,0
weak,23,Logistic Regression,0.2,0.8,180,1,0.5145622999994758,0.9711026130697216,1,1,0,0,0
weak,23,Logistic Regression,0.2,0.8,9,0,0.7749325087387879,0.9271418004029931,1,1,0,0,0
weak,23,Logistic Regression,0.2,0.8,171,1,0.47539059895478064,0.0420621883152661,0,0,0,0,0
weak,23,Logistic Regression,0.2,0.8,170,1,0.7252832038291024,0.04564473550158499,1,0,1,0,1
weak,23,Logistic Regression,0.2,0.8,68,0,0.7982620321118366,0.17902084903957852,1,0,1,1,0
weak,23,Logistic Regression,0.2,0.8,122,1,0.5037571068493827,0.9993747780570656,1,1,0,0,0
weak,23,Logistic Regression,0.2,0.8,160,1,0.7179259028147771,0.8634603824626523,1,1,0,0,0
weak,23,Logistic Regression,0.2,0.8,183,1,0.3906775071355884,0.8230107038624037,0,1,1,1,0
weak,23,Logistic Regression,0.2,0.8,77,0,0.542385247573716,0.048918985364241815,1,0,1,1,0
weak,23,Logistic Regression,0.2,0.8,97,0,0.6533153588002255,0.7241381028710555,1,1,0,0,0
weak,23,Logistic Regression,0.2,0.8,71,0,0.5345827618129301,0.1292300270595064,1,0,1,1,0
weak,23,Logistic Regression,0.2,0.8,47,0,0.7923797071709886,0.7684777897655108,1,1,0,0,0
weak,23,Logistic Regression,0.2,0.8,75,0,0.7806832437682663,0.01403375011712935,1,0,1,1,0
weak,23,Logistic Regression,0.2,0.8,12,0,0.48881884723918223,0.10893264306317162,0,0,0,0,0
weak,23,Logistic Regression,0.2,0.8,74,0,0.23548509291877268,0.007962031193970981,0,0,0,0,0
weak,23,Logistic Regression,0.2,0.8,8,0,0.6904931011983019,0.09857006982340322,1,0,1,1,0
weak,23,Logistic Regression,0.2,0.8,136,1,0.5704621501495344,0.0434472045986897,1,0,1,0,1
weak,23,Logistic Regression,0.2,0.8,84,0,0.5985543509624257,0.13491331738741558,1,0,1,1,0
weak,23,Logistic Regression,0.2,0.8,22,0,0.27630554202091534,0.0005823060914030264,0,0,0,0,0
weak,23,Logistic Regression,0.2,0.8,119,1,0.3380437041545364,0.1665927968754344,0,0,0,0,0
weak,23,Logistic Regression,0.2,0.8,124,1,0.691015432076576,0.9317818315227424,1,1,0,0,0
weak,23,Logistic Regression,0.2,0.8,129,1,0.7273182680686586,0.9075517615108466,1,1,0,0,0
weak,23,Logistic Regression,0.2,0.8,157,1,0.7677791836106569,0.9122652968656911,1,1,0,0,0
weak,23,Logistic Regression,0.2,0.8,62,0,0.43201927882230573,0.016927645209882682,0,0,0,0,0
weak,23,Logistic Regression,0.2,0.8,127,1,0.5741608183362669,0.14972343332036697,1,0,1,0,1
weak,23,Logistic Regression,0.2,0.8,27,0,0.23303958853698856,0.6259367479046463,0,1,1,0,1
weak,23,Logistic Regression,0.2,0.8,166,1,0.6699251182877907,0.23660260232099792,1,0,1,0,1
weak,23,Logistic Regression,0.2,0.8,125,1,0.6798188783815603,0.9999564369291473,1,1,0,0,0
weak,23,Logistic Regression,0.2,0.8,55,0,0.3275829489468515,0.9023589806029698,0,1,1,0,1
weak,23,Logistic Regression,0.2,0.8,73,0,0.4752808448744665,0.8877404217386858,0,1,1,0,1
weak,23,Logistic Regression,0.2,0.8,138,1,0.5560901404552001,0.9744760102215825,1,1,0,0,0
weak,23,Logistic Regression,0.2,0.8,52,0,0.5876867389720687,0.11050739851332655,1,0,1,1,0
weak,23,Logistic Regression,0.2,0.8,162,1,0.3239097208924076,0.8819389110996675,0,1,1,1,0
weak,23,Logistic Regression,0.2,0.8,152,1,0.7074695199676052,0.4505096719460228,1,0,1,0,1
weak,23,Logistic Regression,0.2,0.8,14,0,0.28226839700139456,0.2190606868214552,0,0,0,0,0
weak,23,Logistic Regression,0.2,0.8,168,1,0.7157262977467581,0.962116512103939,1,1,0,0,0
weak,23,Logistic Regression,0.2,0.8,181,1,0.38701841535625686,0.971376629808296,0,1,1,1,0
weak,23,Logistic Regression,0.2,0.8,10,0,0.5178038633787473,0.4419557398609594,1,0,1,1,0
weak,23,Logistic Regression,0.2,0.8,139,1,0.7749911262703463,0.9900876501637539,1,1,0,0,0
weak,23,Logistic Regression,0.2,0.8,91,0,0.4935054955676054,0.005087093595405852,0,0,0,0,0
weak,23,Logistic Regression,0.2,0.8,49,0,0.3993063945080704,0.022200941365833313,0,0,0,0,0
weak,23,Logistic Regression,0.2,0.8,38,0,0.3379489086302783,0.009398926182968968,0,0,0,0,0
weak,23,Logistic Regression,0.3,0.7,192,1,0.44348624251627555,0.9659739015018475,0,1,1,1,0
weak,23,Logistic Regression,0.3,0.7,34,0,0.668501744093339,0.041524595577670145,1,0,1,1,0
weak,23,Logistic Regression,0.3,0.7,118,1,0.5758406623486462,0.02680632542544052,1,0,1,0,1
weak,23,Logistic Regression,0.3,0.7,3,0,0.48002958662323003,0.00988321710531788,0,0,0,0,0
weak,23,Logistic Regression,0.3,0.7,180,1,0.5145622999994758,0.9711026130697216,1,1,0,0,0
weak,23,Logistic Regression,0.3,0.7,171,1,0.47539059895478064,0.0420621883152661,0,0,0,0,0
weak,23,Logistic Regression,0.3,0.7,122,1,0.5037571068493827,0.9993747780570656,1,1,0,0,0
weak,23,Logistic Regression,0.3,0.7,183,1,0.3906775071355884,0.8230107038624037,0,1,1,1,0
weak,23,Logistic Regression,0.3,0.7,77,0,0.542385247573716,0.048918985364241815,1,0,1,1,0
weak,23,Logistic Regression,0.3,0.7,97,0,0.6533153588002255,0.7241381028710555,1,1,0,0,0
weak,23,Logistic Regression,0.3,0.7,71,0,0.5345827618129301,0.1292300270595064,1,0,1,1,0
weak,23,Logistic Regression,0.3,0.7,12,0,0.48881884723918223,0.10893264306317162,0,0,0,0,0
weak,23,Logistic Regression,0.3,0.7,8,0,0.6904931011983019,0.09857006982340322,1,0,1,1,0
weak,23,Logistic Regression,0.3,0.7,136,1,0.5704621501495344,0.0434472045986897,1,0,1,0,1
weak,23,Logistic Regression,0.3,0.7,84,0,0.5985543509624257,0.13491331738741558,1,0,1,1,0
weak,23,Logistic Regression,0.3,0.7,119,1,0.3380437041545364,0.1665927968754344,0,0,0,0,0
weak,23,Logistic Regression,0.3,0.7,124,1,0.691015432076576,0.9317818315227424,1,1,0,0,0
weak,23,Logistic Regression,0.3,0.7,62,0,0.43201927882230573,0.016927645209882682,0,0,0,0,0
weak,23,Logistic Regression,0.3,0.7,127,1,0.5741608183362669,0.14972343332036697,1,0,1,0,1
weak,23,Logistic Regression,0.3,0.7,166,1,0.6699251182877907,0.23660260232099792,1,0,1,0,1
weak,23,Logistic Regression,0.3,0.7,125,1,0.6798188783815603,0.9999564369291473,1,1,0,0,0
weak,23,Logistic Regression,0.3,0.7,55,0,0.3275829489468515,0.9023589806029698,0,1,1,0,1
weak,23,Logistic Regression,0.3,0.7,73,0,0.4752808448744665,0.8877404217386858,0,1,1,0,1
weak,23,Logistic Regression,0.3,0.7,138,1,0.5560901404552001,0.9744760102215825,1,1,0,0,0
weak,23,Logistic Regression,0.3,0.7,52,0,0.5876867389720687,0.11050739851332655,1,0,1,1,0
weak,23,Logistic Regression,0.3,0.7,162,1,0.3239097208924076,0.8819389110996675,0,1,1,1,0
weak,23,Logistic Regression,0.3,0.7,181,1,0.38701841535625686,0.971376629808296,0,1,1,1,0
weak,23,Logistic Regression,0.3,0.7,10,0,0.5178038633787473,0.4419557398609594,1,0,1,1,0
weak,23,Logistic Regression,0.3,0.7,91,0,0.4935054955676054,0.005087093595405852,0,0,0,0,0
weak,23,Logistic Regression,0.3,0.7,49,0,0.3993063945080704,0.022200941365833313,0,0,0,0,0
weak,23,Logistic Regression,0.3,0.7,38,0,0.3379489086302783,0.009398926182968968,0,0,0,0,0
weak,23,Logistic Regression,0.4,0.6,192,1,0.44348624251627555,0.9659739015018475,0,1,1,1,0
weak,23,Logistic Regression,0.4,0.6,118,1,0.5758406623486462,0.02680632542544052,1,0,1,0,1
weak,23,Logistic Regression,0.4,0.6,3,0,0.48002958662323003,0.00988321710531788,0,0,0,0,0
weak,23,Logistic Regression,0.4,0.6,180,1,0.5145622999994758,0.9711026130697216,1,1,0,0,0
weak,23,Logistic Regression,0.4,0.6,171,1,0.47539059895478064,0.0420621883152661,0,0,0,0,0
weak,23,Logistic Regression,0.4,0.6,122,1,0.5037571068493827,0.9993747780570656,1,1,0,0,0
weak,23,Logistic Regression,0.4,0.6,77,0,0.542385247573716,0.048918985364241815,1,0,1,1,0
weak,23,Logistic Regression,0.4,0.6,71,0,0.5345827618129301,0.1292300270595064,1,0,1,1,0
weak,23,Logistic Regression,0.4,0.6,12,0,0.48881884723918223,0.10893264306317162,0,0,0,0,0
weak,23,Logistic Regression,0.4,0.6,136,1,0.5704621501495344,0.0434472045986897,1,0,1,0,1
weak,23,Logistic Regression,0.4,0.6,84,0,0.5985543509624257,0.13491331738741558,1,0,1,1,0
weak,23,Logistic Regression,0.4,0.6,62,0,0.43201927882230573,0.016927645209882682,0,0,0,0,0
weak,23,Logistic Regression,0.4,0.6,127,1,0.5741608183362669,0.14972343332036697,1,0,1,0,1
weak,23,Logistic Regression,0.4,0.6,73,0,0.4752808448744665,0.8877404217386858,0,1,1,0,1
weak,23,Logistic Regression,0.4,0.6,138,1,0.5560901404552001,0.9744760102215825,1,1,0,0,0
weak,23,Logistic Regression,0.4,0.6,52,0,0.5876867389720687,0.11050739851332655,1,0,1,1,0
weak,23,Logistic Regression,0.4,0.6,10,0,0.5178038633787473,0.4419557398609594,1,0,1,1,0
weak,23,Logistic Regression,0.4,0.6,91,0,0.4935054955676054,0.005087093595405852,0,0,0,0,0
weak,23,Random Forest,0.2,0.8,192,1,0.74,0.83,1,1,0,0,0
weak,23,Random Forest,0.2,0.8,34,0,0.23,0.29,0,0,0,0,0
weak,23,Random Forest,0.2,0.8,118,1,0.75,0.48,1,0,1,0,1
weak,23,Random Forest,0.2,0.8,66,0,0.47,0.74,0,1,1,0,1
weak,23,Random Forest,0.2,0.8,180,1,0.75,0.71,1,1,0,0,0
weak,23,Random Forest,0.2,0.8,9,0,0.62,0.58,1,1,0,0,0
weak,23,Random Forest,0.2,0.8,171,1,0.7,0.68,1,1,0,0,0
weak,23,Random Forest,0.2,0.8,170,1,0.59,0.44,1,0,1,0,1
weak,23,Random Forest,0.2,0.8,68,0,0.6,0.52,1,1,0,0,0
weak,23,Random Forest,0.2,0.8,122,1,0.63,0.82,1,1,0,0,0
weak,23,Random Forest,0.2,0.8,160,1,0.69,0.82,1,1,0,0,0
weak,23,Random Forest,0.2,0.8,97,0,0.22,0.2,0,0,0,0,0
weak,23,Random Forest,0.2,0.8,47,0,0.51,0.58,1,1,0,0,0
weak,23,Random Forest,0.2,0.8,75,0,0.69,0.51,1,1,0,0,0
weak,23,Random Forest,0.2,0.8,12,0,0.22,0.15,0,0,0,0,0
weak,23,Random Forest,0.2,0.8,74,0,0.41,0.41,0,0,0,0,0
weak,23,Random Forest,0.2,0.8,8,0,0.26,0.26,0,0,0,0,0
weak,23,Random Forest,0.2,0.8,136,1,0.67,0.48,1,0,1,0,1
weak,23,Random Forest,0.2,0.8,84,0,0.67,0.56,1,1,0,0,0
weak,23,Random Forest,0.2,0.8,59,0,0.33,0.33,0,0,0,0,0
weak,23,Random Forest,0.2,0.8,20,0,0.32,0.42,0,0,0,0,0
weak,23,Random Forest,0.2,0.8,119,1,0.76,0.4,1,0,1,0,1
weak,23,Random Forest,0.2,0.8,129,1,0.75,0.54,1,1,0,0,0
weak,23,Random Forest,0.2,0.8,62,0,0.21,0.26,0,0,0,0,0
weak,23,Random Forest,0.2,0.8,127,1,0.78,0.66,1,1,0,0,0
weak,23,Random Forest,0.2,0.8,177,1,0.55,0.48,1,0,1,0,1
weak,23,Random Forest,0.2,0.8,125,1,0.7,0.88,1,1,0,0,0
weak,23,Random Forest,0.2,0.8,55,0,0.26,0.24,0,0,0,0,0
weak,23,Random Forest,0.2,0.8,138,1,0.79,0.74,1,1,0,0,0
weak,23,Random Forest,0.2,0.8,52,0,0.27,0.2,0,0,0,0,0
weak,23,Random Forest,0.2,0.8,162,1,0.69,0.83,1,1,0,0,0
weak,23,Random Forest,0.2,0.8,156,1,0.73,0.56,1,1,0,0,0
weak,23,Random Forest,0.2,0.8,152,1,0.74,0.73,1,1,0,0,0
weak,23,Random Forest,0.2,0.8,146,1,0.71,0.59,1,1,0,0,0
weak,23,Random Forest,0.2,0.8,181,1,0.64,0.73,1,1,0,0,0
weak,23,Random Forest,0.2,0.8,133,1,0.7,0.82,1,1,0,0,0
weak,23,Random Forest,0.2,0.8,91,0,0.63,0.21,1,0,1,1,0
weak,23,Random Forest,0.2,0.8,38,0,0.59,0.54,1,1,0,0,0
weak,23,Random Forest,0.3,0.7,66,0,0.47,0.74,0,1,1,0,1
weak,23,Random Forest,0.3,0.7,9,0,0.62,0.58,1,1,0,0,0
weak,23,Random Forest,0.3,0.7,170,1,0.59,0.44,1,0,1,0,1
weak,23,Random Forest,0.3,0.7,68,0,0.6,0.52,1,1,0,0,0
weak,23,Random Forest,0.3,0.7,122,1,0.63,0.82,1,1,0,0,0
weak,23,Random Forest,0.3,0.7,160,1,0.69,0.82,1,1,0,0,0
weak,23,Random Forest,0.3,0.7,47,0,0.51,0.58,1,1,0,0,0
weak,23,Random Forest,0.3,0.7,75,0,0.69,0.51,1,1,0,0,0
weak,23,Random Forest,0.3,0.7,74,0,0.41,0.41,0,0,0,0,0
weak,23,Random Forest,0.3,0.7,136,1,0.67,0.48,1,0,1,0,1
weak,23,Random Forest,0.3,0.7,84,0,0.67,0.56,1,1,0,0,0
weak,23,Random Forest,0.3,0.7,59,0,0.33,0.33,0,0,0,0,0
weak,23,Random Forest,0.3,0.7,20,0,0.32,0.42,0,0,0,0,0
weak,23,Random Forest,0.3,0.7,177,1,0.55,0.48,1,0,1,0,1
weak,23,Random Forest,0.3,0.7,162,1,0.69,0.83,1,1,0,0,0
weak,23,Random Forest,0.3,0.7,181,1,0.64,0.73,1,1,0,0,0
weak,23,Random Forest,0.3,0.7,91,0,0.63,0.21,1,0,1,1,0
weak,23,Random Forest,0.3,0.7,38,0,0.59,0.54,1,1,0,0,0
weak,23,Random Forest,0.4,0.6,66,0,0.47,0.74,0,1,1,0,1
weak,23,Random Forest,0.4,0.6,170,1,0.59,0.44,1,0,1,0,1
weak,23,Random Forest,0.4,0.6,47,0,0.51,0.58,1,1,0,0,0
weak,23,Random Forest,0.4,0.6,74,0,0.41,0.41,0,0,0,0,0
weak,23,Random Forest,0.4,0.6,177,1,0.55,0.48,1,0,1,0,1
weak,23,Random Forest,0.4,0.6,38,0,0.59,0.54,1,1,0,0,0
weak,23,XGBoost,0.2,0.8,66,0,0.6512306928634644,0.9149897694587708,1,1,0,0,0
weak,23,XGBoost,0.2,0.8,180,1,0.77916020154953,0.9333559274673462,1,1,0,0,0
weak,23,XGBoost,0.2,0.8,9,0,0.4785057604312897,0.3256627321243286,0,0,0,0,0
weak,23,XGBoost,0.2,0.8,170,1,0.3874940574169159,0.1698235124349594,0,0,0,0,0
weak,23,XGBoost,0.2,0.8,68,0,0.5619266033172607,0.1697053462266922,1,0,1,1,0
weak,23,XGBoost,0.2,0.8,122,1,0.46238377690315247,0.9064298868179321,0,1,1,1,0
weak,23,XGBoost,0.2,0.8,47,0,0.7498934268951416,0.8111510872840881,1,1,0,0,0
weak,23,XGBoost,0.2,0.8,75,0,0.5035693645477295,0.4804573059082031,1,0,1,1,0
weak,23,XGBoost,0.2,0.8,12,0,0.37767264246940613,0.07680041342973709,0,0,0,0,0
weak,23,XGBoost,0.2,0.8,74,0,0.6479339599609375,0.1803104728460312,1,0,1,1,0
weak,23,XGBoost,0.2,0.8,8,0,0.2817436158657074,0.20848746597766876,0,0,0,0,0
weak,23,XGBoost,0.2,0.8,136,1,0.6907872557640076,0.34658363461494446,1,0,1,0,1
weak,23,XGBoost,0.2,0.8,59,0,0.25046032667160034,0.04495938867330551,0,0,0,0,0
weak,23,XGBoost,0.2,0.8,119,1,0.32066866755485535,0.3799595236778259,0,0,0,0,0
weak,23,XGBoost,0.2,0.8,177,1,0.39632683992385864,0.10178689658641815,0,0,0,0,0
weak,23,XGBoost,0.2,0.8,125,1,0.7831538319587708,0.9833250045776367,1,1,0,0,0
weak,23,XGBoost,0.2,0.8,133,1,0.6845895051956177,0.9591917991638184,1,1,0,0,0
weak,23,XGBoost,0.2,0.8,91,0,0.6859068274497986,0.06568409502506256,1,0,1,1,0
weak,23,XGBoost,0.2,0.8,38,0,0.7512194514274597,0.38921472430229187,1,0,1,1,0
weak,23,XGBoost,0.3,0.7,66,0,0.6512306928634644,0.9149897694587708,1,1,0,0,0
weak,23,XGBoost,0.3,0.7,9,0,0.4785057604312897,0.3256627321243286,0,0,0,0,0
weak,23,XGBoost,0.3,0.7,170,1,0.3874940574169159,0.1698235124349594,0,0,0,0,0
weak,23,XGBoost,0.3,0.7,68,0,0.5619266033172607,0.1697053462266922,1,0,1,1,0
weak,23,XGBoost,0.3,0.7,122,1,0.46238377690315247,0.9064298868179321,0,1,1,1,0
weak,23,XGBoost,0.3,0.7,75,0,0.5035693645477295,0.4804573059082031,1,0,1,1,0
weak,23,XGBoost,0.3,0.7,12,0,0.37767264246940613,0.07680041342973709,0,0,0,0,0
weak,23,XGBoost,0.3,0.7,74,0,0.6479339599609375,0.1803104728460312,1,0,1,1,0
weak,23,XGBoost,0.3,0.7,136,1,0.6907872557640076,0.34658363461494446,1,0,1,0,1
weak,23,XGBoost,0.3,0.7,119,1,0.32066866755485535,0.3799595236778259,0,0,0,0,0
weak,23,XGBoost,0.3,0.7,177,1,0.39632683992385864,0.10178689658641815,0,0,0,0,0
weak,23,XGBoost,0.3,0.7,133,1,0.6845895051956177,0.9591917991638184,1,1,0,0,0
weak,23,XGBoost,0.3,0.7,91,0,0.6859068274497986,0.06568409502506256,1,0,1,1,0
weak,23,XGBoost,0.4,0.6,9,0,0.4785057604312897,0.3256627321243286,0,0,0,0,0
weak,23,XGBoost,0.4,0.6,68,0,0.5619266033172607,0.1697053462266922,1,0,1,1,0
weak,23,XGBoost,0.4,0.6,122,1,0.46238377690315247,0.9064298868179321,0,1,1,1,0
weak,23,XGBoost,0.4,0.6,75,0,0.5035693645477295,0.4804573059082031,1,0,1,1,0
weak,24,Logistic Regression,0.2,0.8,196,1,0.6125846761220611,0.6484326471719213,1,1,0,0,0
weak,24,Logistic Regression,0.2,0.8,19,0,0.4723244691251025,0.13146354698796336,0,0,0,0,0
weak,24,Logistic Regression,0.2,0.8,36,0,0.21605110797725885,0.03545205248495184,0,0,0,0,0
weak,24,Logistic Regression,0.2,0.8,101,1,0.7690684415966282,0.9794854763818641,1,1,0,0,0
weak,24,Logistic Regression,0.2,0.8,74,0,0.32306548933979734,0.04260761094094463,0,0,0,0,0
weak,24,Logistic Regression,0.2,0.8,161,1,0.5683310605808025,0.7601283820671658,1,1,0,0,0
weak,24,Logistic Regression,0.2,0.8,91,0,0.5137352076761486,0.045061938688147826,1,0,1,1,0
weak,24,Logistic Regression,0.2,0.8,49,0,0.42063038928242685,0.08226900195764235,0,0,0,0,0
weak,24,Logistic Regression,0.2,0.8,167,1,0.7762773412177897,0.9404341301080703,1,1,0,0,0
weak,24,Logistic Regression,0.2,0.8,193,1,0.3896265424141915,0.2632714309159208,0,0,0,0,0
weak,24,Logistic Regression,0.2,0.8,122,1,0.548912037368901,0.999463196611297,1,1,0,0,0
weak,24,Logistic Regression,0.2,0.8,111,1,0.717907074590338,0.9839393227835449,1,1,0,0,0
weak,24,Logistic Regression,0.2,0.8,63,0,0.38922595960616296,0.10877022602764477,0,0,0,0,0
weak,24,Logistic Regression,0.2,0.8,123,1,0.26627732752432864,0.9914786576199283,0,1,1,1,0
weak,24,Logistic Regression,0.2,0.8,112,1,0.714397350409084,0.2042878232572787,1,0,1,0,1
weak,24,Logistic Regression,0.2,0.8,162,1,0.2187681226981422,0.6275381112555645,0,1,1,1,0
weak,24,Logistic Regression,0.2,0.8,192,1,0.3982749516711971,0.9787642694479126,0,1,1,1,0
weak,24,Logistic Regression,0.2,0.8,172,1,0.5697648690468514,0.8061341524519425,1,1,0,0,0
weak,24,Logistic Regression,0.2,0.8,55,0,0.3608737563193342,0.799592672124057,0,1,1,0,1
weak,24,Logistic Regression,0.2,0.8,75,0,0.6601052018217434,0.04779779909471561,1,0,1,1,0
weak,24,Logistic Regression,0.2,0.8,38,0,0.32592746529900407,0.22923336478869322,0,0,0,0,0
weak,24,Logistic Regression,0.2,0.8,33,0,0.38768538784872253,0.4159354960844072,0,0,0,0,0
weak,24,Logistic Regression,0.2,0.8,110,1,0.6622935943008436,0.9454790242373533,1,1,0,0,0
weak,24,Logistic Regression,0.2,0.8,187,1,0.7784032982381139,0.9911009437750059,1,1,0,0,0
weak,24,Logistic Regression,0.2,0.8,182,1,0.4286453204361182,0.9492153499713799,0,1,1,1,0
weak,24,Logistic Regression,0.2,0.8,191,1,0.5418385585049361,0.9625984486254948,1,1,0,0,0
weak,24,Logistic Regression,0.2,0.8,87,0,0.7647843354496261,0.8402753287020869,1,1,0,0,0
weak,24,Logistic Regression,0.2,0.8,79,0,0.626483954013736,0.595598270219159,1,1,0,0,0
weak,24,Logistic Regression,0.2,0.8,138,1,0.7510147672369802,0.9828570843289239,1,1,0,0,0
weak,24,Logistic Regression,0.2,0.8,45,0,0.7430086903161967,0.8624476931017337,1,1,0,0,0
weak,24,Logistic Regression,0.2,0.8,134,1,0.35317544960779973,0.9379720273008004,0,1,1,1,0
weak,24,Logistic Regression,0.2,0.8,195,1,0.755833989277467,0.8807828609674171,1,1,0,0,0
weak,24,Logistic Regression,0.2,0.8,43,0,0.5126802700814437,0.1704587814611583,1,0,1,1,0
weak,24,Logistic Regression,0.2,0.8,69,0,0.6369542700761213,0.979927415871487,1,1,0,0,0
weak,24,Logistic Regression,0.2,0.8,174,1,0.7455342217666389,0.98594101164272,1,1,0,0,0
weak,24,Logistic Regression,0.2,0.8,133,1,0.7132236180555223,0.9926237381079467,1,1,0,0,0
weak,24,Logistic Regression,0.2,0.8,21,0,0.49064164273146443,0.03955658151834491,0,0,0,0,0
weak,24,Logistic Regression,0.2,0.8,94,0,0.21410105737140422,0.3696050328813641,0,0,0,0,0
weak,24,Logistic Regression,0.2,0.8,199,1,0.5573200265350259,0.6226109936216349,1,1,0,0,0
weak,24,Logistic Regression,0.2,0.8,77,0,0.2874072688188718,0.045902294986746625,0,0,0,0,0
weak,24,Logistic Regression,0.2,0.8,170,1,0.5877414607069112,0.02629726083779006,1,0,1,0,1
weak,24,Logistic Regression,0.2,0.8,114,1,0.478075463271262,0.854073805121879,0,1,1,1,0
weak,24,Logistic Regression,0.2,0.8,9,0,0.671668865714683,0.5449330748603652,1,1,0,0,0
weak,24,Logistic Regression,0.2,0.8,76,0,0.6410497733542526,0.63241809896998,1,1,0,0,0
weak,24,Logistic Regression,0.2,0.8,53,0,0.2416585598045474,0.02402397480642243,0,0,0,0,0
weak,24,Logistic Regression,0.2,0.8,180,1,0.4012038191889205,0.6732036519724807,0,1,1,1,0
weak,24,Logistic Regression,0.2,0.8,8,0,0.3473680629436178,0.014090492596014142,0,0,0,0,0
weak,24,Logistic Regression,0.2,0.8,50,0,0.5162079922102344,0.19518193688199834,1,0,1,1,0
weak,24,Logistic Regression,0.2,0.8,30,0,0.47774377420104336,0.2686000947272042,0,0,0,0,0
weak,24,Logistic Regression,0.2,0.8,4,0,0.3826175675505969,0.6528407667160737,0,1,1,0,1
weak,24,Logistic Regression,0.2,0.8,57,0,0.604789172960645,0.9831506869319928,1,1,0,0,0
weak,24,Logistic Regression,0.2,0.8,58,0,0.3761798747805714,0.5791073643890566,0,1,1,0,1
weak,24,Logistic Regression,0.3,0.7,196,1,0.6125846761220611,0.6484326471719213,1,1,0,0,0
weak,24,Logistic Regression,0.3,0.7,19,0,0.4723244691251025,0.13146354698796336,0,0,0,0,0
weak,24,Logistic Regression,0.3,0.7,74,0,0.32306548933979734,0.04260761094094463,0,0,0,0,0
weak,24,Logistic Regression,0.3,0.7,161,1,0.5683310605808025,0.7601283820671658,1,1,0,0,0
weak,24,Logistic Regression,0.3,0.7,91,0,0.5137352076761486,0.045061938688147826,1,0,1,1,0
weak,24,Logistic Regression,0.3,0.7,49,0,0.42063038928242685,0.08226900195764235,0,0,0,0,0
weak,24,Logistic Regression,0.3,0.7,193,1,0.3896265424141915,0.2632714309159208,0,0,0,0,0
weak,24,Logistic Regression,0.3,0.7,122,1,0.548912037368901,0.999463196611297,1,1,0,0,0
weak,24,Logistic Regression,0.3,0.7,63,0,0.38922595960616296,0.10877022602764477,0,0,0,0,0
weak,24,Logistic Regression,0.3,0.7,192,1,0.3982749516711971,0.9787642694479126,0,1,1,1,0
weak,24,Logistic Regression,0.3,0.7,172,1,0.5697648690468514,0.8061341524519425,1,1,0,0,0
weak,24,Logistic Regression,0.3,0.7,55,0,0.3608737563193342,0.799592672124057,0,1,1,0,1
weak,24,Logistic Regression,0.3,0.7,75,0,0.6601052018217434,0.04779779909471561,1,0,1,1,0
weak,24,Logistic Regression,0.3,0.7,38,0,0.32592746529900407,0.22923336478869322,0,0,0,0,0
weak,24,Logistic Regression,0.3,0.7,33,0,0.38768538784872253,0.4159354960844072,0,0,0,0,0
weak,24,Logistic Regression,0.3,0.7,110,1,0.6622935943008436,0.9454790242373533,1,1,0,0,0
weak,24,Logistic Regression,0.3,0.7,182,1,0.4286453204361182,0.9492153499713799,0,1,1,1,0
weak,24,Logistic Regression,0.3,0.7,191,1,0.5418385585049361,0.9625984486254948,1,1,0,0,0
weak,24,Logistic Regression,0.3,0.7,79,0,0.626483954013736,0.595598270219159,1,1,0,0,0
weak,24,Logistic Regression,0.3,0.7,134,1,0.35317544960779973,0.9379720273008004,0,1,1,1,0
weak,24,Logistic Regression,0.3,0.7,43,0,0.5126802700814437,0.1704587814611583,1,0,1,1,0
weak,24,Logistic Regression,0.3,0.7,69,0,0.6369542700761213,0.979927415871487,1,1,0,0,0
weak,24,Logistic Regression,0.3,0.7,21,0,0.49064164273146443,0.03955658151834491,0,0,0,0,0
weak,24,Logistic Regression,0.3,0.7,199,1,0.5573200265350259,0.6226109936216349,1,1,0,0,0
weak,24,Logistic Regression,0.3,0.7,170,1,0.5877414607069112,0.02629726083779006,1,0,1,0,1
weak,24,Logistic Regression,0.3,0.7,114,1,0.478075463271262,0.854073805121879,0,1,1,1,0
weak,24,Logistic Regression,0.3,0.7,9,0,0.671668865714683,0.5449330748603652,1,1,0,0,0
weak,24,Logistic Regression,0.3,0.7,76,0,0.6410497733542526,0.63241809896998,1,1,0,0,0
weak,24,Logistic Regression,0.3,0.7,180,1,0.4012038191889205,0.6732036519724807,0,1,1,1,0
weak,24,Logistic Regression,0.3,0.7,8,0,0.3473680629436178,0.014090492596014142,0,0,0,0,0
weak,24,Logistic Regression,0.3,0.7,50,0,0.5162079922102344,0.19518193688199834,1,0,1,1,0
weak,24,Logistic Regression,0.3,0.7,30,0,0.47774377420104336,0.2686000947272042,0,0,0,0,0
weak,24,Logistic Regression,0.3,0.7,4,0,0.3826175675505969,0.6528407667160737,0,1,1,0,1
weak,24,Logistic Regression,0.3,0.7,57,0,0.604789172960645,0.9831506869319928,1,1,0,0,0
weak,24,Logistic Regression,0.3,0.7,58,0,0.3761798747805714,0.5791073643890566,0,1,1,0,1
weak,24,Logistic Regression,0.4,0.6,19,0,0.4723244691251025,0.13146354698796336,0,0,0,0,0
weak,24,Logistic Regression,0.4,0.6,161,1,0.5683310605808025,0.7601283820671658,1,1,0,0,0
weak,24,Logistic Regression,0.4,0.6,91,0,0.5137352076761486,0.045061938688147826,1,0,1,1,0
weak,24,Logistic Regression,0.4,0.6,49,0,0.42063038928242685,0.08226900195764235,0,0,0,0,0
weak,24,Logistic Regression,0.4,0.6,122,1,0.548912037368901,0.999463196611297,1,1,0,0,0
weak,24,Logistic Regression,0.4,0.6,172,1,0.5697648690468514,0.8061341524519425,1,1,0,0,0
weak,24,Logistic Regression,0.4,0.6,182,1,0.4286453204361182,0.9492153499713799,0,1,1,1,0
weak,24,Logistic Regression,0.4,0.6,191,1,0.5418385585049361,0.9625984486254948,1,1,0,0,0
weak,24,Logistic Regression,0.4,0.6,43,0,0.5126802700814437,0.1704587814611583,1,0,1,1,0
weak,24,Logistic Regression,0.4,0.6,21,0,0.49064164273146443,0.03955658151834491,0,0,0,0,0
weak,24,Logistic Regression,0.4,0.6,199,1,0.5573200265350259,0.6226109936216349,1,1,0,0,0
weak,24,Logistic Regression,0.4,0.6,170,1,0.5877414607069112,0.02629726083779006,1,0,1,0,1
weak,24,Logistic Regression,0.4,0.6,114,1,0.478075463271262,0.854073805121879,0,1,1,1,0
weak,24,Logistic Regression,0.4,0.6,180,1,0.4012038191889205,0.6732036519724807,0,1,1,1,0
weak,24,Logistic Regression,0.4,0.6,50,0,0.5162079922102344,0.19518193688199834,1,0,1,1,0
weak,24,Logistic Regression,0.4,0.6,30,0,0.47774377420104336,0.2686000947272042,0,0,0,0,0
weak,24,Random Forest,0.2,0.8,196,1,0.75,0.65,1,1,0,0,0
weak,24,Random Forest,0.2,0.8,36,0,0.21,0.24,0,0,0,0,0
weak,24,Random Forest,0.2,0.8,74,0,0.62,0.53,1,1,0,0,0
weak,24,Random Forest,0.2,0.8,161,1,0.78,0.77,1,1,0,0,0
weak,24,Random Forest,0.2,0.8,177,1,0.52,0.55,1,1,0,0,0
weak,24,Random Forest,0.2,0.8,91,0,0.54,0.34,1,0,1,1,0
weak,24,Random Forest,0.2,0.8,167,1,0.7,0.59,1,1,0,0,0
weak,24,Random Forest,0.2,0.8,193,1,0.7,0.61,1,1,0,0,0
weak,24,Random Forest,0.2,0.8,122,1,0.77,0.85,1,1,0,0,0
weak,24,Random Forest,0.2,0.8,63,0,0.35,0.4,0,0,0,0,0
weak,24,Random Forest,0.2,0.8,123,1,0.55,0.78,1,1,0,0,0
weak,24,Random Forest,0.2,0.8,162,1,0.7,0.79,1,1,0,0,0
weak,24,Random Forest,0.2,0.8,192,1,0.74,0.74,1,1,0,0,0
weak,24,Random Forest,0.2,0.8,172,1,0.66,0.78,1,1,0,0,0
weak,24,Random Forest,0.2,0.8,75,0,0.65,0.46,1,0,1,1,0
weak,24,Random Forest,0.2,0.8,38,0,0.54,0.56,1,1,0,0,0
weak,24,Random Forest,0.2,0.8,110,1,0.74,0.75,1,1,0,0,0
weak,24,Random Forest,0.2,0.8,187,1,0.75,0.81,1,1,0,0,0
weak,24,Random Forest,0.2,0.8,191,1,0.78,0.72,1,1,0,0,0
weak,24,Random Forest,0.2,0.8,87,0,0.29,0.37,0,0,0,0,0
weak,24,Random Forest,0.2,0.8,79,0,0.68,0.7,1,1,0,0,0
weak,24,Random Forest,0.2,0.8,45,0,0.24,0.4,0,0,0,0,0
weak,24,Random Forest,0.2,0.8,134,1,0.7,0.77,1,1,0,0,0
weak,24,Random Forest,0.2,0.8,195,1,0.76,0.73,1,1,0,0,0
weak,24,Random Forest,0.2,0.8,43,0,0.31,0.26,0,0,0,0,0
weak,24,Random Forest,0.2,0.8,69,0,0.29,0.46,0,0,0,0,0
weak,24,Random Forest,0.2,0.8,174,1,0.77,0.84,1,1,0,0,0
weak,24,Random Forest,0.2,0.8,133,1,0.6,0.71,1,1,0,0,0
weak,24,Random Forest,0.2,0.8,179,1,0.71,0.65,1,1,0,0,0
weak,24,Random Forest,0.2,0.8,21,0,0.21,0.34,0,0,0,0,0
weak,24,Random Forest,0.2,0.8,199,1,0.66,0.64,1,1,0,0,0
weak,24,Random Forest,0.2,0.8,156,1,0.78,0.62,1,1,0,0,0
weak,24,Random Forest,0.2,0.8,7,0,0.25,0.23,0,0,0,0,0
weak,24,Random Forest,0.2,0.8,170,1,0.62,0.41,1,0,1,0,1
weak,24,Random Forest,0.2,0.8,114,1,0.65,0.61,1,1,0,0,0
weak,24,Random Forest,0.2,0.8,9,0,0.5,0.52,1,1,0,0,0
weak,24,Random Forest,0.2,0.8,53,0,0.21,0.23,0,0,0,0,0
weak,24,Random Forest,0.2,0.8,180,1,0.72,0.63,1,1,0,0,0
weak,24,Random Forest,0.2,0.8,4,0,0.29,0.35,0,0,0,0,0
weak,24,Random Forest,0.2,0.8,58,0,0.63,0.64,1,1,0,0,0
weak,24,Random Forest,0.3,0.7,74,0,0.62,0.53,1,1,0,0,0
weak,24,Random Forest,0.3,0.7,177,1,0.52,0.55,1,1,0,0,0
weak,24,Random Forest,0.3,0.7,91,0,0.54,0.34,1,0,1,1,0
weak,24,Random Forest,0.3,0.7,63,0,0.35,0.4,0,0,0,0,0
weak,24,Random Forest,0.3,0.7,123,1,0.55,0.78,1,1,0,0,0
weak,24,Random Forest,0.3,0.7,172,1,0.66,0.78,1,1,0,0,0
weak,24,Random Forest,0.3,0.7,75,0,0.65,0.46,1,0,1,1,0
weak,24,Random Forest,0.3,0.7,38,0,0.54,0.56,1,1,0,0,0
weak,24,Random Forest,0.3,0.7,79,0,0.68,0.7,1,1,0,0,0
weak,24,Random Forest,0.3,0.7,43,0,0.31,0.26,0,0,0,0,0
weak,24,Random Forest,0.3,0.7,133,1,0.6,0.71,1,1,0,0,0
weak,24,Random Forest,0.3,0.7,199,1,0.66,0.64,1,1,0,0,0
weak,24,Random Forest,0.3,0.7,170,1,0.62,0.41,1,0,1,0,1
weak,24,Random Forest,0.3,0.7,114,1,0.65,0.61,1,1,0,0,0
weak,24,Random Forest,0.3,0.7,9,0,0.5,0.52,1,1,0,0,0
weak,24,Random Forest,0.3,0.7,58,0,0.63,0.64,1,1,0,0,0
weak,24,Random Forest,0.4,0.6,177,1,0.52,0.55,1,1,0,0,0
weak,24,Random Forest,0.4,0.6,91,0,0.54,0.34,1,0,1,1,0
weak,24,Random Forest,0.4,0.6,123,1,0.55,0.78,1,1,0,0,0
weak,24,Random Forest,0.4,0.6,38,0,0.54,0.56,1,1,0,0,0
weak,24,Random Forest,0.4,0.6,9,0,0.5,0.52,1,1,0,0,0
weak,24,XGBoost,0.2,0.8,74,0,0.6031335592269897,0.23810270428657532,1,0,1,1,0
weak,24,XGBoost,0.2,0.8,91,0,0.5135000944137573,0.18075278401374817,1,0,1,1,0
weak,24,XGBoost,0.2,0.8,122,1,0.47702518105506897,0.9705886244773865,0,1,1,1,0
weak,24,XGBoost,0.2,0.8,63,0,0.26210862398147583,0.24945701658725739,0,0,0,0,0
weak,24,XGBoost,0.2,0.8,75,0,0.4110255539417267,0.32348760962486267,0,0,0,0,0
weak,24,XGBoost,0.2,0.8,87,0,0.4389123022556305,0.20024451613426208,0,0,0,0,0
weak,24,XGBoost,0.2,0.8,79,0,0.436128169298172,0.8743839859962463,0,1,1,0,1
weak,24,XGBoost,0.2,0.8,133,1,0.7827052474021912,0.9551810026168823,1,1,0,0,0
weak,24,XGBoost,0.2,0.8,199,1,0.7321850061416626,0.6251477003097534,1,1,0,0,0
weak,24,XGBoost,0.2,0.8,170,1,0.5512300729751587,0.13295727968215942,1,0,1,0,1
weak,24,XGBoost,0.2,0.8,114,1,0.5836895108222961,0.7286292314529419,1,1,0,0,0
weak,24,XGBoost,0.2,0.8,9,0,0.47088250517845154,0.4544525146484375,0,0,0,0,0
weak,24,XGBoost,0.2,0.8,4,0,0.3166375756263733,0.2567217946052551,0,0,0,0,0
weak,24,XGBoost,0.2,0.8,58,0,0.5422760248184204,0.7623280882835388,1,1,0,0,0
weak,24,XGBoost,0.3,0.7,74,0,0.6031335592269897,0.23810270428657532,1,0,1,1,0
weak,24,XGBoost,0.3,0.7,91,0,0.5135000944137573,0.18075278401374817,1,0,1,1,0
weak,24,XGBoost,0.3,0.7,122,1,0.47702518105506897,0.9705886244773865,0,1,1,1,0
weak,24,XGBoost,0.3,0.7,75,0,0.4110255539417267,0.32348760962486267,0,0,0,0,0
weak,24,XGBoost,0.3,0.7,87,0,0.4389123022556305,0.20024451613426208,0,0,0,0,0
weak,24,XGBoost,0.3,0.7,79,0,0.436128169298172,0.8743839859962463,0,1,1,0,1
weak,24,XGBoost,0.3,0.7,170,1,0.5512300729751587,0.13295727968215942,1,0,1,0,1
weak,24,XGBoost,0.3,0.7,114,1,0.5836895108222961,0.7286292314529419,1,1,0,0,0
weak,24,XGBoost,0.3,0.7,9,0,0.47088250517845154,0.4544525146484375,0,0,0,0,0
weak,24,XGBoost,0.3,0.7,4,0,0.3166375756263733,0.2567217946052551,0,0,0,0,0
weak,24,XGBoost,0.3,0.7,58,0,0.5422760248184204,0.7623280882835388,1,1,0,0,0
weak,24,XGBoost,0.4,0.6,91,0,0.5135000944137573,0.18075278401374817,1,0,1,1,0
weak,24,XGBoost,0.4,0.6,122,1,0.47702518105506897,0.9705886244773865,0,1,1,1,0
weak,24,XGBoost,0.4,0.6,75,0,0.4110255539417267,0.32348760962486267,0,0,0,0,0
weak,24,XGBoost,0.4,0.6,87,0,0.4389123022556305,0.20024451613426208,0,0,0,0,0
weak,24,XGBoost,0.4,0.6,79,0,0.436128169298172,0.8743839859962463,0,1,1,0,1
weak,24,XGBoost,0.4,0.6,170,1,0.5512300729751587,0.13295727968215942,1,0,1,0,1
weak,24,XGBoost,0.4,0.6,114,1,0.5836895108222961,0.7286292314529419,1,1,0,0,0
weak,24,XGBoost,0.4,0.6,9,0,0.47088250517845154,0.4544525146484375,0,0,0,0,0
weak,24,XGBoost,0.4,0.6,58,0,0.5422760248184204,0.7623280882835388,1,1,0,0,0
weak,25,Logistic Regression,0.2,0.8,83,0,0.2851294099369039,0.48324574500533674,0,0,0,0,0
weak,25,Logistic Regression,0.2,0.8,153,1,0.6371341410612484,0.8664670219440866,1,1,0,0,0
weak,25,Logistic Regression,0.2,0.8,15,0,0.7447280690131897,0.7563517861222852,1,1,0,0,0
weak,25,Logistic Regression,0.2,0.8,160,1,0.6287080862275154,0.9587205959892765,1,1,0,0,0
weak,25,Logistic Regression,0.2,0.8,39,0,0.42321310332036843,0.17430826885144662,0,0,0,0,0
weak,25,Logistic Regression,0.2,0.8,6,0,0.3407846225165887,0.5133959194119698,0,1,1,0,1
weak,25,Logistic Regression,0.2,0.8,150,1,0.6074757255768053,0.9929618595614265,1,1,0,0,0
weak,25,Logistic Regression,0.2,0.8,71,0,0.5969256638417496,0.22414055376086117,1,0,1,1,0
weak,25,Logistic Regression,0.2,0.8,181,1,0.3677749675901124,0.9548180574740761,0,1,1,1,0
weak,25,Logistic Regression,0.2,0.8,33,0,0.37819593324575945,0.45075892083681823,0,0,0,0,0
weak,25,Logistic Regression,0.2,0.8,185,1,0.35917735949992785,0.7325735879168023,0,1,1,1,0
weak,25,Logistic Regression,0.2,0.8,92,0,0.7983915755790016,0.4515232303683538,1,0,1,1,0
weak,25,Logistic Regression,0.2,0.8,182,1,0.33216997478887894,0.6483074708303235,0,1,1,1,0
weak,25,Logistic Regression,0.2,0.8,5,0,0.25842784587837797,0.2253640966031994,0,0,0,0,0
weak,25,Logistic Regression,0.2,0.8,141,1,0.2457490680810598,0.12150582829603922,0,0,0,0,0
weak,25,Logistic Regression,0.2,0.8,67,0,0.7369076229817816,0.4056478068870357,1,0,1,1,0
weak,25,Logistic Regression,0.2,0.8,180,1,0.3297529002688156,0.7186513173767947,0,1,1,1,0
weak,25,Logistic Regression,0.2,0.8,8,0,0.5227346463301841,0.23941092609914885,1,0,1,1,0
weak,25,Logistic Regression,0.2,0.8,192,1,0.3402363078790487,0.8794198102621905,0,1,1,1,0
weak,25,Logistic Regression,0.2,0.8,199,1,0.6338549605239802,0.8274305307516857,1,1,0,0,0
weak,25,Logistic Regression,0.2,0.8,70,0,0.5154663699037227,0.7841212993353565,1,1,0,0,0
weak,25,Logistic Regression,0.2,0.8,191,1,0.47349240422065486,0.914552900764273,0,1,1,1,0
weak,25,Logistic Regression,0.2,0.8,44,0,0.4476775400927803,0.1996370750719949,0,0,0,0,0
weak,25,Logistic Regression,0.2,0.8,138,1,0.6899553685227383,0.971995185478578,1,1,0,0,0
weak,25,Logistic Regression,0.2,0.8,104,1,0.7605963146489053,0.9069400374395103,1,1,0,0,0
weak,25,Logistic Regression,0.2,0.8,52,0,0.5448555074408935,0.2014491035746349,1,0,1,1,0
weak,25,Logistic Regression,0.2,0.8,189,1,0.5708657020755853,0.9581895734363807,1,1,0,0,0
weak,25,Logistic Regression,0.2,0.8,175,1,0.48774922395513054,0.680204763663145,0,1,1,1,0
weak,25,Logistic Regression,0.2,0.8,114,1,0.7528051595179287,0.5651864686349704,1,1,0,0,0
weak,25,Logistic Regression,0.2,0.8,72,0,0.3006337075594115,0.2886464764525391,0,0,0,0,0
weak,25,Logistic Regression,0.2,0.8,38,0,0.2471676484219516,0.12242098112225012,0,0,0,0,0
weak,25,Logistic Regression,0.2,0.8,36,0,0.2659805910341049,0.2521382728712323,0,0,0,0,0
weak,25,Logistic Regression,0.2,0.8,193,1,0.4613558724254257,0.26334455696418924,0,0,0,0,0
weak,25,Logistic Regression,0.2,0.8,109,1,0.21026401063466998,0.3126389824672772,0,0,0,0,0
weak,25,Logistic Regression,0.2,0.8,100,1,0.7226541138186385,0.8982983535872731,1,1,0,0,0
weak,25,Logistic Regression,0.2,0.8,82,0,0.6540736135651206,0.8121908548915614,1,1,0,0,0
weak,25,Logistic Regression,0.2,0.8,119,1,0.46754635893623625,0.36932394480704145,0,0,0,0,0
weak,25,Logistic Regression,0.2,0.8,132,1,0.789373073207902,0.06349014111809748,1,0,1,0,1
weak,25,Logistic Regression,0.2,0.8,21,0,0.4849121278699759,0.16001000338910812,0,0,0,0,0
weak,25,Logistic Regression,0.2,0.8,120,1,0.3467778160778439,0.07330365225356693,0,0,0,0,0
weak,25,Logistic Regression,0.2,0.8,91,0,0.4269860961290823,0.1056023583262557,0,0,0,0,0
weak,25,Logistic Regression,0.2,0.8,75,0,0.653676971604668,0.060084108077103314,1,0,1,1,0
weak,25,Logistic Regression,0.3,0.7,153,1,0.6371341410612484,0.8664670219440866,1,1,0,0,0
weak,25,Logistic Regression,0.3,0.7,160,1,0.6287080862275154,0.9587205959892765,1,1,0,0,0
weak,25,Logistic Regression,0.3,0.7,39,0,0.42321310332036843,0.17430826885144662,0,0,0,0,0
weak,25,Logistic Regression,0.3,0.7,6,0,0.3407846225165887,0.5133959194119698,0,1,1,0,1
weak,25,Logistic Regression,0.3,0.7,150,1,0.6074757255768053,0.9929618595614265,1,1,0,0,0
weak,25,Logistic Regression,0.3,0.7,71,0,0.5969256638417496,0.22414055376086117,1,0,1,1,0
weak,25,Logistic Regression,0.3,0.7,181,1,0.3677749675901124,0.9548180574740761,0,1,1,1,0
weak,25,Logistic Regression,0.3,0.7,33,0,0.37819593324575945,0.45075892083681823,0,0,0,0,0
weak,25,Logistic Regression,0.3,0.7,185,1,0.35917735949992785,0.7325735879168023,0,1,1,1,0
weak,25,Logistic Regression,0.3,0.7,182,1,0.33216997478887894,0.6483074708303235,0,1,1,1,0
weak,25,Logistic Regression,0.3,0.7,180,1,0.3297529002688156,0.7186513173767947,0,1,1,1,0
weak,25,Logistic Regression,0.3,0.7,8,0,0.5227346463301841,0.23941092609914885,1,0,1,1,0
weak,25,Logistic Regression,0.3,0.7,192,1,0.3402363078790487,0.8794198102621905,0,1,1,1,0
weak,25,Logistic Regression,0.3,0.7,199,1,0.6338549605239802,0.8274305307516857,1,1,0,0,0
weak,25,Logistic Regression,0.3,0.7,70,0,0.5154663699037227,0.7841212993353565,1,1,0,0,0
weak,25,Logistic Regression,0.3,0.7,191,1,0.47349240422065486,0.914552900764273,0,1,1,1,0
weak,25,Logistic Regression,0.3,0.7,44,0,0.4476775400927803,0.1996370750719949,0,0,0,0,0
weak,25,Logistic Regression,0.3,0.7,138,1,0.6899553685227383,0.971995185478578,1,1,0,0,0
weak,25,Logistic Regression,0.3,0.7,52,0,0.5448555074408935,0.2014491035746349,1,0,1,1,0
weak,25,Logistic Regression,0.3,0.7,189,1,0.5708657020755853,0.9581895734363807,1,1,0,0,0
weak,25,Logistic Regression,0.3,0.7,175,1,0.48774922395513054,0.680204763663145,0,1,1,1,0
weak,25,Logistic Regression,0.3,0.7,72,0,0.3006337075594115,0.2886464764525391,0,0,0,0,0
weak,25,Logistic Regression,0.3,0.7,193,1,0.4613558724254257,0.26334455696418924,0,0,0,0,0
weak,25,Logistic Regression,0.3,0.7,82,0,0.6540736135651206,0.8121908548915614,1,1,0,0,0
weak,25,Logistic Regression,0.3,0.7,119,1,0.46754635893623625,0.36932394480704145,0,0,0,0,0
weak,25,Logistic Regression,0.3,0.7,21,0,0.4849121278699759,0.16001000338910812,0,0,0,0,0
weak,25,Logistic Regression,0.3,0.7,120,1,0.3467778160778439,0.07330365225356693,0,0,0,0,0
weak,25,Logistic Regression,0.3,0.7,91,0,0.4269860961290823,0.1056023583262557,0,0,0,0,0
weak,25,Logistic Regression,0.3,0.7,75,0,0.653676971604668,0.060084108077103314,1,0,1,1,0
weak,25,Logistic Regression,0.4,0.6,39,0,0.42321310332036843,0.17430826885144662,0,0,0,0,0
weak,25,Logistic Regression,0.4,0.6,71,0,0.5969256638417496,0.22414055376086117,1,0,1,1,0
weak,25,Logistic Regression,0.4,0.6,8,0,0.5227346463301841,0.23941092609914885,1,0,1,1,0
weak,25,Logistic Regression,0.4,0.6,70,0,0.5154663699037227,0.7841212993353565,1,1,0,0,0
weak,25,Logistic Regression,0.4,0.6,191,1,0.47349240422065486,0.914552900764273,0,1,1,1,0
weak,25,Logistic Regression,0.4,0.6,44,0,0.4476775400927803,0.1996370750719949,0,0,0,0,0
weak,25,Logistic Regression,0.4,0.6,52,0,0.5448555074408935,0.2014491035746349,1,0,1,1,0
weak,25,Logistic Regression,0.4,0.6,189,1,0.5708657020755853,0.9581895734363807,1,1,0,0,0
weak,25,Logistic Regression,0.4,0.6,175,1,0.48774922395513054,0.680204763663145,0,1,1,1,0
weak,25,Logistic Regression,0.4,0.6,193,1,0.4613558724254257,0.26334455696418924,0,0,0,0,0
weak,25,Logistic Regression,0.4,0.6,119,1,0.46754635893623625,0.36932394480704145,0,0,0,0,0
weak,25,Logistic Regression,0.4,0.6,21,0,0.4849121278699759,0.16001000338910812,0,0,0,0,0
weak,25,Logistic Regression,0.4,0.6,91,0,0.4269860961290823,0.1056023583262557,0,0,0,0,0
weak,25,Random Forest,0.2,0.8,153,1,0.63,0.8,1,1,0,0,0
weak,25,Random Forest,0.2,0.8,47,0,0.59,0.66,1,1,0,0,0
weak,25,Random Forest,0.2,0.8,15,0,0.57,0.62,1,1,0,0,0
weak,25,Random Forest,0.2,0.8,133,1,0.79,0.79,1,1,0,0,0
weak,25,Random Forest,0.2,0.8,39,0,0.21,0.26,0,0,0,0,0
weak,25,Random Forest,0.2,0.8,6,0,0.54,0.59,1,1,0,0,0
weak,25,Random Forest,0.2,0.8,71,0,0.24,0.26,0,0,0,0,0
weak,25,Random Forest,0.2,0.8,68,0,0.6,0.54,1,1,0,0,0
weak,25,Random Forest,0.2,0.8,181,1,0.73,0.87,1,1,0,0,0
weak,25,Random Forest,0.2,0.8,128,1,0.66,0.74,1,1,0,0,0
weak,25,Random Forest,0.2,0.8,182,1,0.76,0.79,1,1,0,0,0
weak,25,Random Forest,0.2,0.8,5,0,0.41,0.41,0,0,0,0,0
weak,25,Random Forest,0.2,0.8,159,1,0.7,0.71,1,1,0,0,0
weak,25,Random Forest,0.2,0.8,141,1,0.72,0.62,1,1,0,0,0
weak,25,Random Forest,0.2,0.8,67,0,0.3,0.18,0,0,0,0,0
weak,25,Random Forest,0.2,0.8,192,1,0.72,0.7,1,1,0,0,0
weak,25,Random Forest,0.2,0.8,199,1,0.61,0.66,1,1,0,0,0
weak,25,Random Forest,0.2,0.8,44,0,0.69,0.62,1,1,0,0,0
weak,25,Random Forest,0.2,0.8,138,1,0.73,0.74,1,1,0,0,0
weak,25,Random Forest,0.2,0.8,104,1,0.76,0.75,1,1,0,0,0
weak,25,Random Forest,0.2,0.8,96,0,0.21,0.24,0,0,0,0,0
weak,25,Random Forest,0.2,0.8,52,0,0.26,0.28,0,0,0,0,0
weak,25,Random Forest,0.2,0.8,189,1,0.69,0.85,1,1,0,0,0
weak,25,Random Forest,0.2,0.8,175,1,0.78,0.72,1,1,0,0,0
weak,25,Random Forest,0.2,0.8,114,1,0.72,0.67,1,1,0,0,0
weak,25,Random Forest,0.2,0.8,72,0,0.53,0.63,1,1,0,0,0
weak,25,Random Forest,0.2,0.8,38,0,0.53,0.44,1,0,1,1,0
weak,25,Random Forest,0.2,0.8,36,0,0.27,0.34,0,0,0,0,0
weak,25,Random Forest,0.2,0.8,193,1,0.78,0.58,1,1,0,0,0
weak,25,Random Forest,0.2,0.8,164,1,0.78,0.72,1,1,0,0,0
weak,25,Random Forest,0.2,0.8,109,1,0.56,0.74,1,1,0,0,0
weak,25,Random Forest,0.2,0.8,82,0,0.29,0.28,0,0,0,0,0
weak,25,Random Forest,0.2,0.8,147,1,0.62,0.51,1,1,0,0,0
weak,25,Random Forest,0.2,0.8,119,1,0.68,0.52,1,1,0,0,0
weak,25,Random Forest,0.2,0.8,120,1,0.72,0.58,1,1,0,0,0
weak,25,Random Forest,0.2,0.8,91,0,0.53,0.41,1,0,1,1,0
weak,25,Random Forest,0.2,0.8,75,0,0.68,0.43,1,0,1,1,0
weak,25,Random Forest,0.3,0.7,153,1,0.63,0.8,1,1,0,0,0
weak,25,Random Forest,0.3,0.7,47,0,0.59,0.66,1,1,0,0,0
weak,25,Random Forest,0.3,0.7,15,0,0.57,0.62,1,1,0,0,0
weak,25,Random Forest,0.3,0.7,6,0,0.54,0.59,1,1,0,0,0
weak,25,Random Forest,0.3,0.7,68,0,0.6,0.54,1,1,0,0,0
weak,25,Random Forest,0.3,0.7,128,1,0.66,0.74,1,1,0,0,0
weak,25,Random Forest,0.3,0.7,5,0,0.41,0.41,0,0,0,0,0
weak,25,Random Forest,0.3,0.7,199,1,0.61,0.66,1,1,0,0,0
weak,25,Random Forest,0.3,0.7,44,0,0.69,0.62,1,1,0,0,0
weak,25,Random Forest,0.3,0.7,189,1,0.69,0.85,1,1,0,0,0
weak,25,Random Forest,0.3,0.7,72,0,0.53,0.63,1,1,0,0,0
weak,25,Random Forest,0.3,0.7,38,0,0.53,0.44,1,0,1,1,0
weak,25,Random Forest,0.3,0.7,109,1,0.56,0.74,1,1,0,0,0
weak,25,Random Forest,0.3,0.7,147,1,0.62,0.51,1,1,0,0,0
weak,25,Random Forest,0.3,0.7,119,1,0.68,0.52,1,1,0,0,0
weak,25,Random Forest,0.3,0.7,91,0,0.53,0.41,1,0,1,1,0
weak,25,Random Forest,0.3,0.7,75,0,0.68,0.43,1,0,1,1,0
weak,25,Random Forest,0.4,0.6,47,0,0.59,0.66,1,1,0,0,0
weak,25,Random Forest,0.4,0.6,15,0,0.57,0.62,1,1,0,0,0
weak,25,Random Forest,0.4,0.6,6,0,0.54,0.59,1,1,0,0,0
weak,25,Random Forest,0.4,0.6,5,0,0.41,0.41,0,0,0,0,0
weak,25,Random Forest,0.4,0.6,72,0,0.53,0.63,1,1,0,0,0
weak,25,Random Forest,0.4,0.6,38,0,0.53,0.44,1,0,1,1,0
weak,25,Random Forest,0.4,0.6,109,1,0.56,0.74,1,1,0,0,0
weak,25,Random Forest,0.4,0.6,91,0,0.53,0.41,1,0,1,1,0
weak,25,XGBoost,0.2,0.8,47,0,0.46085670590400696,0.8623104691505432,0,1,1,0,1
weak,25,XGBoost,0.2,0.8,68,0,0.5372486114501953,0.4151650071144104,1,0,1,1,0
weak,25,XGBoost,0.2,0.8,181,1,0.6463438868522644,0.937491774559021,1,1,0,0,0
weak,25,XGBoost,0.2,0.8,182,1,0.7703365087509155,0.9408933520317078,1,1,0,0,0
weak,25,XGBoost,0.2,0.8,141,1,0.7037259936332703,0.8339185118675232,1,1,0,0,0
weak,25,XGBoost,0.2,0.8,189,1,0.7740066051483154,0.9616063833236694,1,1,0,0,0
weak,25,XGBoost,0.2,0.8,72,0,0.41469836235046387,0.8435795903205872,0,1,1,0,1
weak,25,XGBoost,0.2,0.8,38,0,0.5053209662437439,0.8517714142799377,1,1,0,0,0
weak,25,XGBoost,0.2,0.8,109,1,0.5982014536857605,0.8299255967140198,1,1,0,0,0
weak,25,XGBoost,0.2,0.8,147,1,0.49061524868011475,0.5989472270011902,0,1,1,1,0
weak,25,XGBoost,0.2,0.8,119,1,0.5657435655593872,0.36187848448753357,1,0,1,0,1
weak,25,XGBoost,0.2,0.8,91,0,0.26855623722076416,0.17918165028095245,0,0,0,0,0
weak,25,XGBoost,0.3,0.7,47,0,0.46085670590400696,0.8623104691505432,0,1,1,0,1
weak,25,XGBoost,0.3,0.7,68,0,0.5372486114501953,0.4151650071144104,1,0,1,1,0
weak,25,XGBoost,0.3,0.7,181,1,0.6463438868522644,0.937491774559021,1,1,0,0,0
weak,25,XGBoost,0.3,0.7,72,0,0.41469836235046387,0.8435795903205872,0,1,1,0,1
weak,25,XGBoost,0.3,0.7,38,0,0.5053209662437439,0.8517714142799377,1,1,0,0,0
weak,25,XGBoost,0.3,0.7,109,1,0.5982014536857605,0.8299255967140198,1,1,0,0,0
weak,25,XGBoost,0.3,0.7,147,1,0.49061524868011475,0.5989472270011902,0,1,1,1,0
weak,25,XGBoost,0.3,0.7,119,1,0.5657435655593872,0.36187848448753357,1,0,1,0,1
weak,25,XGBoost,0.4,0.6,47,0,0.46085670590400696,0.8623104691505432,0,1,1,0,1
weak,25,XGBoost,0.4,0.6,68,0,0.5372486114501953,0.4151650071144104,1,0,1,1,0
weak,25,XGBoost,0.4,0.6,72,0,0.41469836235046387,0.8435795903205872,0,1,1,0,1
weak,25,XGBoost,0.4,0.6,38,0,0.5053209662437439,0.8517714142799377,1,1,0,0,0
weak,25,XGBoost,0.4,0.6,109,1,0.5982014536857605,0.8299255967140198,1,1,0,0,0
weak,25,XGBoost,0.4,0.6,147,1,0.49061524868011475,0.5989472270011902,0,1,1,1,0
weak,25,XGBoost,0.4,0.6,119,1,0.5657435655593872,0.36187848448753357,1,0,1,0,1
weak,26,Logistic Regression,0.2,0.8,197,1,0.5453940098990134,0.9856490347551701,1,1,0,0,0
weak,26,Logistic Regression,0.2,0.8,168,1,0.7006318141351882,0.9541437461551338,1,1,0,0,0
weak,26,Logistic Regression,0.2,0.8,108,1,0.6998171875492696,0.8485130000780973,1,1,0,0,0
weak,26,Logistic Regression,0.2,0.8,45,0,0.5891739882097706,0.888000841738028,1,1,0,0,0
weak,26,Logistic Regression,0.2,0.8,80,0,0.2951653822703915,0.006678363953503769,0,0,0,0,0
weak,26,Logistic Regression,0.2,0.8,19,0,0.366603606379675,0.1259819727914199,0,0,0,0,0
weak,26,Logistic Regression,0.2,0.8,63,0,0.5565266145236653,0.13489649024345576,1,0,1,1,0
weak,26,Logistic Regression,0.2,0.8,100,1,0.6608479691611066,0.8877929741967244,1,1,0,0,0
weak,26,Logistic Regression,0.2,0.8,72,0,0.5506333316443892,0.670617088641649,1,1,0,0,0
weak,26,Logistic Regression,0.2,0.8,193,1,0.24181635586186268,0.17559759608564857,0,0,0,0,0
weak,26,Logistic Regression,0.2,0.8,148,1,0.7376468451091273,0.737629255992353,1,1,0,0,0
weak,26,Logistic Regression,0.2,0.8,53,0,0.4925856628090727,0.08445546040284145,0,0,0,0,0
weak,26,Logistic Regression,0.2,0.8,118,1,0.3977126231120869,0.0681901027046297,0,0,0,0,0
weak,26,Logistic Regression,0.2,0.8,74,0,0.36125074091823983,0.0835404136349049,0,0,0,0,0
weak,26,Logistic Regression,0.2,0.8,124,1,0.7534301645483381,0.6616034116678848,1,1,0,0,0
weak,26,Logistic Regression,0.2,0.8,55,0,0.36060577583689835,0.828393911415231,0,1,1,0,1
weak,26,Logistic Regression,0.2,0.8,185,1,0.48888922888055053,0.8890932949560167,0,1,1,1,0
weak,26,Logistic Regression,0.2,0.8,113,1,0.33893146741501,0.8786110293991866,0,1,1,1,0
weak,26,Logistic Regression,0.2,0.8,88,0,0.6052230011934514,0.6907899352772804,1,1,0,0,0
weak,26,Logistic Regression,0.2,0.8,111,1,0.7545567705080403,0.9637755372925876,1,1,0,0,0
weak,26,Logistic Regression,0.2,0.8,21,0,0.36210623051256724,0.09523307655161327,0,0,0,0,0
weak,26,Logistic Regression,0.2,0.8,149,1,0.4358734308456689,0.9511336033530452,0,1,1,1,0
weak,26,Logistic Regression,0.2,0.8,44,0,0.265010865046362,0.015371608285073949,0,0,0,0,0
weak,26,Logistic Regression,0.2,0.8,163,1,0.525832979873192,0.7215040503931223,1,1,0,0,0
weak,26,Logistic Regression,0.2,0.8,162,1,0.26851083015841043,0.7213589158662371,0,1,1,1,0
weak,26,Logistic Regression,0.2,0.8,117,1,0.5585831395485993,0.8822933421327194,1,1,0,0,0
weak,26,Logistic Regression,0.2,0.8,28,0,0.28318495922211323,0.04219152185563784,0,0,0,0,0
weak,26,Logistic Regression,0.2,0.8,172,1,0.37734780060091183,0.6444363273422695,0,1,1,1,0
weak,26,Logistic Regression,0.2,0.8,192,1,0.2939480007586555,0.8628119826718382,0,1,1,1,0
weak,26,Logistic Regression,0.2,0.8,43,0,0.5690465461414022,0.0739596601259084,1,0,1,1,0
weak,26,Logistic Regression,0.2,0.8,56,0,0.7523308904780417,0.5887503927092338,1,1,0,0,0
weak,26,Logistic Regression,0.2,0.8,93,0,0.27745727157215183,0.2741127429838363,0,0,0,0,0
weak,26,Logistic Regression,0.2,0.8,104,1,0.6862900452452696,0.9701373534736706,1,1,0,0,0
weak,26,Logistic Regression,0.2,0.8,161,1,0.5568891399496396,0.6742751277784839,1,1,0,0,0
weak,26,Logistic Regression,0.2,0.8,71,0,0.5175389449974307,0.1260123713769972,1,0,1,1,0
weak,26,Logistic Regression,0.2,0.8,189,1,0.4384485312675,0.9268816556677582,0,1,1,1,0
weak,26,Logistic Regression,0.2,0.8,70,0,0.3363125689090135,0.2592609668916016,0,0,0,0,0
weak,26,Logistic Regression,0.2,0.8,122,1,0.42278229631469594,0.9920941232561801,0,1,1,1,0
weak,26,Logistic Regression,0.2,0.8,174,1,0.6492604737152717,0.9736192806414936,1,1,0,0,0
weak,26,Logistic Regression,0.2,0.8,120,1,0.29046648011218495,0.23658846991178956,0,0,0,0,0
weak,26,Logistic Regression,0.2,0.8,183,1,0.43422414031928525,0.6653073550158214,0,1,1,1,0
weak,26,Logistic Regression,0.2,0.8,115,1,0.7100409330922456,0.9441798012406054,1,1,0,0,0
weak,26,Logistic Regression,0.2,0.8,91,0,0.4688171380825628,0.027312437147323496,0,0,0,0,0
weak,26,Logistic Regression,0.2,0.8,90,0,0.2567693834133598,0.015371612371456591,0,0,0,0,0
weak,26,Logistic Regression,0.2,0.8,180,1,0.3618409091300458,0.7974002291896852,0,1,1,1,0
weak,26,Logistic Regression,0.2,0.8,110,1,0.584645843166863,0.8972972355737924,1,1,0,0,0
weak,26,Logistic Regression,0.2,0.8,171,1,0.5648809964358852,0.1244441466595759,1,0,1,0,1
weak,26,Logistic Regression,0.2,0.8,65,0,0.23098745555635286,0.06454754812077482,0,0,0,0,0
weak,26,Logistic Regression,0.2,0.8,158,1,0.30470173248920424,0.7128295303159063,0,1,1,1,0
weak,26,Logistic Regression,0.3,0.7,197,1,0.5453940098990134,0.9856490347551701,1,1,0,0,0
weak,26,Logistic Regression,0.3,0.7,108,1,0.6998171875492696,0.8485130000780973,1,1,0,0,0
weak,26,Logistic Regression,0.3,0.7,45,0,0.5891739882097706,0.888000841738028,1,1,0,0,0
weak,26,Logistic Regression,0.3,0.7,19,0,0.366603606379675,0.1259819727914199,0,0,0,0,0
weak,26,Logistic Regression,0.3,0.7,63,0,0.5565266145236653,0.13489649024345576,1,0,1,1,0
weak,26,Logistic Regression,0.3,0.7,100,1,0.6608479691611066,0.8877929741967244,1,1,0,0,0
weak,26,Logistic Regression,0.3,0.7,72,0,0.5506333316443892,0.670617088641649,1,1,0,0,0
weak,26,Logistic Regression,0.3,0.7,53,0,0.4925856628090727,0.08445546040284145,0,0,0,0,0
weak,26,Logistic Regression,0.3,0.7,118,1,0.3977126231120869,0.0681901027046297,0,0,0,0,0
weak,26,Logistic Regression,0.3,0.7,74,0,0.36125074091823983,0.0835404136349049,0,0,0,0,0
weak,26,Logistic Regression,0.3,0.7,55,0,0.36060577583689835,0.828393911415231,0,1,1,0,1
weak,26,Logistic Regression,0.3,0.7,185,1,0.48888922888055053,0.8890932949560167,0,1,1,1,0
weak,26,Logistic Regression,0.3,0.7,113,1,0.33893146741501,0.8786110293991866,0,1,1,1,0
weak,26,Logistic Regression,0.3,0.7,88,0,0.6052230011934514,0.6907899352772804,1,1,0,0,0
weak,26,Logistic Regression,0.3,0.7,21,0,0.36210623051256724,0.09523307655161327,0,0,0,0,0
weak,26,Logistic Regression,0.3,0.7,149,1,0.4358734308456689,0.9511336033530452,0,1,1,1,0
weak,26,Logistic Regression,0.3,0.7,163,1,0.525832979873192,0.7215040503931223,1,1,0,0,0
weak,26,Logistic Regression,0.3,0.7,117,1,0.5585831395485993,0.8822933421327194,1,1,0,0,0
weak,26,Logistic Regression,0.3,0.7,172,1,0.37734780060091183,0.6444363273422695,0,1,1,1,0
weak,26,Logistic Regression,0.3,0.7,43,0,0.5690465461414022,0.0739596601259084,1,0,1,1,0
weak,26,Logistic Regression,0.3,0.7,104,1,0.6862900452452696,0.9701373534736706,1,1,0,0,0
weak,26,Logistic Regression,0.3,0.7,161,1,0.5568891399496396,0.6742751277784839,1,1,0,0,0
weak,26,Logistic Regression,0.3,0.7,71,0,0.5175389449974307,0.1260123713769972,1,0,1,1,0
weak,26,Logistic Regression,0.3,0.7,189,1,0.4384485312675,0.9268816556677582,0,1,1,1,0
weak,26,Logistic Regression,0.3,0.7,70,0,0.3363125689090135,0.2592609668916016,0,0,0,0,0
weak,26,Logistic Regression,0.3,0.7,122,1,0.42278229631469594,0.9920941232561801,0,1,1,1,0
weak,26,Logistic Regression,0.3,0.7,174,1,0.6492604737152717,0.9736192806414936,1,1,0,0,0
weak,26,Logistic Regression,0.3,0.7,183,1,0.43422414031928525,0.6653073550158214,0,1,1,1,0
weak,26,Logistic Regression,0.3,0.7,91,0,0.4688171380825628,0.027312437147323496,0,0,0,0,0
weak,26,Logistic Regression,0.3,0.7,180,1,0.3618409091300458,0.7974002291896852,0,1,1,1,0
weak,26,Logistic Regression,0.3,0.7,110,1,0.584645843166863,0.8972972355737924,1,1,0,0,0
weak,26,Logistic Regression,0.3,0.7,171,1,0.5648809964358852,0.1244441466595759,1,0,1,0,1
weak,26,Logistic Regression,0.3,0.7,158,1,0.30470173248920424,0.7128295303159063,0,1,1,1,0
weak,26,Logistic Regression,0.4,0.6,197,1,0.5453940098990134,0.9856490347551701,1,1,0,0,0
weak,26,Logistic Regression,0.4,0.6,45,0,0.5891739882097706,0.888000841738028,1,1,0,0,0
weak,26,Logistic Regression,0.4,0.6,63,0,0.5565266145236653,0.13489649024345576,1,0,1,1,0
weak,26,Logistic Regression,0.4,0.6,72,0,0.5506333316443892,0.670617088641649,1,1,0,0,0
weak,26,Logistic Regression,0.4,0.6,53,0,0.4925856628090727,0.08445546040284145,0,0,0,0,0
weak,26,Logistic Regression,0.4,0.6,185,1,0.48888922888055053,0.8890932949560167,0,1,1,1,0
weak,26,Logistic Regression,0.4,0.6,149,1,0.4358734308456689,0.9511336033530452,0,1,1,1,0
weak,26,Logistic Regression,0.4,0.6,163,1,0.525832979873192,0.7215040503931223,1,1,0,0,0
weak,26,Logistic Regression,0.4,0.6,117,1,0.5585831395485993,0.8822933421327194,1,1,0,0,0
weak,26,Logistic Regression,0.4,0.6,43,0,0.5690465461414022,0.0739596601259084,1,0,1,1,0
weak,26,Logistic Regression,0.4,0.6,161,1,0.5568891399496396,0.6742751277784839,1,1,0,0,0
weak,26,Logistic Regression,0.4,0.6,71,0,0.5175389449974307,0.1260123713769972,1,0,1,1,0
weak,26,Logistic Regression,0.4,0.6,189,1,0.4384485312675,0.9268816556677582,0,1,1,1,0
weak,26,Logistic Regression,0.4,0.6,122,1,0.42278229631469594,0.9920941232561801,0,1,1,1,0
weak,26,Logistic Regression,0.4,0.6,183,1,0.43422414031928525,0.6653073550158214,0,1,1,1,0
weak,26,Logistic Regression,0.4,0.6,91,0,0.4688171380825628,0.027312437147323496,0,0,0,0,0
weak,26,Logistic Regression,0.4,0.6,110,1,0.584645843166863,0.8972972355737924,1,1,0,0,0
weak,26,Logistic Regression,0.4,0.6,171,1,0.5648809964358852,0.1244441466595759,1,0,1,0,1
weak,26,Random Forest,0.2,0.8,197,1,0.77,0.94,1,1,0,0,0
weak,26,Random Forest,0.2,0.8,108,1,0.79,0.67,1,1,0,0,0
weak,26,Random Forest,0.2,0.8,45,0,0.22,0.34,0,0,0,0,0
weak,26,Random Forest,0.2,0.8,63,0,0.43,0.29,0,0,0,0,0
weak,26,Random Forest,0.2,0.8,72,0,0.66,0.6,1,1,0,0,0
weak,26,Random Forest,0.2,0.8,193,1,0.57,0.52,1,1,0,0,0
weak,26,Random Forest,0.2,0.8,148,1,0.7,0.78,1,1,0,0,0
weak,26,Random Forest,0.2,0.8,118,1,0.78,0.55,1,1,0,0,0
weak,26,Random Forest,0.2,0.8,74,0,0.7,0.41,1,0,1,1,0
weak,26,Random Forest,0.2,0.8,113,1,0.67,0.82,1,1,0,0,0
weak,26,Random Forest,0.2,0.8,88,0,0.69,0.45,1,0,1,1,0
weak,26,Random Forest,0.2,0.8,149,1,0.69,0.58,1,1,0,0,0
weak,26,Random Forest,0.2,0.8,14,0,0.21,0.28,0,0,0,0,0
weak,26,Random Forest,0.2,0.8,44,0,0.46,0.52,0,1,1,0,1
weak,26,Random Forest,0.2,0.8,162,1,0.74,0.83,1,1,0,0,0
weak,26,Random Forest,0.2,0.8,117,1,0.77,0.8,1,1,0,0,0
weak,26,Random Forest,0.2,0.8,28,0,0.36,0.33,0,0,0,0,0
weak,26,Random Forest,0.2,0.8,172,1,0.69,0.77,1,1,0,0,0
weak,26,Random Forest,0.2,0.8,192,1,0.79,0.78,1,1,0,0,0
weak,26,Random Forest,0.2,0.8,43,0,0.23,0.23,0,0,0,0,0
weak,26,Random Forest,0.2,0.8,198,1,0.66,0.57,1,1,0,0,0
weak,26,Random Forest,0.2,0.8,56,0,0.74,0.66,1,1,0,0,0
weak,26,Random Forest,0.2,0.8,104,1,0.68,0.8,1,1,0,0,0
weak,26,Random Forest,0.2,0.8,161,1,0.79,0.86,1,1,0,0,0
weak,26,Random Forest,0.2,0.8,189,1,0.63,0.78,1,1,0,0,0
weak,26,Random Forest,0.2,0.8,122,1,0.69,0.72,1,1,0,0,0
weak,26,Random Forest,0.2,0.8,78,0,0.76,0.64,1,1,0,0,0
weak,26,Random Forest,0.2,0.8,174,1,0.76,0.86,1,1,0,0,0
weak,26,Random Forest,0.2,0.8,120,1,0.74,0.51,1,1,0,0,0
weak,26,Random Forest,0.2,0.8,91,0,0.51,0.42,1,0,1,1,0
weak,26,Random Forest,0.2,0.8,180,1,0.74,0.64,1,1,0,0,0
weak,26,Random Forest,0.2,0.8,110,1,0.72,0.87,1,1,0,0,0
weak,26,Random Forest,0.2,0.8,65,0,0.45,0.35,0,0,0,0,0
weak,26,Random Forest,0.2,0.8,158,1,0.7,0.77,1,1,0,0,0
weak,26,Random Forest,0.3,0.7,63,0,0.43,0.29,0,0,0,0,0
weak,26,Random Forest,0.3,0.7,72,0,0.66,0.6,1,1,0,0,0
weak,26,Random Forest,0.3,0.7,193,1,0.57,0.52,1,1,0,0,0
weak,26,Random Forest,0.3,0.7,113,1,0.67,0.82,1,1,0,0,0
weak,26,Random Forest,0.3,0.7,88,0,0.69,0.45,1,0,1,1,0
weak,26,Random Forest,0.3,0.7,149,1,0.69,0.58,1,1,0,0,0
weak,26,Random Forest,0.3,0.7,44,0,0.46,0.52,0,1,1,0,1
weak,26,Random Forest,0.3,0.7,28,0,0.36,0.33,0,0,0,0,0
weak,26,Random Forest,0.3,0.7,172,1,0.69,0.77,1,1,0,0,0
weak,26,Random Forest,0.3,0.7,198,1,0.66,0.57,1,1,0,0,0
weak,26,Random Forest,0.3,0.7,104,1,0.68,0.8,1,1,0,0,0
weak,26,Random Forest,0.3,0.7,189,1,0.63,0.78,1,1,0,0,0
weak,26,Random Forest,0.3,0.7,122,1,0.69,0.72,1,1,0,0,0
weak,26,Random Forest,0.3,0.7,91,0,0.51,0.42,1,0,1,1,0
weak,26,Random Forest,0.3,0.7,65,0,0.45,0.35,0,0,0,0,0
weak,26,Random Forest,0.4,0.6,63,0,0.43,0.29,0,0,0,0,0
weak,26,Random Forest,0.4,0.6,193,1,0.57,0.52,1,1,0,0,0
weak,26,Random Forest,0.4,0.6,44,0,0.46,0.52,0,1,1,0,1
weak,26,Random Forest,0.4,0.6,91,0,0.51,0.42,1,0,1,1,0
weak,26,Random Forest,0.4,0.6,65,0,0.45,0.35,0,0,0,0,0
weak,26,XGBoost,0.2,0.8,197,1,0.7994913458824158,0.9809412956237793,1,1,0,0,0
weak,26,XGBoost,0.2,0.8,45,0,0.3052956461906433,0.3660110831260681,0,0,0,0,0
weak,26,XGBoost,0.2,0.8,72,0,0.5015498995780945,0.8397529721260071,1,1,0,0,0
weak,26,XGBoost,0.2,0.8,193,1,0.7860273718833923,0.8820830583572388,1,1,0,0,0
weak,26,XGBoost,0.2,0.8,61,0,0.20408646762371063,0.007809490896761417,0,0,0,0,0
weak,26,XGBoost,0.2,0.8,113,1,0.44572362303733826,0.8963309526443481,0,1,1,1,0
weak,26,XGBoost,0.2,0.8,149,1,0.6590577960014343,0.83514803647995,1,1,0,0,0
weak,26,XGBoost,0.2,0.8,44,0,0.34850895404815674,0.7346450090408325,0,1,1,0,1
weak,26,XGBoost,0.2,0.8,43,0,0.27067509293556213,0.008578130044043064,0,0,0,0,0
weak,26,XGBoost,0.2,0.8,104,1,0.6819475889205933,0.9347733855247498,1,1,0,0,0
weak,26,XGBoost,0.2,0.8,189,1,0.5337037444114685,0.9273197054862976,1,1,0,0,0
weak,26,XGBoost,0.2,0.8,122,1,0.4721520245075226,0.8566387295722961,0,1,1,1,0
weak,26,XGBoost,0.2,0.8,120,1,0.748748779296875,0.497947096824646,1,0,1,0,1
weak,26,XGBoost,0.2,0.8,115,1,0.7943764925003052,0.8608844876289368,1,1,0,0,0
weak,26,XGBoost,0.2,0.8,91,0,0.3601537346839905,0.16732387244701385,0,0,0,0,0
weak,26,XGBoost,0.2,0.8,65,0,0.20302769541740417,0.08009087294340134,0,0,0,0,0
weak,26,XGBoost,0.2,0.8,158,1,0.70723956823349,0.8923922181129456,1,1,0,0,0
weak,26,XGBoost,0.3,0.7,45,0,0.3052956461906433,0.3660110831260681,0,0,0,0,0
weak,26,XGBoost,0.3,0.7,72,0,0.5015498995780945,0.8397529721260071,1,1,0,0,0
weak,26,XGBoost,0.3,0.7,113,1,0.44572362303733826,0.8963309526443481,0,1,1,1,0
weak,26,XGBoost,0.3,0.7,149,1,0.6590577960014343,0.83514803647995,1,1,0,0,0
weak,26,XGBoost,0.3,0.7,44,0,0.34850895404815674,0.7346450090408325,0,1,1,0,1
weak,26,XGBoost,0.3,0.7,104,1,0.6819475889205933,0.9347733855247498,1,1,0,0,0
weak,26,XGBoost,0.3,0.7,189,1,0.5337037444114685,0.9273197054862976,1,1,0,0,0
weak,26,XGBoost,0.3,0.7,122,1,0.4721520245075226,0.8566387295722961,0,1,1,1,0
weak,26,XGBoost,0.3,0.7,91,0,0.3601537346839905,0.16732387244701385,0,0,0,0,0
weak,26,XGBoost,0.4,0.6,72,0,0.5015498995780945,0.8397529721260071,1,1,0,0,0
weak,26,XGBoost,0.4,0.6,113,1,0.44572362303733826,0.8963309526443481,0,1,1,1,0
weak,26,XGBoost,0.4,0.6,189,1,0.5337037444114685,0.9273197054862976,1,1,0,0,0
weak,26,XGBoost,0.4,0.6,122,1,0.4721520245075226,0.8566387295722961,0,1,1,1,0
weak,27,Logistic Regression,0.2,0.8,23,0,0.6477140182673822,0.9203273136788296,1,1,0,0,0
weak,27,Logistic Regression,0.2,0.8,49,0,0.6801714862769483,0.6257586477812073,1,1,0,0,0
weak,27,Logistic Regression,0.2,0.8,58,0,0.22738841635134027,0.2778151284586622,0,0,0,0,0
weak,27,Logistic Regression,0.2,0.8,73,0,0.7148188316653693,0.9477202865516672,1,1,0,0,0
weak,27,Logistic Regression,0.2,0.8,70,0,0.44070308636262645,0.7538746769734331,0,1,1,0,1
weak,27,Logistic Regression,0.2,0.8,126,1,0.4645575555573492,0.9892468375057661,0,1,1,1,0
weak,27,Logistic Regression,0.2,0.8,172,1,0.28166028032483187,0.5519418670685903,0,1,1,1,0
weak,27,Logistic Regression,0.2,0.8,110,1,0.7030272323235337,0.9289770553946305,1,1,0,0,0
weak,27,Logistic Regression,0.2,0.8,12,0,0.33802196979109783,0.1517036833909665,0,0,0,0,0
weak,27,Logistic Regression,0.2,0.8,132,1,0.7213639290446264,0.13043801321809895,1,0,1,0,1
weak,27,Logistic Regression,0.2,0.8,35,0,0.7505626477701882,0.4918146544652224,1,0,1,1,0
weak,27,Logistic Regression,0.2,0.8,150,1,0.5428185348701224,0.998169157581197,1,1,0,0,0
weak,27,Logistic Regression,0.2,0.8,185,1,0.6146544699823614,0.8948161301559328,1,1,0,0,0
weak,27,Logistic Regression,0.2,0.8,84,0,0.7683184036507082,0.37665062268917376,1,0,1,1,0
weak,27,Logistic Regression,0.2,0.8,82,0,0.398417121229288,0.5642383593171156,0,1,1,0,1
weak,27,Logistic Regression,0.2,0.8,0,0,0.31813683024647044,0.053517976813084164,0,0,0,0,0
weak,27,Logistic Regression,0.2,0.8,55,0,0.5542606588686194,0.9374987960272705,1,1,0,0,0
weak,27,Logistic Regression,0.2,0.8,3,0,0.29069017926574436,0.010329312071613394,0,0,0,0,0
weak,27,Logistic Regression,0.2,0.8,178,1,0.5812039499207889,0.8579681902858685,1,1,0,0,0
weak,27,Logistic Regression,0.2,0.8,72,0,0.5701673045331684,0.6333443850952992,1,1,0,0,0
weak,27,Logistic Regression,0.2,0.8,111,1,0.7345381779498005,0.9924029843936745,1,1,0,0,0
weak,27,Logistic Regression,0.2,0.8,62,0,0.2561273343741124,0.0028755252296299998,0,0,0,0,0
weak,27,Logistic Regression,0.2,0.8,145,1,0.35897897281681085,0.05735926090630862,0,0,0,0,0
weak,27,Logistic Regression,0.2,0.8,64,0,0.22835473880561527,0.025085058396856694,0,0,0,0,0
weak,27,Logistic Regression,0.2,0.8,173,1,0.3341349610659626,0.9279451920836149,0,1,1,1,0
weak,27,Logistic Regression,0.2,0.8,77,0,0.4572597673541805,0.05961443116999924,0,0,0,0,0
weak,27,Logistic Regression,0.2,0.8,157,1,0.7578421641008294,0.6558031491118695,1,1,0,0,0
weak,27,Logistic Regression,0.2,0.8,119,1,0.4678781576418602,0.37387906785412256,0,0,0,0,0
weak,27,Logistic Regression,0.2,0.8,191,1,0.4937155151420245,0.9781387119542585,0,1,1,1,0
weak,27,Logistic Regression,0.2,0.8,20,0,0.7601196930666392,0.200523397155914,1,0,1,1,0
weak,27,Logistic Regression,0.2,0.8,8,0,0.4856112410896232,0.051294004937396796,0,0,0,0,0
weak,27,Logistic Regression,0.2,0.8,130,1,0.7880073227821448,0.836676412484032,1,1,0,0,0
weak,27,Logistic Regression,0.2,0.8,114,1,0.690672595422765,0.9609221797426349,1,1,0,0,0
weak,27,Logistic Regression,0.2,0.8,163,1,0.4170624814257193,0.5243449440019897,0,1,1,1,0
weak,27,Logistic Regression,0.2,0.8,116,1,0.3437658125960369,0.8024425564976827,0,1,1,1,0
weak,27,Logistic Regression,0.2,0.8,180,1,0.3767090588366471,0.7629155114043026,0,1,1,1,0
weak,27,Logistic Regression,0.2,0.8,90,0,0.39164874353305906,0.028771933205372163,0,0,0,0,0
weak,27,Logistic Regression,0.2,0.8,25,0,0.6033674411321668,0.5827004308352552,1,1,0,0,0
weak,27,Logistic Regression,0.2,0.8,63,0,0.3444336444712501,0.11338884588148052,0,0,0,0,0
weak,27,Logistic Regression,0.2,0.8,174,1,0.7304810533570946,0.99466460415921,1,1,0,0,0
weak,27,Logistic Regression,0.2,0.8,69,0,0.7033531656676495,0.9951802047545714,1,1,0,0,0
weak,27,Logistic Regression,0.2,0.8,188,1,0.448864235561211,0.995010941861396,0,1,1,1,0
weak,27,Logistic Regression,0.2,0.8,36,0,0.41544872158145024,0.44066003475211674,0,0,0,0,0
weak,27,Logistic Regression,0.2,0.8,187,1,0.7681959088297153,0.97287570109751,1,1,0,0,0
weak,27,Logistic Regression,0.2,0.8,10,0,0.6842493520632525,0.7137004405662509,1,1,0,0,0
weak,27,Logistic Regression,0.2,0.8,152,1,0.7347898979566014,0.42470705362968164,1,0,1,0,1
weak,27,Logistic Regression,0.2,0.8,175,1,0.5095455821290554,0.9198445052282027,1,1,0,0,0
weak,27,Logistic Regression,0.2,0.8,176,1,0.4303688756969763,0.7958086367981135,0,1,1,1,0
weak,27,Logistic Regression,0.2,0.8,28,0,0.39778808767964036,0.030281747196976967,0,0,0,0,0
weak,27,Logistic Regression,0.3,0.7,23,0,0.6477140182673822,0.9203273136788296,1,1,0,0,0
weak,27,Logistic Regression,0.3,0.7,49,0,0.6801714862769483,0.6257586477812073,1,1,0,0,0
weak,27,Logistic Regression,0.3,0.7,70,0,0.44070308636262645,0.7538746769734331,0,1,1,0,1
weak,27,Logistic Regression,0.3,0.7,126,1,0.4645575555573492,0.9892468375057661,0,1,1,1,0
weak,27,Logistic Regression,0.3,0.7,12,0,0.33802196979109783,0.1517036833909665,0,0,0,0,0
weak,27,Logistic Regression,0.3,0.7,150,1,0.5428185348701224,0.998169157581197,1,1,0,0,0
weak,27,Logistic Regression,0.3,0.7,185,1,0.6146544699823614,0.8948161301559328,1,1,0,0,0
weak,27,Logistic Regression,0.3,0.7,82,0,0.398417121229288,0.5642383593171156,0,1,1,0,1
weak,27,Logistic Regression,0.3,0.7,0,0,0.31813683024647044,0.053517976813084164,0,0,0,0,0
weak,27,Logistic Regression,0.3,0.7,55,0,0.5542606588686194,0.9374987960272705,1,1,0,0,0
weak,27,Logistic Regression,0.3,0.7,178,1,0.5812039499207889,0.8579681902858685,1,1,0,0,0
weak,27,Logistic Regression,0.3,0.7,72,0,0.5701673045331684,0.6333443850952992,1,1,0,0,0
weak,27,Logistic Regression,0.3,0.7,145,1,0.35897897281681085,0.05735926090630862,0,0,0,0,0
weak,27,Logistic Regression,0.3,0.7,173,1,0.3341349610659626,0.9279451920836149,0,1,1,1,0
weak,27,Logistic Regression,0.3,0.7,77,0,0.4572597673541805,0.05961443116999924,0,0,0,0,0
weak,27,Logistic Regression,0.3,0.7,119,1,0.4678781576418602,0.37387906785412256,0,0,0,0,0
weak,27,Logistic Regression,0.3,0.7,191,1,0.4937155151420245,0.9781387119542585,0,1,1,1,0
weak,27,Logistic Regression,0.3,0.7,8,0,0.4856112410896232,0.051294004937396796,0,0,0,0,0
weak,27,Logistic Regression,0.3,0.7,114,1,0.690672595422765,0.9609221797426349,1,1,0,0,0
weak,27,Logistic Regression,0.3,0.7,163,1,0.4170624814257193,0.5243449440019897,0,1,1,1,0
weak,27,Logistic Regression,0.3,0.7,116,1,0.3437658125960369,0.8024425564976827,0,1,1,1,0
weak,27,Logistic Regression,0.3,0.7,180,1,0.3767090588366471,0.7629155114043026,0,1,1,1,0
weak,27,Logistic Regression,0.3,0.7,90,0,0.39164874353305906,0.028771933205372163,0,0,0,0,0
weak,27,Logistic Regression,0.3,0.7,25,0,0.6033674411321668,0.5827004308352552,1,1,0,0,0
weak,27,Logistic Regression,0.3,0.7,63,0,0.3444336444712501,0.11338884588148052,0,0,0,0,0
weak,27,Logistic Regression,0.3,0.7,188,1,0.448864235561211,0.995010941861396,0,1,1,1,0
weak,27,Logistic Regression,0.3,0.7,36,0,0.41544872158145024,0.44066003475211674,0,0,0,0,0
weak,27,Logistic Regression,0.3,0.7,10,0,0.6842493520632525,0.7137004405662509,1,1,0,0,0
weak,27,Logistic Regression,0.3,0.7,175,1,0.5095455821290554,0.9198445052282027,1,1,0,0,0
weak,27,Logistic Regression,0.3,0.7,176,1,0.4303688756969763,0.7958086367981135,0,1,1,1,0
weak,27,Logistic Regression,0.3,0.7,28,0,0.39778808767964036,0.030281747196976967,0,0,0,0,0
weak,27,Logistic Regression,0.4,0.6,70,0,0.44070308636262645,0.7538746769734331,0,1,1,0,1
weak,27,Logistic Regression,0.4,0.6,126,1,0.4645575555573492,0.9892468375057661,0,1,1,1,0
weak,27,Logistic Regression,0.4,0.6,150,1,0.5428185348701224,0.998169157581197,1,1,0,0,0
weak,27,Logistic Regression,0.4,0.6,55,0,0.5542606588686194,0.9374987960272705,1,1,0,0,0
weak,27,Logistic Regression,0.4,0.6,178,1,0.5812039499207889,0.8579681902858685,1,1,0,0,0
weak,27,Logistic Regression,0.4,0.6,72,0,0.5701673045331684,0.6333443850952992,1,1,0,0,0
weak,27,Logistic Regression,0.4,0.6,77,0,0.4572597673541805,0.05961443116999924,0,0,0,0,0
weak,27,Logistic Regression,0.4,0.6,119,1,0.4678781576418602,0.37387906785412256,0,0,0,0,0
weak,27,Logistic Regression,0.4,0.6,191,1,0.4937155151420245,0.9781387119542585,0,1,1,1,0
weak,27,Logistic Regression,0.4,0.6,8,0,0.4856112410896232,0.051294004937396796,0,0,0,0,0
weak,27,Logistic Regression,0.4,0.6,163,1,0.4170624814257193,0.5243449440019897,0,1,1,1,0
weak,27,Logistic Regression,0.4,0.6,188,1,0.448864235561211,0.995010941861396,0,1,1,1,0
weak,27,Logistic Regression,0.4,0.6,36,0,0.41544872158145024,0.44066003475211674,0,0,0,0,0
weak,27,Logistic Regression,0.4,0.6,175,1,0.5095455821290554,0.9198445052282027,1,1,0,0,0
weak,27,Logistic Regression,0.4,0.6,176,1,0.4303688756969763,0.7958086367981135,0,1,1,1,0
weak,27,Random Forest,0.2,0.8,131,1,0.69,0.67,1,1,0,0,0
weak,27,Random Forest,0.2,0.8,78,0,0.78,0.65,1,1,0,0,0
weak,27,Random Forest,0.2,0.8,49,0,0.36,0.34,0,0,0,0,0
weak,27,Random Forest,0.2,0.8,58,0,0.54,0.52,1,1,0,0,0
weak,27,Random Forest,0.2,0.8,73,0,0.28,0.38,0,0,0,0,0
weak,27,Random Forest,0.2,0.8,172,1,0.62,0.61,1,1,0,0,0
weak,27,Random Forest,0.2,0.8,110,1,0.77,0.87,1,1,0,0,0
weak,27,Random Forest,0.2,0.8,12,0,0.24,0.24,0,0,0,0,0
weak,27,Random Forest,0.2,0.8,132,1,0.75,0.55,1,1,0,0,0
weak,27,Random Forest,0.2,0.8,35,0,0.38,0.34,0,0,0,0,0
weak,27,Random Forest,0.2,0.8,84,0,0.62,0.56,1,1,0,0,0
weak,27,Random Forest,0.2,0.8,82,0,0.26,0.25,0,0,0,0,0
weak,27,Random Forest,0.2,0.8,55,0,0.28,0.35,0,0,0,0,0
weak,27,Random Forest,0.2,0.8,178,1,0.72,0.75,1,1,0,0,0
weak,27,Random Forest,0.2,0.8,72,0,0.65,0.62,1,1,0,0,0
weak,27,Random Forest,0.2,0.8,111,1,0.77,0.82,1,1,0,0,0
weak,27,Random Forest,0.2,0.8,145,1,0.77,0.6,1,1,0,0,0
weak,27,Random Forest,0.2,0.8,64,0,0.38,0.31,0,0,0,0,0
weak,27,Random Forest,0.2,0.8,173,1,0.76,0.67,1,1,0,0,0
weak,27,Random Forest,0.2,0.8,157,1,0.78,0.59,1,1,0,0,0
weak,27,Random Forest,0.2,0.8,38,0,0.4,0.49,0,0,0,0,0
weak,27,Random Forest,0.2,0.8,119,1,0.71,0.57,1,1,0,0,0
weak,27,Random Forest,0.2,0.8,123,1,0.48,0.78,0,1,1,1,0
weak,27,Random Forest,0.2,0.8,114,1,0.63,0.76,1,1,0,0,0
weak,27,Random Forest,0.2,0.8,163,1,0.79,0.68,1,1,0,0,0
weak,27,Random Forest,0.2,0.8,116,1,0.61,0.62,1,1,0,0,0
weak,27,Random Forest,0.2,0.8,180,1,0.68,0.57,1,1,0,0,0
weak,27,Random Forest,0.2,0.8,25,0,0.27,0.41,0,0,0,0,0
weak,27,Random Forest,0.2,0.8,63,0,0.35,0.29,0,0,0,0,0
weak,27,Random Forest,0.2,0.8,174,1,0.76,0.91,1,1,0,0,0
weak,27,Random Forest,0.2,0.8,198,1,0.68,0.56,1,1,0,0,0
weak,27,Random Forest,0.2,0.8,179,1,0.71,0.64,1,1,0,0,0
weak,27,Random Forest,0.2,0.8,188,1,0.63,0.82,1,1,0,0,0
weak,27,Random Forest,0.2,0.8,164,1,0.76,0.63,1,1,0,0,0
weak,27,Random Forest,0.2,0.8,36,0,0.22,0.29,0,0,0,0,0
weak,27,Random Forest,0.2,0.8,187,1,0.62,0.78,1,1,0,0,0
weak,27,Random Forest,0.2,0.8,152,1,0.71,0.54,1,1,0,0,0
weak,27,Random Forest,0.2,0.8,160,1,0.78,0.77,1,1,0,0,0
weak,27,Random Forest,0.2,0.8,175,1,0.75,0.77,1,1,0,0,0
weak,27,Random Forest,0.2,0.8,26,0,0.22,0.37,0,0,0,0,0
weak,27,Random Forest,0.2,0.8,176,1,0.61,0.66,1,1,0,0,0
weak,27,Random Forest,0.2,0.8,28,0,0.47,0.14,0,0,0,0,0
weak,27,Random Forest,0.3,0.7,131,1,0.69,0.67,1,1,0,0,0
weak,27,Random Forest,0.3,0.7,49,0,0.36,0.34,0,0,0,0,0
weak,27,Random Forest,0.3,0.7,58,0,0.54,0.52,1,1,0,0,0
weak,27,Random Forest,0.3,0.7,172,1,0.62,0.61,1,1,0,0,0
weak,27,Random Forest,0.3,0.7,35,0,0.38,0.34,0,0,0,0,0
weak,27,Random Forest,0.3,0.7,84,0,0.62,0.56,1,1,0,0,0
weak,27,Random Forest,0.3,0.7,72,0,0.65,0.62,1,1,0,0,0
weak,27,Random Forest,0.3,0.7,64,0,0.38,0.31,0,0,0,0,0
weak,27,Random Forest,0.3,0.7,38,0,0.4,0.49,0,0,0,0,0
weak,27,Random Forest,0.3,0.7,123,1,0.48,0.78,0,1,1,1,0
weak,27,Random Forest,0.3,0.7,114,1,0.63,0.76,1,1,0,0,0
weak,27,Random Forest,0.3,0.7,116,1,0.61,0.62,1,1,0,0,0
weak,27,Random Forest,0.3,0.7,180,1,0.68,0.57,1,1,0,0,0
weak,27,Random Forest,0.3,0.7,63,0,0.35,0.29,0,0,0,0,0
weak,27,Random Forest,0.3,0.7,198,1,0.68,0.56,1,1,0,0,0
weak,27,Random Forest,0.3,0.7,188,1,0.63,0.82,1,1,0,0,0
weak,27,Random Forest,0.3,0.7,187,1,0.62,0.78,1,1,0,0,0
weak,27,Random Forest,0.3,0.7,176,1,0.61,0.66,1,1,0,0,0
weak,27,Random Forest,0.3,0.7,28,0,0.47,0.14,0,0,0,0,0
weak,27,Random Forest,0.4,0.6,58,0,0.54,0.52,1,1,0,0,0
weak,27,Random Forest,0.4,0.6,123,1,0.48,0.78,0,1,1,1,0
weak,27,Random Forest,0.4,0.6,28,0,0.47,0.14,0,0,0,0,0
weak,27,XGBoost,0.2,0.8,131,1,0.4699591398239136,0.6218692064285278,0,1,1,1,0
weak,27,XGBoost,0.2,0.8,49,0,0.2527988851070404,0.049261223524808884,0,0,0,0,0
weak,27,XGBoost,0.2,0.8,12,0,0.38408035039901733,0.17677293717861176,0,0,0,0,0
weak,27,XGBoost,0.2,0.8,35,0,0.5107065439224243,0.06812502443790436,1,0,1,1,0
weak,27,XGBoost,0.2,0.8,55,0,0.3403812646865845,0.37208160758018494,0,0,0,0,0
weak,27,XGBoost,0.2,0.8,72,0,0.6862483620643616,0.8833580017089844,1,1,0,0,0
weak,27,XGBoost,0.2,0.8,173,1,0.7662205696105957,0.7170273065567017,1,1,0,0,0
weak,27,XGBoost,0.2,0.8,38,0,0.6548565030097961,0.838142454624176,1,1,0,0,0
weak,27,XGBoost,0.2,0.8,119,1,0.4682316482067108,0.3972855508327484,0,0,0,0,0
weak,27,XGBoost,0.2,0.8,191,1,0.6031886339187622,0.6921643614768982,1,1,0,0,0
weak,27,XGBoost,0.2,0.8,114,1,0.7597272396087646,0.9505422115325928,1,1,0,0,0
weak,27,XGBoost,0.2,0.8,116,1,0.7002605199813843,0.7784842252731323,1,1,0,0,0
weak,27,XGBoost,0.2,0.8,36,0,0.23395347595214844,0.05227921903133392,0,0,0,0,0
weak,27,XGBoost,0.2,0.8,187,1,0.738500714302063,0.8402060270309448,1,1,0,0,0
weak,27,XGBoost,0.2,0.8,176,1,0.4384090304374695,0.8497794270515442,0,1,1,1,0
weak,27,XGBoost,0.3,0.7,131,1,0.4699591398239136,0.6218692064285278,0,1,1,1,0
weak,27,XGBoost,0.3,0.7,12,0,0.38408035039901733,0.17677293717861176,0,0,0,0,0
weak,27,XGBoost,0.3,0.7,35,0,0.5107065439224243,0.06812502443790436,1,0,1,1,0
weak,27,XGBoost,0.3,0.7,55,0,0.3403812646865845,0.37208160758018494,0,0,0,0,0
weak,27,XGBoost,0.3,0.7,72,0,0.6862483620643616,0.8833580017089844,1,1,0,0,0
weak,27,XGBoost,0.3,0.7,38,0,0.6548565030097961,0.838142454624176,1,1,0,0,0
weak,27,XGBoost,0.3,0.7,119,1,0.4682316482067108,0.3972855508327484,0,0,0,0,0
weak,27,XGBoost,0.3,0.7,191,1,0.6031886339187622,0.6921643614768982,1,1,0,0,0
weak,27,XGBoost,0.3,0.7,176,1,0.4384090304374695,0.8497794270515442,0,1,1,1,0
weak,27,XGBoost,0.4,0.6,131,1,0.4699591398239136,0.6218692064285278,0,1,1,1,0
weak,27,XGBoost,0.4,0.6,35,0,0.5107065439224243,0.06812502443790436,1,0,1,1,0
weak,27,XGBoost,0.4,0.6,119,1,0.4682316482067108,0.3972855508327484,0,0,0,0,0
weak,27,XGBoost,0.4,0.6,176,1,0.4384090304374695,0.8497794270515442,0,1,1,1,0
weak,28,Logistic Regression,0.2,0.8,105,1,0.672694498783862,0.19404112491602968,1,0,1,0,1
weak,28,Logistic Regression,0.2,0.8,41,0,0.22560525233281373,0.253738353345061,0,0,0,0,0
weak,28,Logistic Regression,0.2,0.8,12,0,0.5606441196997645,0.11929831729035674,1,0,1,1,0
weak,28,Logistic Regression,0.2,0.8,143,1,0.7614944188385365,0.41462271616556345,1,0,1,0,1
weak,28,Logistic Regression,0.2,0.8,44,0,0.3379366512033268,0.03704178565897945,0,0,0,0,0
weak,28,Logistic Regression,0.2,0.8,89,0,0.33830291054077916,0.013414289992488122,0,0,0,0,0
weak,28,Logistic Regression,0.2,0.8,117,1,0.593298149357557,0.6957600626072219,1,1,0,0,0
weak,28,Logistic Regression,0.2,0.8,116,1,0.6789302668210913,0.6235770407580068,1,1,0,0,0
weak,28,Logistic Regression,0.2,0.8,23,0,0.7633606729357363,0.9587729778667982,1,1,0,0,0
weak,28,Logistic Regression,0.2,0.8,11,0,0.6350942144140029,0.3105308701094383,1,0,1,1,0
weak,28,Logistic Regression,0.2,0.8,81,0,0.4003109486880096,0.2888552727074426,0,0,0,0,0
weak,28,Logistic Regression,0.2,0.8,148,1,0.42934582019472595,0.08881656622899746,0,0,0,0,0
weak,28,Logistic Regression,0.2,0.8,168,1,0.7778191754025134,0.7855009333119186,1,1,0,0,0
weak,28,Logistic Regression,0.2,0.8,175,1,0.6035032302724755,0.9515775263084464,1,1,0,0,0
weak,28,Logistic Regression,0.2,0.8,19,0,0.4205492084125027,0.2091074161983217,0,0,0,0,0
weak,28,Logistic Regression,0.2,0.8,184,1,0.5469714219127016,0.947481686062381,1,1,0,0,0
weak,28,Logistic Regression,0.2,0.8,160,1,0.7688302281674771,0.9079942185883824,1,1,0,0,0
weak,28,Logistic Regression,0.2,0.8,140,1,0.30612170032910446,0.2495246871445378,0,0,0,0,0
weak,28,Logistic Regression,0.2,0.8,94,0,0.29929036970161327,0.5958936760746725,0,1,1,0,1
weak,28,Logistic Regression,0.2,0.8,46,0,0.41364755653448393,0.06102801133273901,0,0,0,0,0
weak,28,Logistic Regression,0.2,0.8,100,1,0.6447530504186069,0.7217127435006199,1,1,0,0,0
weak,28,Logistic Regression,0.2,0.8,139,1,0.7965311371668652,0.9778746588105915,1,1,0,0,0
weak,28,Logistic Regression,0.2,0.8,20,0,0.6133971061859781,0.2195820490832762,1,0,1,1,0
weak,28,Logistic Regression,0.2,0.8,153,1,0.6147631885424022,0.7359568059527911,1,1,0,0,0
weak,28,Logistic Regression,0.2,0.8,21,0,0.5150947141198974,0.15187277448824474,1,0,1,1,0
weak,28,Logistic Regression,0.2,0.8,98,0,0.33352248991083655,0.05588693967530462,0,0,0,0,0
weak,28,Logistic Regression,0.2,0.8,194,1,0.6376767311559308,0.641162853696621,1,1,0,0,0
weak,28,Logistic Regression,0.2,0.8,64,0,0.25149835696425277,0.06960484924906357,0,0,0,0,0
weak,28,Logistic Regression,0.2,0.8,18,0,0.3723152354122964,0.21574487805443884,0,0,0,0,0
weak,28,Logistic Regression,0.2,0.8,196,1,0.5457401747043663,0.6116916532005946,1,1,0,0,0
weak,28,Logistic Regression,0.2,0.8,31,0,0.7698904208858026,0.889674040374392,1,1,0,0,0
weak,28,Logistic Regression,0.2,0.8,144,1,0.37001525258471785,0.41739751845458417,0,0,0,0,0
weak,28,Logistic Regression,0.2,0.8,15,0,0.6569522087976019,0.33339730437994675,1,0,1,1,0
weak,28,Logistic Regression,0.2,0.8,158,1,0.2807201037891749,0.7310856969132022,0,1,1,1,0
weak,28,Logistic Regression,0.2,0.8,193,1,0.4754074582896201,0.5654135091368152,0,1,1,1,0
weak,28,Logistic Regression,0.2,0.8,2,0,0.6704865708048824,0.06357884778133363,1,0,1,1,0
weak,28,Logistic Regression,0.2,0.8,70,0,0.5283905367168573,0.30639217205799646,1,0,1,1,0
weak,28,Logistic Regression,0.2,0.8,181,1,0.5509734045676251,0.9856574409397187,1,1,0,0,0
weak,28,Logistic Regression,0.2,0.8,77,0,0.4154196912046832,0.1826060577364789,0,0,0,0,0
weak,28,Logistic Regression,0.2,0.8,1,0,0.7338754816644506,0.7886002964352223,1,1,0,0,0
weak,28,Logistic Regression,0.2,0.8,104,1,0.7639110513356311,0.9262318046951106,1,1,0,0,0
weak,28,Logistic Regression,0.2,0.8,50,0,0.45622215742535155,0.3036535385016926,0,0,0,0,0
weak,28,Logistic Regression,0.2,0.8,8,0,0.4872526991191161,0.026749368273011234,0,0,0,0,0
weak,28,Logistic Regression,0.2,0.8,132,1,0.6559853424077849,0.1554423898391221,1,0,1,0,1
weak,28,Logistic Regression,0.2,0.8,97,0,0.729650297652007,0.695074838555559,1,1,0,0,0
weak,28,Logistic Regression,0.2,0.8,72,0,0.5279081158834978,0.7077338753940893,1,1,0,0,0
weak,28,Logistic Regression,0.2,0.8,86,0,0.2564001881897824,0.055440272213168655,0,0,0,0,0
weak,28,Logistic Regression,0.2,0.8,30,0,0.49002673596426577,0.4715255787874165,0,0,0,0,0
weak,28,Logistic Regression,0.2,0.8,149,1,0.36942915515540975,0.7687963544451524,0,1,1,1,0
weak,28,Logistic Regression,0.2,0.8,102,1,0.6864711927574845,0.9501321630120992,1,1,0,0,0
weak,28,Logistic Regression,0.3,0.7,105,1,0.672694498783862,0.19404112491602968,1,0,1,0,1
weak,28,Logistic Regression,0.3,0.7,12,0,0.5606441196997645,0.11929831729035674,1,0,1,1,0
weak,28,Logistic Regression,0.3,0.7,44,0,0.3379366512033268,0.03704178565897945,0,0,0,0,0
weak,28,Logistic Regression,0.3,0.7,89,0,0.33830291054077916,0.013414289992488122,0,0,0,0,0
weak,28,Logistic Regression,0.3,0.7,117,1,0.593298149357557,0.6957600626072219,1,1,0,0,0
weak,28,Logistic Regression,0.3,0.7,116,1,0.6789302668210913,0.6235770407580068,1,1,0,0,0
weak,28,Logistic Regression,0.3,0.7,11,0,0.6350942144140029,0.3105308701094383,1,0,1,1,0
weak,28,Logistic Regression,0.3,0.7,81,0,0.4003109486880096,0.2888552727074426,0,0,0,0,0
weak,28,Logistic Regression,0.3,0.7,148,1,0.42934582019472595,0.08881656622899746,0,0,0,0,0
weak,28,Logistic Regression,0.3,0.7,175,1,0.6035032302724755,0.9515775263084464,1,1,0,0,0
weak,28,Logistic Regression,0.3,0.7,19,0,0.4205492084125027,0.2091074161983217,0,0,0,0,0
weak,28,Logistic Regression,0.3,0.7,184,1,0.5469714219127016,0.947481686062381,1,1,0,0,0
weak,28,Logistic Regression,0.3,0.7,140,1,0.30612170032910446,0.2495246871445378,0,0,0,0,0
weak,28,Logistic Regression,0.3,0.7,46,0,0.41364755653448393,0.06102801133273901,0,0,0,0,0
weak,28,Logistic Regression,0.3,0.7,100,1,0.6447530504186069,0.7217127435006199,1,1,0,0,0
weak,28,Logistic Regression,0.3,0.7,20,0,0.6133971061859781,0.2195820490832762,1,0,1,1,0
weak,28,Logistic Regression,0.3,0.7,153,1,0.6147631885424022,0.7359568059527911,1,1,0,0,0
weak,28,Logistic Regression,0.3,0.7,21,0,0.5150947141198974,0.15187277448824474,1,0,1,1,0
weak,28,Logistic Regression,0.3,0.7,98,0,0.33352248991083655,0.05588693967530462,0,0,0,0,0
weak,28,Logistic Regression,0.3,0.7,194,1,0.6376767311559308,0.641162853696621,1,1,0,0,0
weak,28,Logistic Regression,0.3,0.7,18,0,0.3723152354122964,0.21574487805443884,0,0,0,0,0
weak,28,Logistic Regression,0.3,0.7,196,1,0.5457401747043663,0.6116916532005946,1,1,0,0,0
weak,28,Logistic Regression,0.3,0.7,144,1,0.37001525258471785,0.41739751845458417,0,0,0,0,0
weak,28,Logistic Regression,0.3,0.7,15,0,0.6569522087976019,0.33339730437994675,1,0,1,1,0
weak,28,Logistic Regression,0.3,0.7,193,1,0.4754074582896201,0.5654135091368152,0,1,1,1,0
weak,28,Logistic Regression,0.3,0.7,2,0,0.6704865708048824,0.06357884778133363,1,0,1,1,0
weak,28,Logistic Regression,0.3,0.7,70,0,0.5283905367168573,0.30639217205799646,1,0,1,1,0
weak,28,Logistic Regression,0.3,0.7,181,1,0.5509734045676251,0.9856574409397187,1,1,0,0,0
weak,28,Logistic Regression,0.3,0.7,77,0,0.4154196912046832,0.1826060577364789,0,0,0,0,0
weak,28,Logistic Regression,0.3,0.7,50,0,0.45622215742535155,0.3036535385016926,0,0,0,0,0
weak,28,Logistic Regression,0.3,0.7,8,0,0.4872526991191161,0.026749368273011234,0,0,0,0,0
weak,28,Logistic Regression,0.3,0.7,132,1,0.6559853424077849,0.1554423898391221,1,0,1,0,1
weak,28,Logistic Regression,0.3,0.7,72,0,0.5279081158834978,0.7077338753940893,1,1,0,0,0
weak,28,Logistic Regression,0.3,0.7,30,0,0.49002673596426577,0.4715255787874165,0,0,0,0,0
weak,28,Logistic Regression,0.3,0.7,149,1,0.36942915515540975,0.7687963544451524,0,1,1,1,0
weak,28,Logistic Regression,0.3,0.7,102,1,0.6864711927574845,0.9501321630120992,1,1,0,0,0
weak,28,Logistic Regression,0.4,0.6,12,0,0.5606441196997645,0.11929831729035674,1,0,1,1,0
weak,28,Logistic Regression,0.4,0.6,117,1,0.593298149357557,0.6957600626072219,1,1,0,0,0
weak,28,Logistic Regression,0.4,0.6,81,0,0.4003109486880096,0.2888552727074426,0,0,0,0,0
weak,28,Logistic Regression,0.4,0.6,148,1,0.42934582019472595,0.08881656622899746,0,0,0,0,0
weak,28,Logistic Regression,0.4,0.6,19,0,0.4205492084125027,0.2091074161983217,0,0,0,0,0
weak,28,Logistic Regression,0.4,0.6,184,1,0.5469714219127016,0.947481686062381,1,1,0,0,0
weak,28,Logistic Regression,0.4,0.6,46,0,0.41364755653448393,0.06102801133273901,0,0,0,0,0
weak,28,Logistic Regression,0.4,0.6,21,0,0.5150947141198974,0.15187277448824474,1,0,1,1,0
weak,28,Logistic Regression,0.4,0.6,196,1,0.5457401747043663,0.6116916532005946,1,1,0,0,0
weak,28,Logistic Regression,0.4,0.6,193,1,0.4754074582896201,0.5654135091368152,0,1,1,1,0
weak,28,Logistic Regression,0.4,0.6,70,0,0.5283905367168573,0.30639217205799646,1,0,1,1,0
weak,28,Logistic Regression,0.4,0.6,181,1,0.5509734045676251,0.9856574409397187,1,1,0,0,0
weak,28,Logistic Regression,0.4,0.6,77,0,0.4154196912046832,0.1826060577364789,0,0,0,0,0
weak,28,Logistic Regression,0.4,0.6,50,0,0.45622215742535155,0.3036535385016926,0,0,0,0,0
weak,28,Logistic Regression,0.4,0.6,8,0,0.4872526991191161,0.026749368273011234,0,0,0,0,0
weak,28,Logistic Regression,0.4,0.6,72,0,0.5279081158834978,0.7077338753940893,1,1,0,0,0
weak,28,Logistic Regression,0.4,0.6,30,0,0.49002673596426577,0.4715255787874165,0,0,0,0,0
weak,28,Random Forest,0.2,0.8,105,1,0.65,0.6,1,1,0,0,0
weak,28,Random Forest,0.2,0.8,41,0,0.4,0.63,0,1,1,0,1
weak,28,Random Forest,0.2,0.8,143,1,0.74,0.76,1,1,0,0,0
weak,28,Random Forest,0.2,0.8,44,0,0.63,0.57,1,1,0,0,0
weak,28,Random Forest,0.2,0.8,117,1,0.76,0.73,1,1,0,0,0
weak,28,Random Forest,0.2,0.8,116,1,0.56,0.52,1,1,0,0,0
weak,28,Random Forest,0.2,0.8,107,1,0.63,0.66,1,1,0,0,0
weak,28,Random Forest,0.2,0.8,148,1,0.71,0.52,1,1,0,0,0
weak,28,Random Forest,0.2,0.8,175,1,0.68,0.75,1,1,0,0,0
weak,28,Random Forest,0.2,0.8,140,1,0.62,0.57,1,1,0,0,0
weak,28,Random Forest,0.2,0.8,154,1,0.73,0.49,1,0,1,0,1
weak,28,Random Forest,0.2,0.8,20,0,0.25,0.37,0,0,0,0,0
weak,28,Random Forest,0.2,0.8,153,1,0.56,0.78,1,1,0,0,0
weak,28,Random Forest,0.2,0.8,21,0,0.21,0.46,0,0,0,0,0
weak,28,Random Forest,0.2,0.8,194,1,0.69,0.8,1,1,0,0,0
weak,28,Random Forest,0.2,0.8,188,1,0.6,0.74,1,1,0,0,0
weak,28,Random Forest,0.2,0.8,64,0,0.42,0.39,0,0,0,0,0
weak,28,Random Forest,0.2,0.8,87,0,0.31,0.49,0,0,0,0,0
weak,28,Random Forest,0.2,0.8,196,1,0.79,0.69,1,1,0,0,0
weak,28,Random Forest,0.2,0.8,31,0,0.45,0.53,0,1,1,0,1
weak,28,Random Forest,0.2,0.8,144,1,0.53,0.58,1,1,0,0,0
weak,28,Random Forest,0.2,0.8,15,0,0.62,0.53,1,1,0,0,0
weak,28,Random Forest,0.2,0.8,61,0,0.23,0.32,0,0,0,0,0
weak,28,Random Forest,0.2,0.8,158,1,0.61,0.74,1,1,0,0,0
weak,28,Random Forest,0.2,0.8,179,1,0.7,0.76,1,1,0,0,0
weak,28,Random Forest,0.2,0.8,1,0,0.65,0.52,1,1,0,0,0
weak,28,Random Forest,0.2,0.8,104,1,0.78,0.86,1,1,0,0,0
weak,28,Random Forest,0.2,0.8,132,1,0.75,0.67,1,1,0,0,0
weak,28,Random Forest,0.2,0.8,97,0,0.22,0.18,0,0,0,0,0
weak,28,Random Forest,0.2,0.8,72,0,0.57,0.7,1,1,0,0,0
weak,28,Random Forest,0.2,0.8,30,0,0.21,0.37,0,0,0,0,0
weak,28,Random Forest,0.2,0.8,195,1,0.74,0.77,1,1,0,0,0
weak,28,Random Forest,0.2,0.8,164,1,0.72,0.32,1,0,1,0,1
weak,28,Random Forest,0.2,0.8,149,1,0.74,0.51,1,1,0,0,0
weak,28,Random Forest,0.2,0.8,102,1,0.71,0.69,1,1,0,0,0
weak,28,Random Forest,0.3,0.7,105,1,0.65,0.6,1,1,0,0,0
weak,28,Random Forest,0.3,0.7,41,0,0.4,0.63,0,1,1,0,1
weak,28,Random Forest,0.3,0.7,44,0,0.63,0.57,1,1,0,0,0
weak,28,Random Forest,0.3,0.7,116,1,0.56,0.52,1,1,0,0,0
weak,28,Random Forest,0.3,0.7,107,1,0.63,0.66,1,1,0,0,0
weak,28,Random Forest,0.3,0.7,175,1,0.68,0.75,1,1,0,0,0
weak,28,Random Forest,0.3,0.7,140,1,0.62,0.57,1,1,0,0,0
weak,28,Random Forest,0.3,0.7,153,1,0.56,0.78,1,1,0,0,0
weak,28,Random Forest,0.3,0.7,194,1,0.69,0.8,1,1,0,0,0
weak,28,Random Forest,0.3,0.7,188,1,0.6,0.74,1,1,0,0,0
weak,28,Random Forest,0.3,0.7,64,0,0.42,0.39,0,0,0,0,0
weak,28,Random Forest,0.3,0.7,87,0,0.31,0.49,0,0,0,0,0
weak,28,Random Forest,0.3,0.7,31,0,0.45,0.53,0,1,1,0,1
weak,28,Random Forest,0.3,0.7,144,1,0.53,0.58,1,1,0,0,0
weak,28,Random Forest,0.3,0.7,15,0,0.62,0.53,1,1,0,0,0
weak,28,Random Forest,0.3,0.7,158,1,0.61,0.74,1,1,0,0,0
weak,28,Random Forest,0.3,0.7,1,0,0.65,0.52,1,1,0,0,0
weak,28,Random Forest,0.3,0.7,72,0,0.57,0.7,1,1,0,0,0
weak,28,Random Forest,0.4,0.6,116,1,0.56,0.52,1,1,0,0,0
weak,28,Random Forest,0.4,0.6,153,1,0.56,0.78,1,1,0,0,0
weak,28,Random Forest,0.4,0.6,64,0,0.42,0.39,0,0,0,0,0
weak,28,Random Forest,0.4,0.6,31,0,0.45,0.53,0,1,1,0,1
weak,28,Random Forest,0.4,0.6,144,1,0.53,0.58,1,1,0,0,0
weak,28,Random Forest,0.4,0.6,72,0,0.57,0.7,1,1,0,0,0
weak,28,XGBoost,0.2,0.8,105,1,0.38072332739830017,0.34818950295448303,0,0,0,0,0
weak,28,XGBoost,0.2,0.8,41,0,0.5883718729019165,0.4827798008918762,1,0,1,1,0
weak,28,XGBoost,0.2,0.8,44,0,0.48739150166511536,0.7967908978462219,0,1,1,0,1
weak,28,XGBoost,0.2,0.8,116,1,0.5877513885498047,0.5796492099761963,1,1,0,0,0
weak,28,XGBoost,0.2,0.8,148,1,0.6898056864738464,0.9093303680419922,1,1,0,0,0
weak,28,XGBoost,0.2,0.8,46,0,0.3170257806777954,0.045748066157102585,0,0,0,0,0
weak,28,XGBoost,0.2,0.8,154,1,0.7209968566894531,0.6059110760688782,1,1,0,0,0
weak,28,XGBoost,0.2,0.8,20,0,0.2579179108142853,0.33155977725982666,0,0,0,0,0
weak,28,XGBoost,0.2,0.8,153,1,0.3507626950740814,0.8676092028617859,0,1,1,1,0
weak,28,XGBoost,0.2,0.8,64,0,0.6741517186164856,0.06198796257376671,1,0,1,1,0
weak,28,XGBoost,0.2,0.8,87,0,0.3354049026966095,0.3220268487930298,0,0,0,0,0
weak,28,XGBoost,0.2,0.8,196,1,0.7724927067756653,0.7928062081336975,1,1,0,0,0
weak,28,XGBoost,0.2,0.8,31,0,0.6891427040100098,0.774565577507019,1,1,0,0,0
weak,28,XGBoost,0.2,0.8,144,1,0.5723751783370972,0.790862500667572,1,1,0,0,0
weak,28,XGBoost,0.2,0.8,15,0,0.7269434928894043,0.4675506055355072,1,0,1,1,0
weak,28,XGBoost,0.2,0.8,158,1,0.7416819334030151,0.8978762030601501,1,1,0,0,0
weak,28,XGBoost,0.2,0.8,181,1,0.6705740094184875,0.9055792689323425,1,1,0,0,0
weak,28,XGBoost,0.2,0.8,1,0,0.31883504986763,0.5464124083518982,0,1,1,0,1
weak,28,XGBoost,0.2,0.8,104,1,0.6454553604125977,0.9495319724082947,1,1,0,0,0
weak,28,XGBoost,0.2,0.8,72,0,0.7008593082427979,0.7412340044975281,1,1,0,0,0
weak,28,XGBoost,0.2,0.8,195,1,0.7612504959106445,0.9719744324684143,1,1,0,0,0
weak,28,XGBoost,0.3,0.7,105,1,0.38072332739830017,0.34818950295448303,0,0,0,0,0
weak,28,XGBoost,0.3,0.7,41,0,0.5883718729019165,0.4827798008918762,1,0,1,1,0
weak,28,XGBoost,0.3,0.7,44,0,0.48739150166511536,0.7967908978462219,0,1,1,0,1
weak,28,XGBoost,0.3,0.7,116,1,0.5877513885498047,0.5796492099761963,1,1,0,0,0
weak,28,XGBoost,0.3,0.7,148,1,0.6898056864738464,0.9093303680419922,1,1,0,0,0
weak,28,XGBoost,0.3,0.7,46,0,0.3170257806777954,0.045748066157102585,0,0,0,0,0
weak,28,XGBoost,0.3,0.7,153,1,0.3507626950740814,0.8676092028617859,0,1,1,1,0
weak,28,XGBoost,0.3,0.7,64,0,0.6741517186164856,0.06198796257376671,1,0,1,1,0
weak,28,XGBoost,0.3,0.7,87,0,0.3354049026966095,0.3220268487930298,0,0,0,0,0
weak,28,XGBoost,0.3,0.7,31,0,0.6891427040100098,0.774565577507019,1,1,0,0,0
weak,28,XGBoost,0.3,0.7,144,1,0.5723751783370972,0.790862500667572,1,1,0,0,0
weak,28,XGBoost,0.3,0.7,181,1,0.6705740094184875,0.9055792689323425,1,1,0,0,0
weak,28,XGBoost,0.3,0.7,1,0,0.31883504986763,0.5464124083518982,0,1,1,0,1
weak,28,XGBoost,0.3,0.7,104,1,0.6454553604125977,0.9495319724082947,1,1,0,0,0
weak,28,XGBoost,0.4,0.6,41,0,0.5883718729019165,0.4827798008918762,1,0,1,1,0
weak,28,XGBoost,0.4,0.6,44,0,0.48739150166511536,0.7967908978462219,0,1,1,0,1
weak,28,XGBoost,0.4,0.6,116,1,0.5877513885498047,0.5796492099761963,1,1,0,0,0
weak,28,XGBoost,0.4,0.6,144,1,0.5723751783370972,0.790862500667572,1,1,0,0,0
weak,29,Logistic Regression,0.2,0.8,139,1,0.6457217439960238,0.9889936081029361,1,1,0,0,0
weak,29,Logistic Regression,0.2,0.8,196,1,0.6400303736348543,0.8612618151055715,1,1,0,0,0
weak,29,Logistic Regression,0.2,0.8,134,1,0.36144074870564624,0.9643835143699996,0,1,1,1,0
weak,29,Logistic Regression,0.2,0.8,105,1,0.49511226080858506,0.1902572616576959,0,0,0,0,0
weak,29,Logistic Regression,0.2,0.8,144,1,0.35940002804019716,0.4846891006373846,0,0,0,0,0
weak,29,Logistic Regression,0.2,0.8,69,0,0.7704057748781872,0.9975640603326112,1,1,0,0,0
weak,29,Logistic Regression,0.2,0.8,54,0,0.3946867677792752,0.0018108671935984483,0,0,0,0,0
weak,29,Logistic Regression,0.2,0.8,115,1,0.7766789965099684,0.967758704699773,1,1,0,0,0
weak,29,Logistic Regression,0.2,0.8,108,1,0.7517599433288579,0.8756842103733684,1,1,0,0,0
weak,29,Logistic Regression,0.2,0.8,102,1,0.6199801731212317,0.9731959017857055,1,1,0,0,0
weak,29,Logistic Regression,0.2,0.8,137,1,0.7325721004771962,0.9589806559737752,1,1,0,0,0
weak,29,Logistic Regression,0.2,0.8,75,0,0.6565336878354799,0.13246526254359373,1,0,1,1,0
weak,29,Logistic Regression,0.2,0.8,151,1,0.45454437102426215,0.44094108504102303,0,0,0,0,0
weak,29,Logistic Regression,0.2,0.8,29,0,0.5776778535737329,0.11241273391799245,1,0,1,1,0
weak,29,Logistic Regression,0.2,0.8,194,1,0.5832661158572856,0.8857015937859765,1,1,0,0,0
weak,29,Logistic Regression,0.2,0.8,15,0,0.7935473056928428,0.9629327014261372,1,1,0,0,0
weak,29,Logistic Regression,0.2,0.8,140,1,0.6455195121994487,0.7151367938986805,1,1,0,0,0
weak,29,Logistic Regression,0.2,0.8,117,1,0.5876276507646366,0.8833471666329971,1,1,0,0,0
weak,29,Logistic Regression,0.2,0.8,25,0,0.3711897856765088,0.12702548372513373,0,0,0,0,0
weak,29,Logistic Regression,0.2,0.8,127,1,0.6837737454395199,0.6904720282869282,1,1,0,0,0
weak,29,Logistic Regression,0.2,0.8,126,1,0.6568464504800056,0.986754980491379,1,1,0,0,0
weak,29,Logistic Regression,0.2,0.8,76,0,0.6850061270862589,0.7943519408685221,1,1,0,0,0
weak,29,Logistic Regression,0.2,0.8,30,0,0.6172257369893659,0.44478592418352875,1,0,1,1,0
weak,29,Logistic Regression,0.2,0.8,91,0,0.5098412896127512,0.08348097416355234,1,0,1,1,0
weak,29,Logistic Regression,0.2,0.8,85,0,0.5211007135327542,0.5349675019303454,1,1,0,0,0
weak,29,Logistic Regression,0.2,0.8,62,0,0.44331325341929845,0.01634754985808845,0,0,0,0,0
weak,29,Logistic Regression,0.2,0.8,40,0,0.6096852136511198,0.13139733543076657,1,0,1,1,0
weak,29,Logistic Regression,0.2,0.8,182,1,0.5482589724826874,0.9586193435037264,1,1,0,0,0
weak,29,Logistic Regression,0.2,0.8,176,1,0.48994310987740514,0.7822559446111778,0,1,1,1,0
weak,29,Logistic Regression,0.2,0.8,23,0,0.5382953845682991,0.9388778461189405,1,1,0,0,0
weak,29,Logistic Regression,0.2,0.8,161,1,0.6482302521186654,0.624877396536339,1,1,0,0,0
weak,29,Logistic Regression,0.2,0.8,125,1,0.7959356841367052,0.9994305755117234,1,1,0,0,0
weak,29,Logistic Regression,0.2,0.8,121,1,0.451171413755361,0.08547487679594641,0,0,0,0,0
weak,29,Logistic Regression,0.2,0.8,1,0,0.5509864215141229,0.6334645761973942,1,1,0,0,0
weak,29,Logistic Regression,0.2,0.8,38,0,0.2376386771210756,0.06744216610406464,0,0,0,0,0
weak,29,Logistic Regression,0.2,0.8,165,1,0.6182029756733458,0.9758257482527614,1,1,0,0,0
weak,29,Logistic Regression,0.2,0.8,58,0,0.511745163946124,0.5048241573489333,1,1,0,0,0
weak,29,Logistic Regression,0.2,0.8,116,1,0.42627085194234515,0.4945924090540804,0,0,0,0,0
weak,29,Logistic Regression,0.2,0.8,98,0,0.338957534334478,0.10259501007591317,0,0,0,0,0
weak,29,Logistic Regression,0.2,0.8,43,0,0.652507820671178,0.13496861095047288,1,0,1,1,0
weak,29,Logistic Regression,0.2,0.8,178,1,0.7833401244121622,0.9823950183333221,1,1,0,0,0
weak,29,Logistic Regression,0.2,0.8,114,1,0.6543080871134159,0.9139109648917855,1,1,0,0,0
weak,29,Logistic Regression,0.2,0.8,192,1,0.24366971921068642,0.9159117057731717,0,1,1,1,0
weak,29,Logistic Regression,0.2,0.8,55,0,0.4895209040468272,0.7884032932481085,0,1,1,0,1
weak,29,Logistic Regression,0.2,0.8,183,1,0.3617916022516782,0.7990320518283175,0,1,1,1,0
weak,29,Logistic Regression,0.2,0.8,120,1,0.38587632744058914,0.36280758880468017,0,0,0,0,0
weak,29,Logistic Regression,0.3,0.7,139,1,0.6457217439960238,0.9889936081029361,1,1,0,0,0
weak,29,Logistic Regression,0.3,0.7,196,1,0.6400303736348543,0.8612618151055715,1,1,0,0,0
weak,29,Logistic Regression,0.3,0.7,134,1,0.36144074870564624,0.9643835143699996,0,1,1,1,0
weak,29,Logistic Regression,0.3,0.7,105,1,0.49511226080858506,0.1902572616576959,0,0,0,0,0
weak,29,Logistic Regression,0.3,0.7,144,1,0.35940002804019716,0.4846891006373846,0,0,0,0,0
weak,29,Logistic Regression,0.3,0.7,54,0,0.3946867677792752,0.0018108671935984483,0,0,0,0,0
weak,29,Logistic Regression,0.3,0.7,102,1,0.6199801731212317,0.9731959017857055,1,1,0,0,0
weak,29,Logistic Regression,0.3,0.7,75,0,0.6565336878354799,0.13246526254359373,1,0,1,1,0
weak,29,Logistic Regression,0.3,0.7,151,1,0.45454437102426215,0.44094108504102303,0,0,0,0,0
weak,29,Logistic Regression,0.3,0.7,29,0,0.5776778535737329,0.11241273391799245,1,0,1,1,0
weak,29,Logistic Regression,0.3,0.7,194,1,0.5832661158572856,0.8857015937859765,1,1,0,0,0
weak,29,Logistic Regression,0.3,0.7,140,1,0.6455195121994487,0.7151367938986805,1,1,0,0,0
weak,29,Logistic Regression,0.3,0.7,117,1,0.5876276507646366,0.8833471666329971,1,1,0,0,0
weak,29,Logistic Regression,0.3,0.7,25,0,0.3711897856765088,0.12702548372513373,0,0,0,0,0
weak,29,Logistic Regression,0.3,0.7,127,1,0.6837737454395199,0.6904720282869282,1,1,0,0,0
weak,29,Logistic Regression,0.3,0.7,126,1,0.6568464504800056,0.986754980491379,1,1,0,0,0
weak,29,Logistic Regression,0.3,0.7,76,0,0.6850061270862589,0.7943519408685221,1,1,0,0,0
weak,29,Logistic Regression,0.3,0.7,30,0,0.6172257369893659,0.44478592418352875,1,0,1,1,0
weak,29,Logistic Regression,0.3,0.7,91,0,0.5098412896127512,0.08348097416355234,1,0,1,1,0
weak,29,Logistic Regression,0.3,0.7,85,0,0.5211007135327542,0.5349675019303454,1,1,0,0,0
weak,29,Logistic Regression,0.3,0.7,62,0,0.44331325341929845,0.01634754985808845,0,0,0,0,0
weak,29,Logistic Regression,0.3,0.7,40,0,0.6096852136511198,0.13139733543076657,1,0,1,1,0
weak,29,Logistic Regression,0.3,0.7,182,1,0.5482589724826874,0.9586193435037264,1,1,0,0,0
weak,29,Logistic Regression,0.3,0.7,176,1,0.48994310987740514,0.7822559446111778,0,1,1,1,0
weak,29,Logistic Regression,0.3,0.7,23,0,0.5382953845682991,0.9388778461189405,1,1,0,0,0
weak,29,Logistic Regression,0.3,0.7,161,1,0.6482302521186654,0.624877396536339,1,1,0,0,0
weak,29,Logistic Regression,0.3,0.7,121,1,0.451171413755361,0.08547487679594641,0,0,0,0,0
weak,29,Logistic Regression,0.3,0.7,1,0,0.5509864215141229,0.6334645761973942,1,1,0,0,0
weak,29,Logistic Regression,0.3,0.7,165,1,0.6182029756733458,0.9758257482527614,1,1,0,0,0
weak,29,Logistic Regression,0.3,0.7,58,0,0.511745163946124,0.5048241573489333,1,1,0,0,0
weak,29,Logistic Regression,0.3,0.7,116,1,0.42627085194234515,0.4945924090540804,0,0,0,0,0
weak,29,Logistic Regression,0.3,0.7,98,0,0.338957534334478,0.10259501007591317,0,0,0,0,0
weak,29,Logistic Regression,0.3,0.7,43,0,0.652507820671178,0.13496861095047288,1,0,1,1,0
weak,29,Logistic Regression,0.3,0.7,114,1,0.6543080871134159,0.9139109648917855,1,1,0,0,0
weak,29,Logistic Regression,0.3,0.7,55,0,0.4895209040468272,0.7884032932481085,0,1,1,0,1
weak,29,Logistic Regression,0.3,0.7,183,1,0.3617916022516782,0.7990320518283175,0,1,1,1,0
weak,29,Logistic Regression,0.3,0.7,120,1,0.38587632744058914,0.36280758880468017,0,0,0,0,0
weak,29,Logistic Regression,0.4,0.6,105,1,0.49511226080858506,0.1902572616576959,0,0,0,0,0
weak,29,Logistic Regression,0.4,0.6,151,1,0.45454437102426215,0.44094108504102303,0,0,0,0,0
weak,29,Logistic Regression,0.4,0.6,29,0,0.5776778535737329,0.11241273391799245,1,0,1,1,0
weak,29,Logistic Regression,0.4,0.6,194,1,0.5832661158572856,0.8857015937859765,1,1,0,0,0
weak,29,Logistic Regression,0.4,0.6,117,1,0.5876276507646366,0.8833471666329971,1,1,0,0,0
weak,29,Logistic Regression,0.4,0.6,91,0,0.5098412896127512,0.08348097416355234,1,0,1,1,0
weak,29,Logistic Regression,0.4,0.6,85,0,0.5211007135327542,0.5349675019303454,1,1,0,0,0
weak,29,Logistic Regression,0.4,0.6,62,0,0.44331325341929845,0.01634754985808845,0,0,0,0,0
weak,29,Logistic Regression,0.4,0.6,182,1,0.5482589724826874,0.9586193435037264,1,1,0,0,0
weak,29,Logistic Regression,0.4,0.6,176,1,0.48994310987740514,0.7822559446111778,0,1,1,1,0
weak,29,Logistic Regression,0.4,0.6,23,0,0.5382953845682991,0.9388778461189405,1,1,0,0,0
weak,29,Logistic Regression,0.4,0.6,121,1,0.451171413755361,0.08547487679594641,0,0,0,0,0
weak,29,Logistic Regression,0.4,0.6,1,0,0.5509864215141229,0.6334645761973942,1,1,0,0,0
weak,29,Logistic Regression,0.4,0.6,58,0,0.511745163946124,0.5048241573489333,1,1,0,0,0
weak,29,Logistic Regression,0.4,0.6,116,1,0.42627085194234515,0.4945924090540804,0,0,0,0,0
weak,29,Logistic Regression,0.4,0.6,55,0,0.4895209040468272,0.7884032932481085,0,1,1,0,1
weak,29,Random Forest,0.2,0.8,139,1,0.74,0.76,1,1,0,0,0
weak,29,Random Forest,0.2,0.8,196,1,0.68,0.6,1,1,0,0,0
weak,29,Random Forest,0.2,0.8,134,1,0.67,0.84,1,1,0,0,0
weak,29,Random Forest,0.2,0.8,60,0,0.26,0.3,0,0,0,0,0
weak,29,Random Forest,0.2,0.8,105,1,0.66,0.51,1,1,0,0,0
weak,29,Random Forest,0.2,0.8,144,1,0.66,0.62,1,1,0,0,0
weak,29,Random Forest,0.2,0.8,69,0,0.32,0.6,0,1,1,0,1
weak,29,Random Forest,0.2,0.8,102,1,0.69,0.75,1,1,0,0,0
weak,29,Random Forest,0.2,0.8,75,0,0.64,0.45,1,0,1,1,0
weak,29,Random Forest,0.2,0.8,59,0,0.32,0.36,0,0,0,0,0
weak,29,Random Forest,0.2,0.8,194,1,0.68,0.71,1,1,0,0,0
weak,29,Random Forest,0.2,0.8,15,0,0.57,0.59,1,1,0,0,0
weak,29,Random Forest,0.2,0.8,140,1,0.49,0.59,0,1,1,1,0
weak,29,Random Forest,0.2,0.8,117,1,0.74,0.71,1,1,0,0,0
weak,29,Random Forest,0.2,0.8,25,0,0.34,0.4,0,0,0,0,0
weak,29,Random Forest,0.2,0.8,127,1,0.75,0.71,1,1,0,0,0
weak,29,Random Forest,0.2,0.8,56,0,0.67,0.54,1,1,0,0,0
weak,29,Random Forest,0.2,0.8,76,0,0.24,0.31,0,0,0,0,0
weak,29,Random Forest,0.2,0.8,103,1,0.79,0.8,1,1,0,0,0
weak,29,Random Forest,0.2,0.8,91,0,0.46,0.35,0,0,0,0,0
weak,29,Random Forest,0.2,0.8,40,0,0.46,0.38,0,0,0,0,0
weak,29,Random Forest,0.2,0.8,176,1,0.68,0.67,1,1,0,0,0
weak,29,Random Forest,0.2,0.8,125,1,0.78,0.8,1,1,0,0,0
weak,29,Random Forest,0.2,0.8,68,0,0.77,0.64,1,1,0,0,0
weak,29,Random Forest,0.2,0.8,121,1,0.73,0.68,1,1,0,0,0
weak,29,Random Forest,0.2,0.8,1,0,0.61,0.66,1,1,0,0,0
weak,29,Random Forest,0.2,0.8,38,0,0.58,0.48,1,0,1,1,0
weak,29,Random Forest,0.2,0.8,165,1,0.66,0.67,1,1,0,0,0
weak,29,Random Forest,0.2,0.8,58,0,0.54,0.59,1,1,0,0,0
weak,29,Random Forest,0.2,0.8,116,1,0.63,0.65,1,1,0,0,0
weak,29,Random Forest,0.2,0.8,98,0,0.27,0.24,0,0,0,0,0
weak,29,Random Forest,0.2,0.8,43,0,0.25,0.26,0,0,0,0,0
weak,29,Random Forest,0.2,0.8,114,1,0.72,0.77,1,1,0,0,0
weak,29,Random Forest,0.2,0.8,46,0,0.31,0.22,0,0,0,0,0
weak,29,Random Forest,0.2,0.8,192,1,0.69,0.67,1,1,0,0,0
weak,29,Random Forest,0.2,0.8,55,0,0.26,0.26,0,0,0,0,0
weak,29,Random Forest,0.2,0.8,183,1,0.7,0.47,1,0,1,0,1
weak,29,Random Forest,0.2,0.8,120,1,0.68,0.59,1,1,0,0,0
weak,29,Random Forest,0.3,0.7,196,1,0.68,0.6,1,1,0,0,0
weak,29,Random Forest,0.3,0.7,134,1,0.67,0.84,1,1,0,0,0
weak,29,Random Forest,0.3,0.7,105,1,0.66,0.51,1,1,0,0,0
weak,29,Random Forest,0.3,0.7,144,1,0.66,0.62,1,1,0,0,0
weak,29,Random Forest,0.3,0.7,69,0,0.32,0.6,0,1,1,0,1
weak,29,Random Forest,0.3,0.7,102,1,0.69,0.75,1,1,0,0,0
weak,29,Random Forest,0.3,0.7,75,0,0.64,0.45,1,0,1,1,0
weak,29,Random Forest,0.3,0.7,59,0,0.32,0.36,0,0,0,0,0
weak,29,Random Forest,0.3,0.7,194,1,0.68,0.71,1,1,0,0,0
weak,29,Random Forest,0.3,0.7,15,0,0.57,0.59,1,1,0,0,0
weak,29,Random Forest,0.3,0.7,140,1,0.49,0.59,0,1,1,1,0
weak,29,Random Forest,0.3,0.7,25,0,0.34,0.4,0,0,0,0,0
weak,29,Random Forest,0.3,0.7,56,0,0.67,0.54,1,1,0,0,0
weak,29,Random Forest,0.3,0.7,91,0,0.46,0.35,0,0,0,0,0
weak,29,Random Forest,0.3,0.7,40,0,0.46,0.38,0,0,0,0,0
weak,29,Random Forest,0.3,0.7,176,1,0.68,0.67,1,1,0,0,0
weak,29,Random Forest,0.3,0.7,1,0,0.61,0.66,1,1,0,0,0
weak,29,Random Forest,0.3,0.7,38,0,0.58,0.48,1,0,1,1,0
weak,29,Random Forest,0.3,0.7,165,1,0.66,0.67,1,1,0,0,0
weak,29,Random Forest,0.3,0.7,58,0,0.54,0.59,1,1,0,0,0
weak,29,Random Forest,0.3,0.7,116,1,0.63,0.65,1,1,0,0,0
weak,29,Random Forest,0.3,0.7,46,0,0.31,0.22,0,0,0,0,0
weak,29,Random Forest,0.3,0.7,192,1,0.69,0.67,1,1,0,0,0
weak,29,Random Forest,0.3,0.7,120,1,0.68,0.59,1,1,0,0,0
weak,29,Random Forest,0.4,0.6,15,0,0.57,0.59,1,1,0,0,0
weak,29,Random Forest,0.4,0.6,140,1,0.49,0.59,0,1,1,1,0
weak,29,Random Forest,0.4,0.6,91,0,0.46,0.35,0,0,0,0,0
weak,29,Random Forest,0.4,0.6,40,0,0.46,0.38,0,0,0,0,0
weak,29,Random Forest,0.4,0.6,38,0,0.58,0.48,1,0,1,1,0
weak,29,Random Forest,0.4,0.6,58,0,0.54,0.59,1,1,0,0,0
weak,29,XGBoost,0.2,0.8,75,0,0.633219301700592,0.532768189907074,1,1,0,0,0
weak,29,XGBoost,0.2,0.8,59,0,0.3514662981033325,0.0801517590880394,0,0,0,0,0
weak,29,XGBoost,0.2,0.8,15,0,0.6515892148017883,0.7296127676963806,1,1,0,0,0
weak,29,XGBoost,0.2,0.8,140,1,0.48792514204978943,0.5500497817993164,0,1,1,1,0
weak,29,XGBoost,0.2,0.8,91,0,0.358624666929245,0.14598561823368073,0,0,0,0,0
weak,29,XGBoost,0.2,0.8,176,1,0.6224895119667053,0.6812698841094971,1,1,0,0,0
weak,29,XGBoost,0.2,0.8,1,0,0.720943808555603,0.8513557314872742,1,1,0,0,0
weak,29,XGBoost,0.2,0.8,38,0,0.7884968519210815,0.9080396294593811,1,1,0,0,0
weak,29,XGBoost,0.2,0.8,165,1,0.734512448310852,0.9421566724777222,1,1,0,0,0
weak,29,XGBoost,0.2,0.8,58,0,0.4753391742706299,0.39707431197166443,0,0,0,0,0
weak,29,XGBoost,0.2,0.8,116,1,0.5755417346954346,0.5892930030822754,1,1,0,0,0
weak,29,XGBoost,0.3,0.7,75,0,0.633219301700592,0.532768189907074,1,1,0,0,0
weak,29,XGBoost,0.3,0.7,59,0,0.3514662981033325,0.0801517590880394,0,0,0,0,0
weak,29,XGBoost,0.3,0.7,15,0,0.6515892148017883,0.7296127676963806,1,1,0,0,0
weak,29,XGBoost,0.3,0.7,140,1,0.48792514204978943,0.5500497817993164,0,1,1,1,0
weak,29,XGBoost,0.3,0.7,91,0,0.358624666929245,0.14598561823368073,0,0,0,0,0
weak,29,XGBoost,0.3,0.7,176,1,0.6224895119667053,0.6812698841094971,1,1,0,0,0
weak,29,XGBoost,0.3,0.7,58,0,0.4753391742706299,0.39707431197166443,0,0,0,0,0
weak,29,XGBoost,0.3,0.7,116,1,0.5755417346954346,0.5892930030822754,1,1,0,0,0
weak,29,XGBoost,0.4,0.6,140,1,0.48792514204978943,0.5500497817993164,0,1,1,1,0
weak,29,XGBoost,0.4,0.6,58,0,0.4753391742706299,0.39707431197166443,0,0,0,0,0
weak,29,XGBoost,0.4,0.6,116,1,0.5755417346954346,0.5892930030822754,1,1,0,0,0
weak,30,Logistic Regression,0.2,0.8,105,1,0.52949070605093,0.19533916829019868,1,0,1,0,1
weak,30,Logistic Regression,0.2,0.8,73,0,0.5423960534251214,0.8785135945041653,1,1,0,0,0
weak,30,Logistic Regression,0.2,0.8,180,1,0.26075686892753774,0.7424332023381129,0,1,1,1,0
weak,30,Logistic Regression,0.2,0.8,189,1,0.514385767942507,0.9567003482324679,1,1,0,0,0
weak,30,Logistic Regression,0.2,0.8,2,0,0.7146191059771757,0.03271206830009551,1,0,1,1,0
weak,30,Logistic Regression,0.2,0.8,64,0,0.3479013502270875,0.07811317263812552,0,0,0,0,0
weak,30,Logistic Regression,0.2,0.8,65,0,0.4568719009978703,0.10109813930012097,0,0,0,0,0
weak,30,Logistic Regression,0.2,0.8,93,0,0.2993567528224517,0.3876623475558032,0,0,0,0,0
weak,30,Logistic Regression,0.2,0.8,79,0,0.7304995741969502,0.5855213352181645,1,1,0,0,0
weak,30,Logistic Regression,0.2,0.8,5,0,0.4665817930733445,0.6157795606777352,0,1,1,0,1
weak,30,Logistic Regression,0.2,0.8,49,0,0.46150715976298984,0.09931269927357235,0,0,0,0,0
weak,30,Logistic Regression,0.2,0.8,152,1,0.5411376272431455,0.21625946310408292,1,0,1,0,1
weak,30,Logistic Regression,0.2,0.8,196,1,0.7513796989376279,0.9093399368476315,1,1,0,0,0
weak,30,Logistic Regression,0.2,0.8,92,0,0.6816186158297702,0.57411482043169,1,1,0,0,0
weak,30,Logistic Regression,0.2,0.8,74,0,0.24075137687665688,0.03957577519032686,0,0,0,0,0
weak,30,Logistic Regression,0.2,0.8,107,1,0.2942009888233726,0.9360619040459373,0,1,1,1,0
weak,30,Logistic Regression,0.2,0.8,188,1,0.33622221853990614,0.9868587278640778,0,1,1,1,0
weak,30,Logistic Regression,0.2,0.8,76,0,0.6189269650447323,0.4191587382317517,1,0,1,1,0
weak,30,Logistic Regression,0.2,0.8,150,1,0.6142405504695949,0.9876011978580923,1,1,0,0,0
weak,30,Logistic Regression,0.2,0.8,194,1,0.7659969115317457,0.850032922054288,1,1,0,0,0
weak,30,Logistic Regression,0.2,0.8,195,1,0.7350604229228381,0.7597545061401884,1,1,0,0,0
weak,30,Logistic Regression,0.2,0.8,140,1,0.7571778933780782,0.905078627045157,1,1,0,0,0
weak,30,Logistic Regression,0.2,0.8,13,0,0.4352897555573942,0.18529667754594398,0,0,0,0,0
weak,30,Logistic Regression,0.2,0.8,71,0,0.7029668990944132,0.3601544142757233,1,0,1,1,0
weak,30,Logistic Regression,0.2,0.8,62,0,0.6042007717794821,0.047222325281019745,1,0,1,1,0
weak,30,Logistic Regression,0.2,0.8,124,1,0.7798214938906128,0.5238036102532738,1,1,0,0,0
weak,30,Logistic Regression,0.2,0.8,118,1,0.38980820032435737,0.0830436712891169,0,0,0,0,0
weak,30,Logistic Regression,0.2,0.8,70,0,0.37416147967274377,0.37533658589530944,0,0,0,0,0
weak,30,Logistic Regression,0.2,0.8,163,1,0.5074694615068137,0.4526748215420194,1,0,1,0,1
weak,30,Logistic Regression,0.2,0.8,191,1,0.5539839959923335,0.9706786675677094,1,1,0,0,0
weak,30,Logistic Regression,0.2,0.8,153,1,0.6941735403189613,0.49640956774423106,1,0,1,0,1
weak,30,Logistic Regression,0.2,0.8,98,0,0.2560459343909575,0.035009822165296835,0,0,0,0,0
weak,30,Logistic Regression,0.2,0.8,67,0,0.7326479931818259,0.5655258688867798,1,1,0,0,0
weak,30,Logistic Regression,0.2,0.8,167,1,0.7181501597340639,0.9420138267265147,1,1,0,0,0
weak,30,Logistic Regression,0.2,0.8,127,1,0.7333458022608407,0.6931432867590213,1,1,0,0,0
weak,30,Logistic Regression,0.2,0.8,161,1,0.7456074279921325,0.4774397747850424,1,0,1,0,1
weak,30,Logistic Regression,0.2,0.8,117,1,0.5869568943390695,0.9107072527605007,1,1,0,0,0
weak,30,Logistic Regression,0.2,0.8,21,0,0.6561865235718582,0.13200043264490297,1,0,1,1,0
weak,30,Logistic Regression,0.2,0.8,25,0,0.35425164030833173,0.0647597480112476,0,0,0,0,0
weak,30,Logistic Regression,0.2,0.8,158,1,0.30101518048341686,0.6956809735868168,0,1,1,1,0
weak,30,Logistic Regression,0.2,0.8,75,0,0.7030210316004286,0.11392720242512276,1,0,1,1,0
weak,30,Logistic Regression,0.2,0.8,97,0,0.6489367822374295,0.47750189325752296,1,0,1,1,0
weak,30,Logistic Regression,0.2,0.8,154,1,0.6427665406909352,0.8159091332477757,1,1,0,0,0
weak,30,Logistic Regression,0.2,0.8,125,1,0.7649655690881427,0.9984046960638443,1,1,0,0,0
weak,30,Logistic Regression,0.3,0.7,105,1,0.52949070605093,0.19533916829019868,1,0,1,0,1
weak,30,Logistic Regression,0.3,0.7,73,0,0.5423960534251214,0.8785135945041653,1,1,0,0,0
weak,30,Logistic Regression,0.3,0.7,189,1,0.514385767942507,0.9567003482324679,1,1,0,0,0
weak,30,Logistic Regression,0.3,0.7,64,0,0.3479013502270875,0.07811317263812552,0,0,0,0,0
weak,30,Logistic Regression,0.3,0.7,65,0,0.4568719009978703,0.10109813930012097,0,0,0,0,0
weak,30,Logistic Regression,0.3,0.7,5,0,0.4665817930733445,0.6157795606777352,0,1,1,0,1
weak,30,Logistic Regression,0.3,0.7,49,0,0.46150715976298984,0.09931269927357235,0,0,0,0,0
weak,30,Logistic Regression,0.3,0.7,152,1,0.5411376272431455,0.21625946310408292,1,0,1,0,1
weak,30,Logistic Regression,0.3,0.7,92,0,0.6816186158297702,0.57411482043169,1,1,0,0,0
weak,30,Logistic Regression,0.3,0.7,188,1,0.33622221853990614,0.9868587278640778,0,1,1,1,0
weak,30,Logistic Regression,0.3,0.7,76,0,0.6189269650447323,0.4191587382317517,1,0,1,1,0
weak,30,Logistic Regression,0.3,0.7,150,1,0.6142405504695949,0.9876011978580923,1,1,0,0,0
weak,30,Logistic Regression,0.3,0.7,13,0,0.4352897555573942,0.18529667754594398,0,0,0,0,0
weak,30,Logistic Regression,0.3,0.7,62,0,0.6042007717794821,0.047222325281019745,1,0,1,1,0
weak,30,Logistic Regression,0.3,0.7,118,1,0.38980820032435737,0.0830436712891169,0,0,0,0,0
weak,30,Logistic Regression,0.3,0.7,70,0,0.37416147967274377,0.37533658589530944,0,0,0,0,0
weak,30,Logistic Regression,0.3,0.7,163,1,0.5074694615068137,0.4526748215420194,1,0,1,0,1
weak,30,Logistic Regression,0.3,0.7,191,1,0.5539839959923335,0.9706786675677094,1,1,0,0,0
weak,30,Logistic Regression,0.3,0.7,153,1,0.6941735403189613,0.49640956774423106,1,0,1,0,1
weak,30,Logistic Regression,0.3,0.7,117,1,0.5869568943390695,0.9107072527605007,1,1,0,0,0
weak,30,Logistic Regression,0.3,0.7,21,0,0.6561865235718582,0.13200043264490297,1,0,1,1,0
weak,30,Logistic Regression,0.3,0.7,25,0,0.35425164030833173,0.0647597480112476,0,0,0,0,0
weak,30,Logistic Regression,0.3,0.7,158,1,0.30101518048341686,0.6956809735868168,0,1,1,1,0
weak,30,Logistic Regression,0.3,0.7,97,0,0.6489367822374295,0.47750189325752296,1,0,1,1,0
weak,30,Logistic Regression,0.3,0.7,154,1,0.6427665406909352,0.8159091332477757,1,1,0,0,0
weak,30,Logistic Regression,0.4,0.6,105,1,0.52949070605093,0.19533916829019868,1,0,1,0,1
weak,30,Logistic Regression,0.4,0.6,73,0,0.5423960534251214,0.8785135945041653,1,1,0,0,0
weak,30,Logistic Regression,0.4,0.6,189,1,0.514385767942507,0.9567003482324679,1,1,0,0,0
weak,30,Logistic Regression,0.4,0.6,65,0,0.4568719009978703,0.10109813930012097,0,0,0,0,0
weak,30,Logistic Regression,0.4,0.6,5,0,0.4665817930733445,0.6157795606777352,0,1,1,0,1
weak,30,Logistic Regression,0.4,0.6,49,0,0.46150715976298984,0.09931269927357235,0,0,0,0,0
weak,30,Logistic Regression,0.4,0.6,152,1,0.5411376272431455,0.21625946310408292,1,0,1,0,1
weak,30,Logistic Regression,0.4,0.6,13,0,0.4352897555573942,0.18529667754594398,0,0,0,0,0
weak,30,Logistic Regression,0.4,0.6,163,1,0.5074694615068137,0.4526748215420194,1,0,1,0,1
weak,30,Logistic Regression,0.4,0.6,191,1,0.5539839959923335,0.9706786675677094,1,1,0,0,0
weak,30,Logistic Regression,0.4,0.6,117,1,0.5869568943390695,0.9107072527605007,1,1,0,0,0
weak,30,Random Forest,0.2,0.8,105,1,0.66,0.58,1,1,0,0,0
weak,30,Random Forest,0.2,0.8,73,0,0.27,0.28,0,0,0,0,0
weak,30,Random Forest,0.2,0.8,100,1,0.76,0.64,1,1,0,0,0
weak,30,Random Forest,0.2,0.8,189,1,0.71,0.82,1,1,0,0,0
weak,30,Random Forest,0.2,0.8,69,0,0.31,0.41,0,0,0,0,0
weak,30,Random Forest,0.2,0.8,64,0,0.33,0.26,0,0,0,0,0
weak,30,Random Forest,0.2,0.8,65,0,0.44,0.4,0,0,0,0,0
weak,30,Random Forest,0.2,0.8,59,0,0.31,0.25,0,0,0,0,0
weak,30,Random Forest,0.2,0.8,156,1,0.65,0.64,1,1,0,0,0
weak,30,Random Forest,0.2,0.8,79,0,0.74,0.72,1,1,0,0,0
weak,30,Random Forest,0.2,0.8,5,0,0.5,0.41,1,0,1,1,0
weak,30,Random Forest,0.2,0.8,179,1,0.69,0.64,1,1,0,0,0
weak,30,Random Forest,0.2,0.8,9,0,0.47,0.63,0,1,1,0,1
weak,30,Random Forest,0.2,0.8,74,0,0.7,0.36,1,0,1,1,0
weak,30,Random Forest,0.2,0.8,107,1,0.69,0.77,1,1,0,0,0
weak,30,Random Forest,0.2,0.8,188,1,0.71,0.91,1,1,0,0,0
weak,30,Random Forest,0.2,0.8,76,0,0.23,0.38,0,0,0,0,0
weak,30,Random Forest,0.2,0.8,150,1,0.74,0.79,1,1,0,0,0
weak,30,Random Forest,0.2,0.8,87,0,0.35,0.32,0,0,0,0,0
weak,30,Random Forest,0.2,0.8,195,1,0.72,0.73,1,1,0,0,0
weak,30,Random Forest,0.2,0.8,140,1,0.61,0.6,1,1,0,0,0
weak,30,Random Forest,0.2,0.8,13,0,0.26,0.22,0,0,0,0,0
weak,30,Random Forest,0.2,0.8,198,1,0.68,0.45,1,0,1,0,1
weak,30,Random Forest,0.2,0.8,118,1,0.77,0.42,1,0,1,0,1
weak,30,Random Forest,0.2,0.8,163,1,0.72,0.66,1,1,0,0,0
weak,30,Random Forest,0.2,0.8,153,1,0.52,0.85,1,1,0,0,0
weak,30,Random Forest,0.2,0.8,98,0,0.29,0.14,0,0,0,0,0
weak,30,Random Forest,0.2,0.8,67,0,0.3,0.24,0,0,0,0,0
weak,30,Random Forest,0.2,0.8,127,1,0.74,0.74,1,1,0,0,0
weak,30,Random Forest,0.2,0.8,161,1,0.75,0.74,1,1,0,0,0
weak,30,Random Forest,0.2,0.8,117,1,0.7,0.84,1,1,0,0,0
weak,30,Random Forest,0.2,0.8,21,0,0.24,0.31,0,0,0,0,0
weak,30,Random Forest,0.2,0.8,25,0,0.24,0.42,0,0,0,0,0
weak,30,Random Forest,0.2,0.8,158,1,0.53,0.76,1,1,0,0,0
weak,30,Random Forest,0.2,0.8,75,0,0.72,0.47,1,0,1,1,0
weak,30,Random Forest,0.2,0.8,97,0,0.23,0.14,0,0,0,0,0
weak,30,Random Forest,0.2,0.8,56,0,0.78,0.59,1,1,0,0,0
weak,30,Random Forest,0.2,0.8,154,1,0.62,0.48,1,0,1,0,1
weak,30,Random Forest,0.2,0.8,125,1,0.77,0.83,1,1,0,0,0
weak,30,Random Forest,0.3,0.7,105,1,0.66,0.58,1,1,0,0,0
weak,30,Random Forest,0.3,0.7,69,0,0.31,0.41,0,0,0,0,0
weak,30,Random Forest,0.3,0.7,64,0,0.33,0.26,0,0,0,0,0
weak,30,Random Forest,0.3,0.7,65,0,0.44,0.4,0,0,0,0,0
weak,30,Random Forest,0.3,0.7,59,0,0.31,0.25,0,0,0,0,0
weak,30,Random Forest,0.3,0.7,156,1,0.65,0.64,1,1,0,0,0
weak,30,Random Forest,0.3,0.7,5,0,0.5,0.41,1,0,1,1,0
weak,30,Random Forest,0.3,0.7,179,1,0.69,0.64,1,1,0,0,0
weak,30,Random Forest,0.3,0.7,9,0,0.47,0.63,0,1,1,0,1
weak,30,Random Forest,0.3,0.7,107,1,0.69,0.77,1,1,0,0,0
weak,30,Random Forest,0.3,0.7,87,0,0.35,0.32,0,0,0,0,0
weak,30,Random Forest,0.3,0.7,140,1,0.61,0.6,1,1,0,0,0
weak,30,Random Forest,0.3,0.7,198,1,0.68,0.45,1,0,1,0,1
weak,30,Random Forest,0.3,0.7,153,1,0.52,0.85,1,1,0,0,0
weak,30,Random Forest,0.3,0.7,158,1,0.53,0.76,1,1,0,0,0
weak,30,Random Forest,0.3,0.7,154,1,0.62,0.48,1,0,1,0,1
weak,30,Random Forest,0.4,0.6,65,0,0.44,0.4,0,0,0,0,0
weak,30,Random Forest,0.4,0.6,5,0,0.5,0.41,1,0,1,1,0
weak,30,Random Forest,0.4,0.6,9,0,0.47,0.63,0,1,1,0,1
weak,30,Random Forest,0.4,0.6,153,1,0.52,0.85,1,1,0,0,0
weak,30,Random Forest,0.4,0.6,158,1,0.53,0.76,1,1,0,0,0
weak,30,XGBoost,0.2,0.8,105,1,0.44805267453193665,0.8146708607673645,0,1,1,1,0
weak,30,XGBoost,0.2,0.8,180,1,0.3538367748260498,0.8361124396324158,0,1,1,1,0
weak,30,XGBoost,0.2,0.8,189,1,0.5996652245521545,0.896655797958374,1,1,0,0,0
weak,30,XGBoost,0.2,0.8,69,0,0.22860002517700195,0.43742135167121887,0,0,0,0,0
weak,30,XGBoost,0.2,0.8,65,0,0.3487894535064697,0.1704772710800171,0,0,0,0,0
weak,30,XGBoost,0.2,0.8,59,0,0.47222059965133667,0.23423132300376892,0,0,0,0,0
weak,30,XGBoost,0.2,0.8,5,0,0.30003488063812256,0.12276998907327652,0,0,0,0,0
weak,30,XGBoost,0.2,0.8,9,0,0.3796350061893463,0.7613615989685059,0,1,1,0,1
weak,30,XGBoost,0.2,0.8,196,1,0.7930422425270081,0.811504602432251,1,1,0,0,0
weak,30,XGBoost,0.2,0.8,74,0,0.6366289854049683,0.31425976753234863,1,0,1,1,0
weak,30,XGBoost,0.2,0.8,107,1,0.7032856345176697,0.9614499807357788,1,1,0,0,0
weak,30,XGBoost,0.2,0.8,87,0,0.4469471573829651,0.14439629018306732,0,0,0,0,0
weak,30,XGBoost,0.2,0.8,195,1,0.6474567651748657,0.9139488339424133,1,1,0,0,0
weak,30,XGBoost,0.2,0.8,140,1,0.6020739078521729,0.7781884670257568,1,1,0,0,0
weak,30,XGBoost,0.2,0.8,163,1,0.7616299390792847,0.6570780277252197,1,1,0,0,0
weak,30,XGBoost,0.2,0.8,153,1,0.6234757304191589,0.9407133460044861,1,1,0,0,0
weak,30,XGBoost,0.2,0.8,158,1,0.6464117169380188,0.9460844397544861,1,1,0,0,0
weak,30,XGBoost,0.2,0.8,154,1,0.5055590867996216,0.23822586238384247,1,0,1,0,1
weak,30,XGBoost,0.2,0.8,125,1,0.7650446891784668,0.9747886657714844,1,1,0,0,0
weak,30,XGBoost,0.3,0.7,105,1,0.44805267453193665,0.8146708607673645,0,1,1,1,0
weak,30,XGBoost,0.3,0.7,180,1,0.3538367748260498,0.8361124396324158,0,1,1,1,0
weak,30,XGBoost,0.3,0.7,189,1,0.5996652245521545,0.896655797958374,1,1,0,0,0
weak,30,XGBoost,0.3,0.7,65,0,0.3487894535064697,0.1704772710800171,0,0,0,0,0
weak,30,XGBoost,0.3,0.7,59,0,0.47222059965133667,0.23423132300376892,0,0,0,0,0
weak,30,XGBoost,0.3,0.7,5,0,0.30003488063812256,0.12276998907327652,0,0,0,0,0
weak,30,XGBoost,0.3,0.7,9,0,0.3796350061893463,0.7613615989685059,0,1,1,0,1
weak,30,XGBoost,0.3,0.7,74,0,0.6366289854049683,0.31425976753234863,1,0,1,1,0
weak,30,XGBoost,0.3,0.7,87,0,0.4469471573829651,0.14439629018306732,0,0,0,0,0
weak,30,XGBoost,0.3,0.7,195,1,0.6474567651748657,0.9139488339424133,1,1,0,0,0
weak,30,XGBoost,0.3,0.7,140,1,0.6020739078521729,0.7781884670257568,1,1,0,0,0
weak,30,XGBoost,0.3,0.7,153,1,0.6234757304191589,0.9407133460044861,1,1,0,0,0
weak,30,XGBoost,0.3,0.7,158,1,0.6464117169380188,0.9460844397544861,1,1,0,0,0
weak,30,XGBoost,0.3,0.7,154,1,0.5055590867996216,0.23822586238384247,1,0,1,0,1
weak,30,XGBoost,0.4,0.6,105,1,0.44805267453193665,0.8146708607673645,0,1,1,1,0
weak,30,XGBoost,0.4,0.6,189,1,0.5996652245521545,0.896655797958374,1,1,0,0,0
weak,30,XGBoost,0.4,0.6,59,0,0.47222059965133667,0.23423132300376892,0,0,0,0,0
weak,30,XGBoost,0.4,0.6,87,0,0.4469471573829651,0.14439629018306732,0,0,0,0,0
weak,30,XGBoost,0.4,0.6,154,1,0.5055590867996216,0.23822586238384247,1,0,1,0,1
medium,1,Logistic Regression,0.2,0.8,136,1,0.6362511405743689,0.5024721093304436,1,1,0,0,0
medium,1,Logistic Regression,0.2,0.8,113,1,0.5709820458117054,0.9757870107048849,1,1,0,0,0
medium,1,Logistic Regression,0.2,0.8,91,0,0.2391626920448943,0.02483718344316744,0,0,0,0,0
medium,1,Logistic Regression,0.2,0.8,140,1,0.7880125517247784,0.3472788888574554,1,0,1,0,1
medium,1,Logistic Regression,0.2,0.8,63,0,0.26646993057943086,0.08994488014195441,0,0,0,0,0
medium,1,Logistic Regression,0.2,0.8,2,0,0.524575099445147,0.007829287790927243,1,0,1,1,0
medium,1,Logistic Regression,0.2,0.8,57,0,0.23131774207584735,0.8069471428108559,0,1,1,0,1
medium,1,Logistic Regression,0.2,0.8,122,1,0.6431586572822563,0.9972102637755145,1,1,0,0,0
medium,1,Logistic Regression,0.2,0.8,196,1,0.7705889889395668,0.7764191886647348,1,1,0,0,0
medium,1,Logistic Regression,0.2,0.8,1,0,0.6941200866221027,0.5696528086522061,1,1,0,0,0
medium,1,Logistic Regression,0.2,0.8,172,1,0.7830899812726377,0.9017910024041736,1,1,0,0,0
medium,1,Logistic Regression,0.2,0.8,23,0,0.4745071379778527,0.6412027287671951,0,1,1,0,1
medium,1,Logistic Regression,0.2,0.8,84,0,0.556387288811261,0.34839549951544624,1,0,1,1,0
medium,1,Logistic Regression,0.2,0.8,52,0,0.4769762056703121,0.07319185310568675,0,0,0,0,0
medium,1,Logistic Regression,0.2,0.8,29,0,0.4971320879182819,0.09305635433776872,0,0,0,0,0
medium,1,Logistic Regression,0.2,0.8,79,0,0.5345092946280063,0.7993241308359215,1,1,0,0,0
medium,1,Logistic Regression,0.2,0.8,75,0,0.6752049834939619,0.015744486100998812,1,0,1,1,0
medium,1,Logistic Regression,0.2,0.8,37,0,0.540346685707305,0.0710936796676762,1,0,1,1,0
medium,1,Logistic Regression,0.2,0.8,20,0,0.7899452001866151,0.7252764805055846,1,1,0,0,0
medium,1,Logistic Regression,0.2,0.8,197,1,0.6135744928657195,0.9978084706991538,1,1,0,0,0
medium,1,Logistic Regression,0.2,0.8,92,0,0.6472491058756079,0.17149075454135326,1,0,1,1,0
medium,1,Logistic Regression,0.2,0.8,126,1,0.7644594079129113,0.9684514755114116,1,1,0,0,0
medium,1,Logistic Regression,0.2,0.8,180,1,0.6177703025917654,0.6935984238640621,1,1,0,0,0
medium,1,Logistic Regression,0.2,0.8,21,0,0.563113423115174,0.10528901981341367,1,0,1,1,0
medium,1,Logistic Regression,0.2,0.8,71,0,0.38268529425343123,0.12457498351156866,0,0,0,0,0
medium,1,Logistic Regression,0.2,0.8,171,1,0.5923614718491843,0.08566259952159758,1,0,1,0,1
medium,1,Logistic Regression,0.2,0.8,82,0,0.31740272554079396,0.2341188438179358,0,0,0,0,0
medium,1,Logistic Regression,0.2,0.8,134,1,0.7376072235619995,0.9919238706746912,1,1,0,0,0
medium,1,Logistic Regression,0.3,0.7,136,1,0.6362511405743689,0.5024721093304436,1,1,0,0,0
medium,1,Logistic Regression,0.3,0.7,113,1,0.5709820458117054,0.9757870107048849,1,1,0,0,0
medium,1,Logistic Regression,0.3,0.7,2,0,0.524575099445147,0.007829287790927243,1,0,1,1,0
medium,1,Logistic Regression,0.3,0.7,122,1,0.6431586572822563,0.9972102637755145,1,1,0,0,0
medium,1,Logistic Regression,0.3,0.7,1,0,0.6941200866221027,0.5696528086522061,1,1,0,0,0
medium,1,Logistic Regression,0.3,0.7,23,0,0.4745071379778527,0.6412027287671951,0,1,1,0,1
medium,1,Logistic Regression,0.3,0.7,84,0,0.556387288811261,0.34839549951544624,1,0,1,1,0
medium,1,Logistic Regression,0.3,0.7,52,0,0.4769762056703121,0.07319185310568675,0,0,0,0,0
medium,1,Logistic Regression,0.3,0.7,29,0,0.4971320879182819,0.09305635433776872,0,0,0,0,0
medium,1,Logistic Regression,0.3,0.7,79,0,0.5345092946280063,0.7993241308359215,1,1,0,0,0
medium,1,Logistic Regression,0.3,0.7,75,0,0.6752049834939619,0.015744486100998812,1,0,1,1,0
medium,1,Logistic Regression,0.3,0.7,37,0,0.540346685707305,0.0710936796676762,1,0,1,1,0
medium,1,Logistic Regression,0.3,0.7,197,1,0.6135744928657195,0.9978084706991538,1,1,0,0,0
medium,1,Logistic Regression,0.3,0.7,92,0,0.6472491058756079,0.17149075454135326,1,0,1,1,0
medium,1,Logistic Regression,0.3,0.7,180,1,0.6177703025917654,0.6935984238640621,1,1,0,0,0
medium,1,Logistic Regression,0.3,0.7,21,0,0.563113423115174,0.10528901981341367,1,0,1,1,0
medium,1,Logistic Regression,0.3,0.7,71,0,0.38268529425343123,0.12457498351156866,0,0,0,0,0
medium,1,Logistic Regression,0.3,0.7,171,1,0.5923614718491843,0.08566259952159758,1,0,1,0,1
medium,1,Logistic Regression,0.3,0.7,82,0,0.31740272554079396,0.2341188438179358,0,0,0,0,0
medium,1,Logistic Regression,0.4,0.6,113,1,0.5709820458117054,0.9757870107048849,1,1,0,0,0
medium,1,Logistic Regression,0.4,0.6,2,0,0.524575099445147,0.007829287790927243,1,0,1,1,0
medium,1,Logistic Regression,0.4,0.6,23,0,0.4745071379778527,0.6412027287671951,0,1,1,0,1
medium,1,Logistic Regression,0.4,0.6,84,0,0.556387288811261,0.34839549951544624,1,0,1,1,0
medium,1,Logistic Regression,0.4,0.6,52,0,0.4769762056703121,0.07319185310568675,0,0,0,0,0
medium,1,Logistic Regression,0.4,0.6,29,0,0.4971320879182819,0.09305635433776872,0,0,0,0,0
medium,1,Logistic Regression,0.4,0.6,79,0,0.5345092946280063,0.7993241308359215,1,1,0,0,0
medium,1,Logistic Regression,0.4,0.6,37,0,0.540346685707305,0.0710936796676762,1,0,1,1,0
medium,1,Logistic Regression,0.4,0.6,21,0,0.563113423115174,0.10528901981341367,1,0,1,1,0
medium,1,Logistic Regression,0.4,0.6,171,1,0.5923614718491843,0.08566259952159758,1,0,1,0,1
medium,1,Random Forest,0.2,0.8,107,1,0.66,0.65,1,1,0,0,0
medium,1,Random Forest,0.2,0.8,136,1,0.74,0.66,1,1,0,0,0
medium,1,Random Forest,0.2,0.8,133,1,0.67,0.75,1,1,0,0,0
medium,1,Random Forest,0.2,0.8,113,1,0.74,0.76,1,1,0,0,0
medium,1,Random Forest,0.2,0.8,91,0,0.47,0.38,0,0,0,0,0
medium,1,Random Forest,0.2,0.8,177,1,0.61,0.48,1,0,1,0,1
medium,1,Random Forest,0.2,0.8,114,1,0.7,0.84,1,1,0,0,0
medium,1,Random Forest,0.2,0.8,140,1,0.53,0.45,1,0,1,0,1
medium,1,Random Forest,0.2,0.8,63,0,0.22,0.19,0,0,0,0,0
medium,1,Random Forest,0.2,0.8,59,0,0.32,0.29,0,0,0,0,0
medium,1,Random Forest,0.2,0.8,122,1,0.73,0.86,1,1,0,0,0
medium,1,Random Forest,0.2,0.8,102,1,0.75,0.74,1,1,0,0,0
medium,1,Random Forest,0.2,0.8,1,0,0.68,0.57,1,1,0,0,0
medium,1,Random Forest,0.2,0.8,84,0,0.67,0.67,1,1,0,0,0
medium,1,Random Forest,0.2,0.8,52,0,0.27,0.3,0,0,0,0,0
medium,1,Random Forest,0.2,0.8,79,0,0.36,0.42,0,0,0,0,0
medium,1,Random Forest,0.2,0.8,87,0,0.43,0.45,0,0,0,0,0
medium,1,Random Forest,0.2,0.8,75,0,0.68,0.45,1,0,1,1,0
medium,1,Random Forest,0.2,0.8,37,0,0.58,0.39,1,0,1,1,0
medium,1,Random Forest,0.2,0.8,20,0,0.31,0.34,0,0,0,0,0
medium,1,Random Forest,0.2,0.8,92,0,0.5,0.39,1,0,1,1,0
medium,1,Random Forest,0.2,0.8,21,0,0.26,0.31,0,0,0,0,0
medium,1,Random Forest,0.2,0.8,60,0,0.29,0.38,0,0,0,0,0
medium,1,Random Forest,0.2,0.8,143,1,0.74,0.71,1,1,0,0,0
medium,1,Random Forest,0.2,0.8,41,0,0.23,0.4,0,0,0,0,0
medium,1,Random Forest,0.2,0.8,74,0,0.34,0.3,0,0,0,0,0
medium,1,Random Forest,0.2,0.8,147,1,0.72,0.66,1,1,0,0,0
medium,1,Random Forest,0.2,0.8,58,0,0.45,0.44,0,0,0,0,0
medium,1,Random Forest,0.2,0.8,134,1,0.68,0.88,1,1,0,0,0
medium,1,Random Forest,0.3,0.7,107,1,0.66,0.65,1,1,0,0,0
medium,1,Random Forest,0.3,0.7,133,1,0.67,0.75,1,1,0,0,0
medium,1,Random Forest,0.3,0.7,91,0,0.47,0.38,0,0,0,0,0
medium,1,Random Forest,0.3,0.7,177,1,0.61,0.48,1,0,1,0,1
medium,1,Random Forest,0.3,0.7,140,1,0.53,0.45,1,0,1,0,1
medium,1,Random Forest,0.3,0.7,59,0,0.32,0.29,0,0,0,0,0
medium,1,Random Forest,0.3,0.7,1,0,0.68,0.57,1,1,0,0,0
medium,1,Random Forest,0.3,0.7,84,0,0.67,0.67,1,1,0,0,0
medium,1,Random Forest,0.3,0.7,79,0,0.36,0.42,0,0,0,0,0
medium,1,Random Forest,0.3,0.7,87,0,0.43,0.45,0,0,0,0,0
medium,1,Random Forest,0.3,0.7,75,0,0.68,0.45,1,0,1,1,0
medium,1,Random Forest,0.3,0.7,37,0,0.58,0.39,1,0,1,1,0
medium,1,Random Forest,0.3,0.7,20,0,0.31,0.34,0,0,0,0,0
medium,1,Random Forest,0.3,0.7,92,0,0.5,0.39,1,0,1,1,0
medium,1,Random Forest,0.3,0.7,74,0,0.34,0.3,0,0,0,0,0
medium,1,Random Forest,0.3,0.7,58,0,0.45,0.44,0,0,0,0,0
medium,1,Random Forest,0.3,0.7,134,1,0.68,0.88,1,1,0,0,0
medium,1,Random Forest,0.4,0.6,91,0,0.47,0.38,0,0,0,0,0
medium,1,Random Forest,0.4,0.6,140,1,0.53,0.45,1,0,1,0,1
medium,1,Random Forest,0.4,0.6,87,0,0.43,0.45,0,0,0,0,0
medium,1,Random Forest,0.4,0.6,37,0,0.58,0.39,1,0,1,1,0
medium,1,Random Forest,0.4,0.6,92,0,0.5,0.39,1,0,1,1,0
medium,1,Random Forest,0.4,0.6,58,0,0.45,0.44,0,0,0,0,0
medium,1,XGBoost,0.2,0.8,91,0,0.6356324553489685,0.46289703249931335,1,0,1,1,0
medium,1,XGBoost,0.2,0.8,114,1,0.7620950937271118,0.8821479678153992,1,1,0,0,0
medium,1,XGBoost,0.2,0.8,140,1,0.5554431676864624,0.6087159514427185,1,1,0,0,0
medium,1,XGBoost,0.2,0.8,122,1,0.7582420110702515,0.8887687921524048,1,1,0,0,0
medium,1,XGBoost,0.2,0.8,1,0,0.6627400517463684,0.5435067415237427,1,1,0,0,0
medium,1,XGBoost,0.2,0.8,87,0,0.5620809197425842,0.4643021821975708,1,0,1,1,0
medium,1,XGBoost,0.2,0.8,75,0,0.6257460713386536,0.24252012372016907,1,0,1,1,0
medium,1,XGBoost,0.2,0.8,37,0,0.4112044870853424,0.15756918489933014,0,0,0,0,0
medium,1,XGBoost,0.2,0.8,21,0,0.22680313885211945,0.16398724913597107,0,0,0,0,0
medium,1,XGBoost,0.2,0.8,58,0,0.46339982748031616,0.8311305642127991,0,1,1,0,1
medium,1,XGBoost,0.3,0.7,91,0,0.6356324553489685,0.46289703249931335,1,0,1,1,0
medium,1,XGBoost,0.3,0.7,140,1,0.5554431676864624,0.6087159514427185,1,1,0,0,0
medium,1,XGBoost,0.3,0.7,1,0,0.6627400517463684,0.5435067415237427,1,1,0,0,0
medium,1,XGBoost,0.3,0.7,87,0,0.5620809197425842,0.4643021821975708,1,0,1,1,0
medium,1,XGBoost,0.3,0.7,75,0,0.6257460713386536,0.24252012372016907,1,0,1,1,0
medium,1,XGBoost,0.3,0.7,37,0,0.4112044870853424,0.15756918489933014,0,0,0,0,0
medium,1,XGBoost,0.3,0.7,58,0,0.46339982748031616,0.8311305642127991,0,1,1,0,1
medium,1,XGBoost,0.4,0.6,140,1,0.5554431676864624,0.6087159514427185,1,1,0,0,0
medium,1,XGBoost,0.4,0.6,87,0,0.5620809197425842,0.4643021821975708,1,0,1,1,0
medium,1,XGBoost,0.4,0.6,37,0,0.4112044870853424,0.15756918489933014,0,0,0,0,0
medium,1,XGBoost,0.4,0.6,58,0,0.46339982748031616,0.8311305642127991,0,1,1,0,1
medium,2,Logistic Regression,0.2,0.8,185,1,0.6858024670609113,0.851096281277828,1,1,0,0,0
medium,2,Logistic Regression,0.2,0.8,116,1,0.620755189360217,0.7358069485486637,1,1,0,0,0
medium,2,Logistic Regression,0.2,0.8,181,1,0.3473508267632807,0.9847979017305741,0,1,1,1,0
medium,2,Logistic Regression,0.2,0.8,39,0,0.24313405900448848,0.04964514011239449,0,0,0,0,0
medium,2,Logistic Regression,0.2,0.8,54,0,0.6312906419360662,0.017190696496176168,1,0,1,1,0
medium,2,Logistic Regression,0.2,0.8,189,1,0.6480090260048934,0.9890422519109732,1,1,0,0,0
medium,2,Logistic Regression,0.2,0.8,16,0,0.47106372015682774,0.8969678465202422,0,1,1,0,1
medium,2,Logistic Regression,0.2,0.8,191,1,0.5916434386839255,0.9809199055499697,1,1,0,0,0
medium,2,Logistic Regression,0.2,0.8,178,1,0.7320785154009827,0.9777945870974516,1,1,0,0,0
medium,2,Logistic Regression,0.2,0.8,33,0,0.21309199366507914,0.5412354411011887,0,1,1,0,1
medium,2,Logistic Regression,0.2,0.8,163,1,0.740326410479712,0.6386661766125314,1,1,0,0,0
medium,2,Logistic Regression,0.2,0.8,29,0,0.5616771665629592,0.0425699703214335,1,0,1,1,0
medium,2,Logistic Regression,0.2,0.8,188,1,0.7195967088729422,0.9921109264215968,1,1,0,0,0
medium,2,Logistic Regression,0.2,0.8,92,0,0.7247648307903161,0.46921203400386097,1,0,1,1,0
medium,2,Logistic Regression,0.2,0.8,122,1,0.44507862208311016,0.9971943469388347,0,1,1,1,0
medium,2,Logistic Regression,0.2,0.8,57,0,0.2140618580284992,0.5275067144767434,0,1,1,0,1
medium,2,Logistic Regression,0.2,0.8,172,1,0.745898302923035,0.8928599657798146,1,1,0,0,0
medium,2,Logistic Regression,0.2,0.8,136,1,0.5844329431647706,0.15570097495466603,1,0,1,0,1
medium,2,Logistic Regression,0.2,0.8,82,0,0.28913110412286974,0.6359681077658763,0,1,1,0,1
medium,2,Logistic Regression,0.2,0.8,21,0,0.36344193946416187,0.03254448374996058,0,0,0,0,0
medium,2,Logistic Regression,0.2,0.8,8,0,0.4091675733426989,0.06591678243980117,0,0,0,0,0
medium,2,Logistic Regression,0.2,0.8,63,0,0.26623127200351765,0.0988348671528074,0,0,0,0,0
medium,2,Logistic Regression,0.2,0.8,66,0,0.6709388383871348,0.9748189937455041,1,1,0,0,0
medium,2,Logistic Regression,0.2,0.8,88,0,0.2652180375416728,0.08742623440668605,0,0,0,0,0
medium,2,Logistic Regression,0.2,0.8,120,1,0.42578761990544495,0.35209465843562215,0,0,0,0,0
medium,2,Logistic Regression,0.2,0.8,15,0,0.7182267414958335,0.7462034522187683,1,1,0,0,0
medium,2,Logistic Regression,0.3,0.7,185,1,0.6858024670609113,0.851096281277828,1,1,0,0,0
medium,2,Logistic Regression,0.3,0.7,116,1,0.620755189360217,0.7358069485486637,1,1,0,0,0
medium,2,Logistic Regression,0.3,0.7,181,1,0.3473508267632807,0.9847979017305741,0,1,1,1,0
medium,2,Logistic Regression,0.3,0.7,54,0,0.6312906419360662,0.017190696496176168,1,0,1,1,0
medium,2,Logistic Regression,0.3,0.7,189,1,0.6480090260048934,0.9890422519109732,1,1,0,0,0
medium,2,Logistic Regression,0.3,0.7,16,0,0.47106372015682774,0.8969678465202422,0,1,1,0,1
medium,2,Logistic Regression,0.3,0.7,191,1,0.5916434386839255,0.9809199055499697,1,1,0,0,0
medium,2,Logistic Regression,0.3,0.7,29,0,0.5616771665629592,0.0425699703214335,1,0,1,1,0
medium,2,Logistic Regression,0.3,0.7,122,1,0.44507862208311016,0.9971943469388347,0,1,1,1,0
medium,2,Logistic Regression,0.3,0.7,136,1,0.5844329431647706,0.15570097495466603,1,0,1,0,1
medium,2,Logistic Regression,0.3,0.7,21,0,0.36344193946416187,0.03254448374996058,0,0,0,0,0
medium,2,Logistic Regression,0.3,0.7,8,0,0.4091675733426989,0.06591678243980117,0,0,0,0,0
medium,2,Logistic Regression,0.3,0.7,66,0,0.6709388383871348,0.9748189937455041,1,1,0,0,0
medium,2,Logistic Regression,0.3,0.7,120,1,0.42578761990544495,0.35209465843562215,0,0,0,0,0
medium,2,Logistic Regression,0.4,0.6,16,0,0.47106372015682774,0.8969678465202422,0,1,1,0,1
medium,2,Logistic Regression,0.4,0.6,191,1,0.5916434386839255,0.9809199055499697,1,1,0,0,0
medium,2,Logistic Regression,0.4,0.6,29,0,0.5616771665629592,0.0425699703214335,1,0,1,1,0
medium,2,Logistic Regression,0.4,0.6,122,1,0.44507862208311016,0.9971943469388347,0,1,1,1,0
medium,2,Logistic Regression,0.4,0.6,136,1,0.5844329431647706,0.15570097495466603,1,0,1,0,1
medium,2,Logistic Regression,0.4,0.6,8,0,0.4091675733426989,0.06591678243980117,0,0,0,0,0
medium,2,Logistic Regression,0.4,0.6,120,1,0.42578761990544495,0.35209465843562215,0,0,0,0,0
medium,2,Random Forest,0.2,0.8,173,1,0.79,0.74,1,1,0,0,0
medium,2,Random Forest,0.2,0.8,47,0,0.23,0.45,0,0,0,0,0
medium,2,Random Forest,0.2,0.8,116,1,0.68,0.67,1,1,0,0,0
medium,2,Random Forest,0.2,0.8,154,1,0.65,0.69,1,1,0,0,0
medium,2,Random Forest,0.2,0.8,181,1,0.78,0.88,1,1,0,0,0
medium,2,Random Forest,0.2,0.8,189,1,0.67,0.72,1,1,0,0,0
medium,2,Random Forest,0.2,0.8,16,0,0.7,0.66,1,1,0,0,0
medium,2,Random Forest,0.2,0.8,123,1,0.54,0.55,1,1,0,0,0
medium,2,Random Forest,0.2,0.8,163,1,0.76,0.65,1,1,0,0,0
medium,2,Random Forest,0.2,0.8,129,1,0.79,0.67,1,1,0,0,0
medium,2,Random Forest,0.2,0.8,188,1,0.77,0.87,1,1,0,0,0
medium,2,Random Forest,0.2,0.8,60,0,0.29,0.39,0,0,0,0,0
medium,2,Random Forest,0.2,0.8,92,0,0.32,0.31,0,0,0,0,0
medium,2,Random Forest,0.2,0.8,122,1,0.68,0.69,1,1,0,0,0
medium,2,Random Forest,0.2,0.8,128,1,0.77,0.76,1,1,0,0,0
medium,2,Random Forest,0.2,0.8,172,1,0.76,0.67,1,1,0,0,0
medium,2,Random Forest,0.2,0.8,190,1,0.74,0.65,1,1,0,0,0
medium,2,Random Forest,0.2,0.8,136,1,0.7,0.48,1,0,1,0,1
medium,2,Random Forest,0.2,0.8,8,0,0.23,0.24,0,0,0,0,0
medium,2,Random Forest,0.2,0.8,109,1,0.61,0.57,1,1,0,0,0
medium,2,Random Forest,0.2,0.8,66,0,0.61,0.7,1,1,0,0,0
medium,2,Random Forest,0.2,0.8,88,0,0.24,0.29,0,0,0,0,0
medium,2,Random Forest,0.2,0.8,120,1,0.64,0.57,1,1,0,0,0
medium,2,Random Forest,0.2,0.8,68,0,0.63,0.57,1,1,0,0,0
medium,2,Random Forest,0.2,0.8,133,1,0.74,0.85,1,1,0,0,0
medium,2,Random Forest,0.2,0.8,15,0,0.32,0.48,0,0,0,0,0
medium,2,Random Forest,0.3,0.7,116,1,0.68,0.67,1,1,0,0,0
medium,2,Random Forest,0.3,0.7,154,1,0.65,0.69,1,1,0,0,0
medium,2,Random Forest,0.3,0.7,189,1,0.67,0.72,1,1,0,0,0
medium,2,Random Forest,0.3,0.7,123,1,0.54,0.55,1,1,0,0,0
medium,2,Random Forest,0.3,0.7,92,0,0.32,0.31,0,0,0,0,0
medium,2,Random Forest,0.3,0.7,122,1,0.68,0.69,1,1,0,0,0
medium,2,Random Forest,0.3,0.7,109,1,0.61,0.57,1,1,0,0,0
medium,2,Random Forest,0.3,0.7,66,0,0.61,0.7,1,1,0,0,0
medium,2,Random Forest,0.3,0.7,120,1,0.64,0.57,1,1,0,0,0
medium,2,Random Forest,0.3,0.7,68,0,0.63,0.57,1,1,0,0,0
medium,2,Random Forest,0.3,0.7,15,0,0.32,0.48,0,0,0,0,0
medium,2,Random Forest,0.4,0.6,123,1,0.54,0.55,1,1,0,0,0
medium,2,XGBoost,0.2,0.8,116,1,0.6668270230293274,0.6917631030082703,1,1,0,0,0
medium,2,XGBoost,0.2,0.8,181,1,0.7257518768310547,0.9556425213813782,1,1,0,0,0
medium,2,XGBoost,0.2,0.8,189,1,0.7040817141532898,0.9563506841659546,1,1,0,0,0
medium,2,XGBoost,0.2,0.8,123,1,0.30275410413742065,0.8007509112358093,0,1,1,1,0
medium,2,XGBoost,0.2,0.8,60,0,0.3052346110343933,0.0942707359790802,0,0,0,0,0
medium,2,XGBoost,0.2,0.8,122,1,0.32331469655036926,0.8510184288024902,0,1,1,1,0
medium,2,XGBoost,0.2,0.8,136,1,0.6291118860244751,0.36065447330474854,1,0,1,0,1
medium,2,XGBoost,0.2,0.8,109,1,0.4395555257797241,0.37882286310195923,0,0,0,0,0
medium,2,XGBoost,0.2,0.8,68,0,0.5440118312835693,0.554440438747406,1,1,0,0,0
medium,2,XGBoost,0.3,0.7,116,1,0.6668270230293274,0.6917631030082703,1,1,0,0,0
medium,2,XGBoost,0.3,0.7,123,1,0.30275410413742065,0.8007509112358093,0,1,1,1,0
medium,2,XGBoost,0.3,0.7,60,0,0.3052346110343933,0.0942707359790802,0,0,0,0,0
medium,2,XGBoost,0.3,0.7,122,1,0.32331469655036926,0.8510184288024902,0,1,1,1,0
medium,2,XGBoost,0.3,0.7,136,1,0.6291118860244751,0.36065447330474854,1,0,1,0,1
medium,2,XGBoost,0.3,0.7,109,1,0.4395555257797241,0.37882286310195923,0,0,0,0,0
medium,2,XGBoost,0.3,0.7,68,0,0.5440118312835693,0.554440438747406,1,1,0,0,0
medium,2,XGBoost,0.4,0.6,109,1,0.4395555257797241,0.37882286310195923,0,0,0,0,0
medium,2,XGBoost,0.4,0.6,68,0,0.5440118312835693,0.554440438747406,1,1,0,0,0
medium,3,Logistic Regression,0.2,0.8,102,1,0.7880515801944536,0.9888602470570385,1,1,0,0,0
medium,3,Logistic Regression,0.2,0.8,21,0,0.21922810350022778,0.04928977976432064,0,0,0,0,0
medium,3,Logistic Regression,0.2,0.8,120,1,0.3089363494724003,0.16639260559293598,0,0,0,0,0
medium,3,Logistic Regression,0.2,0.8,121,1,0.5747707057543691,0.16386669037611568,1,0,1,0,1
medium,3,Logistic Regression,0.2,0.8,185,1,0.6251240792273153,0.8006129602158859,1,1,0,0,0
medium,3,Logistic Regression,0.2,0.8,173,1,0.6356183855578501,0.9956554497474277,1,1,0,0,0
medium,3,Logistic Regression,0.2,0.8,69,0,0.760495022860894,0.9954666510375988,1,1,0,0,0
medium,3,Logistic Regression,0.2,0.8,31,0,0.6029200159975912,0.698165224083929,1,1,0,0,0
medium,3,Logistic Regression,0.2,0.8,77,0,0.2115877873975595,0.0465725578662742,0,0,0,0,0
medium,3,Logistic Regression,0.2,0.8,158,1,0.5939764194905555,0.9368752631336962,1,1,0,0,0
medium,3,Logistic Regression,0.2,0.8,161,1,0.7512450738629914,0.7197625772232055,1,1,0,0,0
medium,3,Logistic Regression,0.2,0.8,108,1,0.6922891258477506,0.3870064808984934,1,0,1,0,1
medium,3,Logistic Regression,0.2,0.8,183,1,0.23591544226025804,0.6226193305815971,0,1,1,1,0
medium,3,Logistic Regression,0.2,0.8,74,0,0.2984118904060957,0.06867328779846725,0,0,0,0,0
medium,3,Logistic Regression,0.2,0.8,192,1,0.5524450327544216,0.9861094789269492,1,1,0,0,0
medium,3,Logistic Regression,0.2,0.8,125,1,0.7746651708237019,0.9992228671577602,1,1,0,0,0
medium,3,Logistic Regression,0.2,0.8,54,0,0.6341724064082772,0.0019722511498671586,1,0,1,1,0
medium,3,Logistic Regression,0.2,0.8,41,0,0.29419566187849533,0.21772978500819712,0,0,0,0,0
medium,3,Logistic Regression,0.2,0.8,50,0,0.42966826750271053,0.26422032537806783,0,0,0,0,0
medium,3,Logistic Regression,0.2,0.8,151,1,0.7160668695009579,0.8963608053512943,1,1,0,0,0
medium,3,Logistic Regression,0.2,0.8,181,1,0.4017925663821082,0.9868453652211658,0,1,1,1,0
medium,3,Logistic Regression,0.2,0.8,79,0,0.6844495069260391,0.6822131136107572,1,1,0,0,0
medium,3,Logistic Regression,0.2,0.8,163,1,0.6024552804148957,0.7995075739213412,1,1,0,0,0
medium,3,Logistic Regression,0.3,0.7,120,1,0.3089363494724003,0.16639260559293598,0,0,0,0,0
medium,3,Logistic Regression,0.3,0.7,121,1,0.5747707057543691,0.16386669037611568,1,0,1,0,1
medium,3,Logistic Regression,0.3,0.7,185,1,0.6251240792273153,0.8006129602158859,1,1,0,0,0
medium,3,Logistic Regression,0.3,0.7,173,1,0.6356183855578501,0.9956554497474277,1,1,0,0,0
medium,3,Logistic Regression,0.3,0.7,31,0,0.6029200159975912,0.698165224083929,1,1,0,0,0
medium,3,Logistic Regression,0.3,0.7,158,1,0.5939764194905555,0.9368752631336962,1,1,0,0,0
medium,3,Logistic Regression,0.3,0.7,108,1,0.6922891258477506,0.3870064808984934,1,0,1,0,1
medium,3,Logistic Regression,0.3,0.7,192,1,0.5524450327544216,0.9861094789269492,1,1,0,0,0
medium,3,Logistic Regression,0.3,0.7,54,0,0.6341724064082772,0.0019722511498671586,1,0,1,1,0
medium,3,Logistic Regression,0.3,0.7,50,0,0.42966826750271053,0.26422032537806783,0,0,0,0,0
medium,3,Logistic Regression,0.3,0.7,181,1,0.4017925663821082,0.9868453652211658,0,1,1,1,0
medium,3,Logistic Regression,0.3,0.7,79,0,0.6844495069260391,0.6822131136107572,1,1,0,0,0
medium,3,Logistic Regression,0.3,0.7,163,1,0.6024552804148957,0.7995075739213412,1,1,0,0,0
medium,3,Logistic Regression,0.4,0.6,121,1,0.5747707057543691,0.16386669037611568,1,0,1,0,1
medium,3,Logistic Regression,0.4,0.6,158,1,0.5939764194905555,0.9368752631336962,1,1,0,0,0
medium,3,Logistic Regression,0.4,0.6,192,1,0.5524450327544216,0.9861094789269492,1,1,0,0,0
medium,3,Logistic Regression,0.4,0.6,50,0,0.42966826750271053,0.26422032537806783,0,0,0,0,0
medium,3,Logistic Regression,0.4,0.6,181,1,0.4017925663821082,0.9868453652211658,0,1,1,1,0
medium,3,Random Forest,0.2,0.8,102,1,0.69,0.65,1,1,0,0,0
medium,3,Random Forest,0.2,0.8,78,0,0.35,0.33,0,0,0,0,0
medium,3,Random Forest,0.2,0.8,21,0,0.21,0.21,0,0,0,0,0
medium,3,Random Forest,0.2,0.8,120,1,0.7,0.61,1,1,0,0,0
medium,3,Random Forest,0.2,0.8,121,1,0.75,0.68,1,1,0,0,0
medium,3,Random Forest,0.2,0.8,60,0,0.3,0.47,0,0,0,0,0
medium,3,Random Forest,0.2,0.8,173,1,0.7,0.74,1,1,0,0,0
medium,3,Random Forest,0.2,0.8,55,0,0.23,0.22,0,0,0,0,0
medium,3,Random Forest,0.2,0.8,31,0,0.48,0.56,0,1,1,0,1
medium,3,Random Forest,0.2,0.8,158,1,0.67,0.78,1,1,0,0,0
medium,3,Random Forest,0.2,0.8,15,0,0.36,0.51,0,1,1,0,1
medium,3,Random Forest,0.2,0.8,155,1,0.68,0.83,1,1,0,0,0
medium,3,Random Forest,0.2,0.8,161,1,0.77,0.89,1,1,0,0,0
medium,3,Random Forest,0.2,0.8,20,0,0.35,0.35,0,0,0,0,0
medium,3,Random Forest,0.2,0.8,183,1,0.7,0.7,1,1,0,0,0
medium,3,Random Forest,0.2,0.8,195,1,0.77,0.79,1,1,0,0,0
medium,3,Random Forest,0.2,0.8,74,0,0.36,0.42,0,0,0,0,0
medium,3,Random Forest,0.2,0.8,165,1,0.65,0.75,1,1,0,0,0
medium,3,Random Forest,0.2,0.8,123,1,0.42,0.62,0,1,1,1,0
medium,3,Random Forest,0.2,0.8,192,1,0.77,0.82,1,1,0,0,0
medium,3,Random Forest,0.2,0.8,125,1,0.78,0.85,1,1,0,0,0
medium,3,Random Forest,0.2,0.8,66,0,0.6,0.77,1,1,0,0,0
medium,3,Random Forest,0.2,0.8,199,1,0.75,0.76,1,1,0,0,0
medium,3,Random Forest,0.2,0.8,54,0,0.24,0.13,0,0,0,0,0
medium,3,Random Forest,0.2,0.8,41,0,0.34,0.45,0,0,0,0,0
medium,3,Random Forest,0.2,0.8,79,0,0.49,0.47,0,0,0,0,0
medium,3,Random Forest,0.2,0.8,163,1,0.77,0.87,1,1,0,0,0
medium,3,Random Forest,0.3,0.7,102,1,0.69,0.65,1,1,0,0,0
medium,3,Random Forest,0.3,0.7,78,0,0.35,0.33,0,0,0,0,0
medium,3,Random Forest,0.3,0.7,31,0,0.48,0.56,0,1,1,0,1
medium,3,Random Forest,0.3,0.7,158,1,0.67,0.78,1,1,0,0,0
medium,3,Random Forest,0.3,0.7,15,0,0.36,0.51,0,1,1,0,1
medium,3,Random Forest,0.3,0.7,155,1,0.68,0.83,1,1,0,0,0
medium,3,Random Forest,0.3,0.7,20,0,0.35,0.35,0,0,0,0,0
medium,3,Random Forest,0.3,0.7,74,0,0.36,0.42,0,0,0,0,0
medium,3,Random Forest,0.3,0.7,165,1,0.65,0.75,1,1,0,0,0
medium,3,Random Forest,0.3,0.7,123,1,0.42,0.62,0,1,1,1,0
medium,3,Random Forest,0.3,0.7,66,0,0.6,0.77,1,1,0,0,0
medium,3,Random Forest,0.3,0.7,41,0,0.34,0.45,0,0,0,0,0
medium,3,Random Forest,0.3,0.7,79,0,0.49,0.47,0,0,0,0,0
medium,3,Random Forest,0.4,0.6,31,0,0.48,0.56,0,1,1,0,1
medium,3,Random Forest,0.4,0.6,123,1,0.42,0.62,0,1,1,1,0
medium,3,Random Forest,0.4,0.6,79,0,0.49,0.47,0,0,0,0,0
medium,3,XGBoost,0.2,0.8,121,1,0.6976451277732849,0.8358768820762634,1,1,0,0,0
medium,3,XGBoost,0.2,0.8,60,0,0.3819322884082794,0.36973297595977783,0,0,0,0,0
medium,3,XGBoost,0.2,0.8,31,0,0.5436379909515381,0.676836371421814,1,1,0,0,0
medium,3,XGBoost,0.2,0.8,15,0,0.32216909527778625,0.658935010433197,0,1,1,0,1
medium,3,XGBoost,0.2,0.8,123,1,0.3051024079322815,0.9067128300666809,0,1,1,1,0
medium,3,XGBoost,0.2,0.8,181,1,0.7839633226394653,0.9820642471313477,1,1,0,0,0
medium,3,XGBoost,0.2,0.8,79,0,0.40929949283599854,0.386041522026062,0,0,0,0,0
medium,3,XGBoost,0.3,0.7,121,1,0.6976451277732849,0.8358768820762634,1,1,0,0,0
medium,3,XGBoost,0.3,0.7,60,0,0.3819322884082794,0.36973297595977783,0,0,0,0,0
medium,3,XGBoost,0.3,0.7,31,0,0.5436379909515381,0.676836371421814,1,1,0,0,0
medium,3,XGBoost,0.3,0.7,15,0,0.32216909527778625,0.658935010433197,0,1,1,0,1
medium,3,XGBoost,0.3,0.7,123,1,0.3051024079322815,0.9067128300666809,0,1,1,1,0
medium,3,XGBoost,0.3,0.7,79,0,0.40929949283599854,0.386041522026062,0,0,0,0,0
medium,3,XGBoost,0.4,0.6,31,0,0.5436379909515381,0.676836371421814,1,1,0,0,0
medium,3,XGBoost,0.4,0.6,79,0,0.40929949283599854,0.386041522026062,0,0,0,0,0
medium,4,Logistic Regression,0.2,0.8,62,0,0.23447297710226164,0.008928712815168374,0,0,0,0,0
medium,4,Logistic Regression,0.2,0.8,66,0,0.7556511183268131,0.9635859078085862,1,1,0,0,0
medium,4,Logistic Regression,0.2,0.8,145,1,0.5491793315118746,0.27707132821881963,1,0,1,0,1
medium,4,Logistic Regression,0.2,0.8,184,1,0.7119911682599805,0.9802601673772064,1,1,0,0,0
medium,4,Logistic Regression,0.2,0.8,54,0,0.6493529188624,0.014087350531891718,1,0,1,1,0
medium,4,Logistic Regression,0.2,0.8,79,0,0.7155252259825328,0.5528744306609421,1,1,0,0,0
medium,4,Logistic Regression,0.2,0.8,31,0,0.7825618574247084,0.48162743787244866,1,0,1,1,0
medium,4,Logistic Regression,0.2,0.8,199,1,0.7961423789492166,0.8675894406934548,1,1,0,0,0
medium,4,Logistic Regression,0.2,0.8,2,0,0.5583812396947477,0.0022861365261982055,1,0,1,1,0
medium,4,Logistic Regression,0.2,0.8,117,1,0.3916963259489499,0.7156834430323121,0,1,1,1,0
medium,4,Logistic Regression,0.2,0.8,82,0,0.3402304856030111,0.6176862640737463,0,1,1,0,1
medium,4,Logistic Regression,0.2,0.8,197,1,0.6735225364721382,0.9932412670377622,1,1,0,0,0
medium,4,Logistic Regression,0.2,0.8,58,0,0.2214405254760551,0.1692291949778019,0,0,0,0,0
medium,4,Logistic Regression,0.2,0.8,91,0,0.3144798823337385,0.01178244704274882,0,0,0,0,0
medium,4,Logistic Regression,0.2,0.8,141,1,0.36456844494132606,0.10724833620379544,0,0,0,0,0
medium,4,Logistic Regression,0.2,0.8,71,0,0.31437522778436955,0.04790410473493901,0,0,0,0,0
medium,4,Logistic Regression,0.2,0.8,33,0,0.22066748094407246,0.5299695860014557,0,1,1,0,1
medium,4,Logistic Regression,0.2,0.8,109,1,0.20264064196069062,0.2538590032151142,0,0,0,0,0
medium,4,Logistic Regression,0.2,0.8,92,0,0.7106759706275104,0.7495130194618224,1,1,0,0,0
medium,4,Logistic Regression,0.2,0.8,175,1,0.6270667601482215,0.9352829589709828,1,1,0,0,0
medium,4,Logistic Regression,0.2,0.8,193,1,0.7248973927641392,0.7944087883387837,1,1,0,0,0
medium,4,Logistic Regression,0.2,0.8,37,0,0.6626871721625194,0.013708154963246597,1,0,1,1,0
medium,4,Logistic Regression,0.2,0.8,140,1,0.6787472775521248,0.837696997276551,1,1,0,0,0
medium,4,Logistic Regression,0.2,0.8,188,1,0.47135432160576896,0.9962583672456348,0,1,1,1,0
medium,4,Logistic Regression,0.2,0.8,3,0,0.34671858777347203,0.011565775518765503,0,0,0,0,0
medium,4,Logistic Regression,0.2,0.8,88,0,0.33192117463453585,0.18246076842682538,0,0,0,0,0
medium,4,Logistic Regression,0.2,0.8,161,1,0.7039472755224173,0.47299753325850497,1,0,1,0,1
medium,4,Logistic Regression,0.2,0.8,76,0,0.49364496055420853,0.06271901979083873,0,0,0,0,0
medium,4,Logistic Regression,0.2,0.8,73,0,0.21843930218318985,0.6463527877640924,0,1,1,0,1
medium,4,Logistic Regression,0.2,0.8,133,1,0.769833147805634,0.9957054883299765,1,1,0,0,0
medium,4,Logistic Regression,0.2,0.8,116,1,0.7054742896557255,0.5400689562322957,1,1,0,0,0
medium,4,Logistic Regression,0.2,0.8,136,1,0.3763753880381799,0.03315990954193837,0,0,0,0,0
medium,4,Logistic Regression,0.3,0.7,145,1,0.5491793315118746,0.27707132821881963,1,0,1,0,1
medium,4,Logistic Regression,0.3,0.7,54,0,0.6493529188624,0.014087350531891718,1,0,1,1,0
medium,4,Logistic Regression,0.3,0.7,2,0,0.5583812396947477,0.0022861365261982055,1,0,1,1,0
medium,4,Logistic Regression,0.3,0.7,117,1,0.3916963259489499,0.7156834430323121,0,1,1,1,0
medium,4,Logistic Regression,0.3,0.7,82,0,0.3402304856030111,0.6176862640737463,0,1,1,0,1
medium,4,Logistic Regression,0.3,0.7,197,1,0.6735225364721382,0.9932412670377622,1,1,0,0,0
medium,4,Logistic Regression,0.3,0.7,91,0,0.3144798823337385,0.01178244704274882,0,0,0,0,0
medium,4,Logistic Regression,0.3,0.7,141,1,0.36456844494132606,0.10724833620379544,0,0,0,0,0
medium,4,Logistic Regression,0.3,0.7,71,0,0.31437522778436955,0.04790410473493901,0,0,0,0,0
medium,4,Logistic Regression,0.3,0.7,175,1,0.6270667601482215,0.9352829589709828,1,1,0,0,0
medium,4,Logistic Regression,0.3,0.7,37,0,0.6626871721625194,0.013708154963246597,1,0,1,1,0
medium,4,Logistic Regression,0.3,0.7,140,1,0.6787472775521248,0.837696997276551,1,1,0,0,0
medium,4,Logistic Regression,0.3,0.7,188,1,0.47135432160576896,0.9962583672456348,0,1,1,1,0
medium,4,Logistic Regression,0.3,0.7,3,0,0.34671858777347203,0.011565775518765503,0,0,0,0,0
medium,4,Logistic Regression,0.3,0.7,88,0,0.33192117463453585,0.18246076842682538,0,0,0,0,0
medium,4,Logistic Regression,0.3,0.7,76,0,0.49364496055420853,0.06271901979083873,0,0,0,0,0
medium,4,Logistic Regression,0.3,0.7,136,1,0.3763753880381799,0.03315990954193837,0,0,0,0,0
medium,4,Logistic Regression,0.4,0.6,145,1,0.5491793315118746,0.27707132821881963,1,0,1,0,1
medium,4,Logistic Regression,0.4,0.6,2,0,0.5583812396947477,0.0022861365261982055,1,0,1,1,0
medium,4,Logistic Regression,0.4,0.6,188,1,0.47135432160576896,0.9962583672456348,0,1,1,1,0
medium,4,Logistic Regression,0.4,0.6,76,0,0.49364496055420853,0.06271901979083873,0,0,0,0,0
medium,4,Random Forest,0.2,0.8,66,0,0.61,0.72,1,1,0,0,0
medium,4,Random Forest,0.2,0.8,184,1,0.78,0.81,1,1,0,0,0
medium,4,Random Forest,0.2,0.8,54,0,0.22,0.18,0,0,0,0,0
medium,4,Random Forest,0.2,0.8,79,0,0.43,0.51,0,1,1,0,1
medium,4,Random Forest,0.2,0.8,31,0,0.63,0.64,1,1,0,0,0
medium,4,Random Forest,0.2,0.8,199,1,0.64,0.69,1,1,0,0,0
medium,4,Random Forest,0.2,0.8,117,1,0.77,0.75,1,1,0,0,0
medium,4,Random Forest,0.2,0.8,58,0,0.58,0.47,1,0,1,1,0
medium,4,Random Forest,0.2,0.8,91,0,0.45,0.44,0,0,0,0,0
medium,4,Random Forest,0.2,0.8,141,1,0.75,0.57,1,1,0,0,0
medium,4,Random Forest,0.2,0.8,105,1,0.74,0.7,1,1,0,0,0
medium,4,Random Forest,0.2,0.8,56,0,0.41,0.43,0,0,0,0,0
medium,4,Random Forest,0.2,0.8,109,1,0.53,0.69,1,1,0,0,0
medium,4,Random Forest,0.2,0.8,92,0,0.42,0.44,0,0,0,0,0
medium,4,Random Forest,0.2,0.8,49,0,0.24,0.26,0,0,0,0,0
medium,4,Random Forest,0.2,0.8,93,0,0.25,0.29,0,0,0,0,0
medium,4,Random Forest,0.2,0.8,37,0,0.68,0.44,1,0,1,1,0
medium,4,Random Forest,0.2,0.8,140,1,0.54,0.58,1,1,0,0,0
medium,4,Random Forest,0.2,0.8,6,0,0.23,0.3,0,0,0,0,0
medium,4,Random Forest,0.2,0.8,188,1,0.76,0.78,1,1,0,0,0
medium,4,Random Forest,0.2,0.8,53,0,0.24,0.3,0,0,0,0,0
medium,4,Random Forest,0.2,0.8,64,0,0.37,0.34,0,0,0,0,0
medium,4,Random Forest,0.2,0.8,88,0,0.39,0.37,0,0,0,0,0
medium,4,Random Forest,0.2,0.8,161,1,0.71,0.83,1,1,0,0,0
medium,4,Random Forest,0.2,0.8,73,0,0.36,0.21,0,0,0,0,0
medium,4,Random Forest,0.2,0.8,9,0,0.57,0.66,1,1,0,0,0
medium,4,Random Forest,0.2,0.8,133,1,0.67,0.81,1,1,0,0,0
medium,4,Random Forest,0.2,0.8,144,1,0.72,0.74,1,1,0,0,0
medium,4,Random Forest,0.2,0.8,116,1,0.78,0.66,1,1,0,0,0
medium,4,Random Forest,0.2,0.8,136,1,0.65,0.5,1,1,0,0,0
medium,4,Random Forest,0.3,0.7,66,0,0.61,0.72,1,1,0,0,0
medium,4,Random Forest,0.3,0.7,79,0,0.43,0.51,0,1,1,0,1
medium,4,Random Forest,0.3,0.7,31,0,0.63,0.64,1,1,0,0,0
medium,4,Random Forest,0.3,0.7,199,1,0.64,0.69,1,1,0,0,0
medium,4,Random Forest,0.3,0.7,58,0,0.58,0.47,1,0,1,1,0
medium,4,Random Forest,0.3,0.7,91,0,0.45,0.44,0,0,0,0,0
medium,4,Random Forest,0.3,0.7,56,0,0.41,0.43,0,0,0,0,0
medium,4,Random Forest,0.3,0.7,109,1,0.53,0.69,1,1,0,0,0
medium,4,Random Forest,0.3,0.7,92,0,0.42,0.44,0,0,0,0,0
medium,4,Random Forest,0.3,0.7,37,0,0.68,0.44,1,0,1,1,0
medium,4,Random Forest,0.3,0.7,140,1,0.54,0.58,1,1,0,0,0
medium,4,Random Forest,0.3,0.7,64,0,0.37,0.34,0,0,0,0,0
medium,4,Random Forest,0.3,0.7,88,0,0.39,0.37,0,0,0,0,0
medium,4,Random Forest,0.3,0.7,73,0,0.36,0.21,0,0,0,0,0
medium,4,Random Forest,0.3,0.7,9,0,0.57,0.66,1,1,0,0,0
medium,4,Random Forest,0.3,0.7,133,1,0.67,0.81,1,1,0,0,0
medium,4,Random Forest,0.3,0.7,136,1,0.65,0.5,1,1,0,0,0
medium,4,Random Forest,0.4,0.6,79,0,0.43,0.51,0,1,1,0,1
medium,4,Random Forest,0.4,0.6,58,0,0.58,0.47,1,0,1,1,0
medium,4,Random Forest,0.4,0.6,91,0,0.45,0.44,0,0,0,0,0
medium,4,Random Forest,0.4,0.6,56,0,0.41,0.43,0,0,0,0,0
medium,4,Random Forest,0.4,0.6,109,1,0.53,0.69,1,1,0,0,0
medium,4,Random Forest,0.4,0.6,92,0,0.42,0.44,0,0,0,0,0
medium,4,Random Forest,0.4,0.6,140,1,0.54,0.58,1,1,0,0,0
medium,4,Random Forest,0.4,0.6,9,0,0.57,0.66,1,1,0,0,0
medium,4,XGBoost,0.2,0.8,184,1,0.6566165089607239,0.9514896869659424,1,1,0,0,0
medium,4,XGBoost,0.2,0.8,79,0,0.4024167060852051,0.6651816368103027,0,1,1,0,1
medium,4,XGBoost,0.2,0.8,31,0,0.7668237090110779,0.8960868716239929,1,1,0,0,0
medium,4,XGBoost,0.2,0.8,56,0,0.4146094024181366,0.3311564326286316,0,0,0,0,0
medium,4,XGBoost,0.2,0.8,109,1,0.7189027667045593,0.9070910215377808,1,1,0,0,0
medium,4,XGBoost,0.2,0.8,37,0,0.44746243953704834,0.2886032462120056,0,0,0,0,0
medium,4,XGBoost,0.2,0.8,140,1,0.6347476243972778,0.6745961308479309,1,1,0,0,0
medium,4,XGBoost,0.2,0.8,64,0,0.5445212125778198,0.10303957015275955,1,0,1,1,0
medium,4,XGBoost,0.2,0.8,88,0,0.3091678321361542,0.08532766252756119,0,0,0,0,0
medium,4,XGBoost,0.3,0.7,184,1,0.6566165089607239,0.9514896869659424,1,1,0,0,0
medium,4,XGBoost,0.3,0.7,79,0,0.4024167060852051,0.6651816368103027,0,1,1,0,1
medium,4,XGBoost,0.3,0.7,56,0,0.4146094024181366,0.3311564326286316,0,0,0,0,0
medium,4,XGBoost,0.3,0.7,37,0,0.44746243953704834,0.2886032462120056,0,0,0,0,0
medium,4,XGBoost,0.3,0.7,140,1,0.6347476243972778,0.6745961308479309,1,1,0,0,0
medium,4,XGBoost,0.3,0.7,64,0,0.5445212125778198,0.10303957015275955,1,0,1,1,0
medium,4,XGBoost,0.3,0.7,88,0,0.3091678321361542,0.08532766252756119,0,0,0,0,0
medium,4,XGBoost,0.4,0.6,79,0,0.4024167060852051,0.6651816368103027,0,1,1,0,1
medium,4,XGBoost,0.4,0.6,56,0,0.4146094024181366,0.3311564326286316,0,0,0,0,0
medium,4,XGBoost,0.4,0.6,37,0,0.44746243953704834,0.2886032462120056,0,0,0,0,0
medium,4,XGBoost,0.4,0.6,64,0,0.5445212125778198,0.10303957015275955,1,0,1,1,0
medium,5,Logistic Regression,0.2,0.8,52,0,0.2682879469233035,0.09949774850139147,0,0,0,0,0
medium,5,Logistic Regression,0.2,0.8,79,0,0.6446016684389858,0.9304621956711046,1,1,0,0,0
medium,5,Logistic Regression,0.2,0.8,57,0,0.3492956530054869,0.738896810043012,0,1,1,0,1
medium,5,Logistic Regression,0.2,0.8,114,1,0.7680021456495258,0.9514771084660578,1,1,0,0,0
medium,5,Logistic Regression,0.2,0.8,197,1,0.5614212551549781,0.9964024832613375,1,1,0,0,0
medium,5,Logistic Regression,0.2,0.8,196,1,0.691471633394863,0.7091499155456134,1,1,0,0,0
medium,5,Logistic Regression,0.2,0.8,121,1,0.686775818500849,0.5218271115620062,1,1,0,0,0
medium,5,Logistic Regression,0.2,0.8,76,0,0.6529405198395957,0.4861466779327485,1,0,1,1,0
medium,5,Logistic Regression,0.2,0.8,120,1,0.660657776430345,0.597915255697265,1,1,0,0,0
medium,5,Logistic Regression,0.2,0.8,180,1,0.5007702917048938,0.7765629426798787,1,1,0,0,0
medium,5,Logistic Regression,0.2,0.8,183,1,0.36851828545042714,0.4975892457662644,0,0,0,0,0
medium,5,Logistic Regression,0.2,0.8,37,0,0.5970199066000789,0.04858941829994025,1,0,1,1,0
medium,5,Logistic Regression,0.2,0.8,188,1,0.23161416836984922,0.985798565922083,0,1,1,1,0
medium,5,Logistic Regression,0.2,0.8,40,0,0.4044218252297126,0.10501427369895669,0,0,0,0,0
medium,5,Logistic Regression,0.2,0.8,145,1,0.589986660169499,0.052181151107778816,1,0,1,0,1
medium,5,Logistic Regression,0.2,0.8,30,0,0.32041097603651203,0.4520529825107888,0,0,0,0,0
medium,5,Logistic Regression,0.2,0.8,158,1,0.27648387359514703,0.868836101255173,0,1,1,1,0
medium,5,Logistic Regression,0.2,0.8,185,1,0.617972087342221,0.9239143591713063,1,1,0,0,0
medium,5,Logistic Regression,0.2,0.8,105,1,0.7772779136104319,0.8298157999311154,1,1,0,0,0
medium,5,Logistic Regression,0.2,0.8,112,1,0.7575999044502914,0.7650779006211961,1,1,0,0,0
medium,5,Logistic Regression,0.3,0.7,79,0,0.6446016684389858,0.9304621956711046,1,1,0,0,0
medium,5,Logistic Regression,0.3,0.7,57,0,0.3492956530054869,0.738896810043012,0,1,1,0,1
medium,5,Logistic Regression,0.3,0.7,197,1,0.5614212551549781,0.9964024832613375,1,1,0,0,0
medium,5,Logistic Regression,0.3,0.7,196,1,0.691471633394863,0.7091499155456134,1,1,0,0,0
medium,5,Logistic Regression,0.3,0.7,121,1,0.686775818500849,0.5218271115620062,1,1,0,0,0
medium,5,Logistic Regression,0.3,0.7,76,0,0.6529405198395957,0.4861466779327485,1,0,1,1,0
medium,5,Logistic Regression,0.3,0.7,120,1,0.660657776430345,0.597915255697265,1,1,0,0,0
medium,5,Logistic Regression,0.3,0.7,180,1,0.5007702917048938,0.7765629426798787,1,1,0,0,0
medium,5,Logistic Regression,0.3,0.7,183,1,0.36851828545042714,0.4975892457662644,0,0,0,0,0
medium,5,Logistic Regression,0.3,0.7,37,0,0.5970199066000789,0.04858941829994025,1,0,1,1,0
medium,5,Logistic Regression,0.3,0.7,40,0,0.4044218252297126,0.10501427369895669,0,0,0,0,0
medium,5,Logistic Regression,0.3,0.7,145,1,0.589986660169499,0.052181151107778816,1,0,1,0,1
medium,5,Logistic Regression,0.3,0.7,30,0,0.32041097603651203,0.4520529825107888,0,0,0,0,0
medium,5,Logistic Regression,0.3,0.7,185,1,0.617972087342221,0.9239143591713063,1,1,0,0,0
medium,5,Logistic Regression,0.4,0.6,197,1,0.5614212551549781,0.9964024832613375,1,1,0,0,0
medium,5,Logistic Regression,0.4,0.6,180,1,0.5007702917048938,0.7765629426798787,1,1,0,0,0
medium,5,Logistic Regression,0.4,0.6,37,0,0.5970199066000789,0.04858941829994025,1,0,1,1,0
medium,5,Logistic Regression,0.4,0.6,40,0,0.4044218252297126,0.10501427369895669,0,0,0,0,0
medium,5,Logistic Regression,0.4,0.6,145,1,0.589986660169499,0.052181151107778816,1,0,1,0,1
medium,5,Random Forest,0.2,0.8,6,0,0.25,0.42,0,0,0,0,0
medium,5,Random Forest,0.2,0.8,88,0,0.36,0.36,0,0,0,0,0
medium,5,Random Forest,0.2,0.8,52,0,0.21,0.23,0,0,0,0,0
medium,5,Random Forest,0.2,0.8,79,0,0.49,0.53,0,1,1,0,1
medium,5,Random Forest,0.2,0.8,114,1,0.71,0.69,1,1,0,0,0
medium,5,Random Forest,0.2,0.8,196,1,0.77,0.69,1,1,0,0,0
medium,5,Random Forest,0.2,0.8,58,0,0.45,0.51,0,1,1,0,1
medium,5,Random Forest,0.2,0.8,5,0,0.51,0.43,1,0,1,1,0
medium,5,Random Forest,0.2,0.8,177,1,0.7,0.57,1,1,0,0,0
medium,5,Random Forest,0.2,0.8,183,1,0.74,0.53,1,1,0,0,0
medium,5,Random Forest,0.2,0.8,37,0,0.71,0.44,1,0,1,1,0
medium,5,Random Forest,0.2,0.8,188,1,0.75,0.79,1,1,0,0,0
medium,5,Random Forest,0.2,0.8,102,1,0.77,0.7,1,1,0,0,0
medium,5,Random Forest,0.2,0.8,87,0,0.33,0.32,0,0,0,0,0
medium,5,Random Forest,0.2,0.8,158,1,0.65,0.78,1,1,0,0,0
medium,5,Random Forest,0.2,0.8,47,0,0.51,0.54,1,1,0,0,0
medium,5,Random Forest,0.2,0.8,44,0,0.42,0.39,0,0,0,0,0
medium,5,Random Forest,0.3,0.7,88,0,0.36,0.36,0,0,0,0,0
medium,5,Random Forest,0.3,0.7,79,0,0.49,0.53,0,1,1,0,1
medium,5,Random Forest,0.3,0.7,58,0,0.45,0.51,0,1,1,0,1
medium,5,Random Forest,0.3,0.7,5,0,0.51,0.43,1,0,1,1,0
medium,5,Random Forest,0.3,0.7,87,0,0.33,0.32,0,0,0,0,0
medium,5,Random Forest,0.3,0.7,158,1,0.65,0.78,1,1,0,0,0
medium,5,Random Forest,0.3,0.7,47,0,0.51,0.54,1,1,0,0,0
medium,5,Random Forest,0.3,0.7,44,0,0.42,0.39,0,0,0,0,0
medium,5,Random Forest,0.4,0.6,79,0,0.49,0.53,0,1,1,0,1
medium,5,Random Forest,0.4,0.6,58,0,0.45,0.51,0,1,1,0,1
medium,5,Random Forest,0.4,0.6,5,0,0.51,0.43,1,0,1,1,0
medium,5,Random Forest,0.4,0.6,47,0,0.51,0.54,1,1,0,0,0
medium,5,Random Forest,0.4,0.6,44,0,0.42,0.39,0,0,0,0,0
medium,5,XGBoost,0.2,0.8,88,0,0.38633301854133606,0.49970799684524536,0,0,0,0,0
medium,5,XGBoost,0.2,0.8,79,0,0.7487867474555969,0.6357412934303284,1,1,0,0,0
medium,5,XGBoost,0.2,0.8,121,1,0.6838704347610474,0.7882026433944702,1,1,0,0,0
medium,5,XGBoost,0.2,0.8,58,0,0.500893771648407,0.7196722626686096,1,1,0,0,0
medium,5,XGBoost,0.2,0.8,177,1,0.6015254259109497,0.20937864482402802,1,0,1,0,1
medium,5,XGBoost,0.2,0.8,183,1,0.7603662610054016,0.6302523016929626,1,1,0,0,0
medium,5,XGBoost,0.2,0.8,37,0,0.36020636558532715,0.13077059388160706,0,0,0,0,0
medium,5,XGBoost,0.2,0.8,87,0,0.5791926980018616,0.40507760643959045,1,0,1,1,0
medium,5,XGBoost,0.2,0.8,47,0,0.6231940984725952,0.7819459438323975,1,1,0,0,0
medium,5,XGBoost,0.2,0.8,44,0,0.37070712447166443,0.15730883181095123,0,0,0,0,0
medium,5,XGBoost,0.3,0.7,88,0,0.38633301854133606,0.49970799684524536,0,0,0,0,0
medium,5,XGBoost,0.3,0.7,121,1,0.6838704347610474,0.7882026433944702,1,1,0,0,0
medium,5,XGBoost,0.3,0.7,58,0,0.500893771648407,0.7196722626686096,1,1,0,0,0
medium,5,XGBoost,0.3,0.7,177,1,0.6015254259109497,0.20937864482402802,1,0,1,0,1
medium,5,XGBoost,0.3,0.7,37,0,0.36020636558532715,0.13077059388160706,0,0,0,0,0
medium,5,XGBoost,0.3,0.7,87,0,0.5791926980018616,0.40507760643959045,1,0,1,1,0
medium,5,XGBoost,0.3,0.7,47,0,0.6231940984725952,0.7819459438323975,1,1,0,0,0
medium,5,XGBoost,0.3,0.7,44,0,0.37070712447166443,0.15730883181095123,0,0,0,0,0
medium,5,XGBoost,0.4,0.6,58,0,0.500893771648407,0.7196722626686096,1,1,0,0,0
medium,5,XGBoost,0.4,0.6,87,0,0.5791926980018616,0.40507760643959045,1,0,1,1,0
medium,6,Logistic Regression,0.2,0.8,159,1,0.26504504207325186,0.8289095123311488,0,1,1,1,0
medium,6,Logistic Regression,0.2,0.8,134,1,0.5405915660962494,0.9979211540430584,1,1,0,0,0
medium,6,Logistic Regression,0.2,0.8,37,0,0.3339852072185933,0.009616926880698796,0,0,0,0,0
medium,6,Logistic Regression,0.2,0.8,192,1,0.29022774971687937,0.9922722338739635,0,1,1,1,0
medium,6,Logistic Regression,0.2,0.8,118,1,0.7733336118603197,0.36445302122620954,1,0,1,0,1
medium,6,Logistic Regression,0.2,0.8,145,1,0.558183544672948,0.009395262340393383,1,0,1,0,1
medium,6,Logistic Regression,0.2,0.8,148,1,0.7725641991498766,0.8393128658033073,1,1,0,0,0
medium,6,Logistic Regression,0.2,0.8,85,0,0.23705391475061155,0.01908763019767529,0,0,0,0,0
medium,6,Logistic Regression,0.2,0.8,175,1,0.7845842925128813,0.9845888610120063,1,1,0,0,0
medium,6,Logistic Regression,0.2,0.8,183,1,0.370738687171644,0.503904922265905,0,1,1,1,0
medium,6,Logistic Regression,0.2,0.8,120,1,0.4889317403524349,0.1694397351679389,0,0,0,0,0
medium,6,Logistic Regression,0.2,0.8,69,0,0.7502707988170837,0.962007895547116,1,1,0,0,0
medium,6,Logistic Regression,0.2,0.8,173,1,0.5799393400111059,0.917716194728096,1,1,0,0,0
medium,6,Logistic Regression,0.2,0.8,79,0,0.5994417514323729,0.8931895813409335,1,1,0,0,0
medium,6,Logistic Regression,0.2,0.8,97,0,0.7743673816121421,0.5387943978612294,1,1,0,0,0
medium,6,Logistic Regression,0.2,0.8,34,0,0.6487136720614614,0.01885657002799321,1,0,1,1,0
medium,6,Logistic Regression,0.2,0.8,165,1,0.7261106006316076,0.6959024909838479,1,1,0,0,0
medium,6,Logistic Regression,0.2,0.8,102,1,0.795625278406712,0.9968855358806081,1,1,0,0,0
medium,6,Logistic Regression,0.2,0.8,188,1,0.21253994042493954,0.9886374558024495,0,1,1,1,0
medium,6,Logistic Regression,0.2,0.8,56,0,0.6230078052275527,0.03835369083764557,1,0,1,1,0
medium,6,Logistic Regression,0.2,0.8,55,0,0.21309775888865365,0.4319975494219397,0,0,0,0,0
medium,6,Logistic Regression,0.2,0.8,49,0,0.21840885466627283,0.02599456609397465,0,0,0,0,0
medium,6,Logistic Regression,0.2,0.8,43,0,0.2802833899883364,0.02283366298400183,0,0,0,0,0
medium,6,Logistic Regression,0.2,0.8,52,0,0.32950415768821395,0.06173528341661799,0,0,0,0,0
medium,6,Logistic Regression,0.2,0.8,50,0,0.33375302324227824,0.14474304191180556,0,0,0,0,0
medium,6,Logistic Regression,0.2,0.8,11,0,0.34662539789471875,0.06617854134542285,0,0,0,0,0
medium,6,Logistic Regression,0.3,0.7,134,1,0.5405915660962494,0.9979211540430584,1,1,0,0,0
medium,6,Logistic Regression,0.3,0.7,37,0,0.3339852072185933,0.009616926880698796,0,0,0,0,0
medium,6,Logistic Regression,0.3,0.7,145,1,0.558183544672948,0.009395262340393383,1,0,1,0,1
medium,6,Logistic Regression,0.3,0.7,183,1,0.370738687171644,0.503904922265905,0,1,1,1,0
medium,6,Logistic Regression,0.3,0.7,120,1,0.4889317403524349,0.1694397351679389,0,0,0,0,0
medium,6,Logistic Regression,0.3,0.7,173,1,0.5799393400111059,0.917716194728096,1,1,0,0,0
medium,6,Logistic Regression,0.3,0.7,79,0,0.5994417514323729,0.8931895813409335,1,1,0,0,0
medium,6,Logistic Regression,0.3,0.7,34,0,0.6487136720614614,0.01885657002799321,1,0,1,1,0
medium,6,Logistic Regression,0.3,0.7,56,0,0.6230078052275527,0.03835369083764557,1,0,1,1,0
medium,6,Logistic Regression,0.3,0.7,52,0,0.32950415768821395,0.06173528341661799,0,0,0,0,0
medium,6,Logistic Regression,0.3,0.7,50,0,0.33375302324227824,0.14474304191180556,0,0,0,0,0
medium,6,Logistic Regression,0.3,0.7,11,0,0.34662539789471875,0.06617854134542285,0,0,0,0,0
medium,6,Logistic Regression,0.4,0.6,134,1,0.5405915660962494,0.9979211540430584,1,1,0,0,0
medium,6,Logistic Regression,0.4,0.6,145,1,0.558183544672948,0.009395262340393383,1,0,1,0,1
medium,6,Logistic Regression,0.4,0.6,120,1,0.4889317403524349,0.1694397351679389,0,0,0,0,0
medium,6,Logistic Regression,0.4,0.6,173,1,0.5799393400111059,0.917716194728096,1,1,0,0,0
medium,6,Logistic Regression,0.4,0.6,79,0,0.5994417514323729,0.8931895813409335,1,1,0,0,0
medium,6,Random Forest,0.2,0.8,159,1,0.55,0.66,1,1,0,0,0
medium,6,Random Forest,0.2,0.8,68,0,0.72,0.54,1,1,0,0,0
medium,6,Random Forest,0.2,0.8,134,1,0.64,0.77,1,1,0,0,0
medium,6,Random Forest,0.2,0.8,125,1,0.77,0.79,1,1,0,0,0
medium,6,Random Forest,0.2,0.8,177,1,0.74,0.49,1,0,1,0,1
medium,6,Random Forest,0.2,0.8,37,0,0.5,0.31,1,0,1,1,0
medium,6,Random Forest,0.2,0.8,192,1,0.76,0.7,1,1,0,0,0
medium,6,Random Forest,0.2,0.8,58,0,0.44,0.49,0,0,0,0,0
medium,6,Random Forest,0.2,0.8,143,1,0.73,0.74,1,1,0,0,0
medium,6,Random Forest,0.2,0.8,148,1,0.59,0.64,1,1,0,0,0
medium,6,Random Forest,0.2,0.8,44,0,0.37,0.32,0,0,0,0,0
medium,6,Random Forest,0.2,0.8,183,1,0.69,0.55,1,1,0,0,0
medium,6,Random Forest,0.2,0.8,114,1,0.75,0.69,1,1,0,0,0
medium,6,Random Forest,0.2,0.8,170,1,0.71,0.7,1,1,0,0,0
medium,6,Random Forest,0.2,0.8,120,1,0.73,0.56,1,1,0,0,0
medium,6,Random Forest,0.2,0.8,69,0,0.28,0.35,0,0,0,0,0
medium,6,Random Forest,0.2,0.8,173,1,0.77,0.73,1,1,0,0,0
medium,6,Random Forest,0.2,0.8,79,0,0.51,0.59,1,1,0,0,0
medium,6,Random Forest,0.2,0.8,34,0,0.35,0.32,0,0,0,0,0
medium,6,Random Forest,0.2,0.8,165,1,0.6,0.51,1,1,0,0,0
medium,6,Random Forest,0.2,0.8,102,1,0.77,0.78,1,1,0,0,0
medium,6,Random Forest,0.2,0.8,188,1,0.69,0.74,1,1,0,0,0
medium,6,Random Forest,0.2,0.8,56,0,0.42,0.42,0,0,0,0,0
medium,6,Random Forest,0.2,0.8,179,1,0.79,0.72,1,1,0,0,0
medium,6,Random Forest,0.2,0.8,147,1,0.76,0.71,1,1,0,0,0
medium,6,Random Forest,0.2,0.8,55,0,0.22,0.32,0,0,0,0,0
medium,6,Random Forest,0.2,0.8,43,0,0.33,0.22,0,0,0,0,0
medium,6,Random Forest,0.2,0.8,52,0,0.3,0.24,0,0,0,0,0
medium,6,Random Forest,0.2,0.8,78,0,0.38,0.39,0,0,0,0,0
medium,6,Random Forest,0.3,0.7,159,1,0.55,0.66,1,1,0,0,0
medium,6,Random Forest,0.3,0.7,134,1,0.64,0.77,1,1,0,0,0
medium,6,Random Forest,0.3,0.7,37,0,0.5,0.31,1,0,1,1,0
medium,6,Random Forest,0.3,0.7,58,0,0.44,0.49,0,0,0,0,0
medium,6,Random Forest,0.3,0.7,148,1,0.59,0.64,1,1,0,0,0
medium,6,Random Forest,0.3,0.7,44,0,0.37,0.32,0,0,0,0,0
medium,6,Random Forest,0.3,0.7,183,1,0.69,0.55,1,1,0,0,0
medium,6,Random Forest,0.3,0.7,79,0,0.51,0.59,1,1,0,0,0
medium,6,Random Forest,0.3,0.7,34,0,0.35,0.32,0,0,0,0,0
medium,6,Random Forest,0.3,0.7,165,1,0.6,0.51,1,1,0,0,0
medium,6,Random Forest,0.3,0.7,188,1,0.69,0.74,1,1,0,0,0
medium,6,Random Forest,0.3,0.7,56,0,0.42,0.42,0,0,0,0,0
medium,6,Random Forest,0.3,0.7,43,0,0.33,0.22,0,0,0,0,0
medium,6,Random Forest,0.3,0.7,78,0,0.38,0.39,0,0,0,0,0
medium,6,Random Forest,0.4,0.6,159,1,0.55,0.66,1,1,0,0,0
medium,6,Random Forest,0.4,0.6,37,0,0.5,0.31,1,0,1,1,0
medium,6,Random Forest,0.4,0.6,58,0,0.44,0.49,0,0,0,0,0
medium,6,Random Forest,0.4,0.6,148,1,0.59,0.64,1,1,0,0,0
medium,6,Random Forest,0.4,0.6,79,0,0.51,0.59,1,1,0,0,0
medium,6,Random Forest,0.4,0.6,56,0,0.42,0.42,0,0,0,0,0
medium,6,XGBoost,0.2,0.8,159,1,0.4095934331417084,0.5518602728843689,0,1,1,1,0
medium,6,XGBoost,0.2,0.8,68,0,0.5158027410507202,0.4811426103115082,1,0,1,1,0
medium,6,XGBoost,0.2,0.8,134,1,0.6288776397705078,0.9203670024871826,1,1,0,0,0
medium,6,XGBoost,0.2,0.8,37,0,0.30134981870651245,0.16051852703094482,0,0,0,0,0
medium,6,XGBoost,0.2,0.8,58,0,0.7656736373901367,0.733332633972168,1,1,0,0,0
medium,6,XGBoost,0.2,0.8,148,1,0.6797589063644409,0.8468708395957947,1,1,0,0,0
medium,6,XGBoost,0.2,0.8,44,0,0.5853006839752197,0.5780743360519409,1,1,0,0,0
medium,6,XGBoost,0.2,0.8,79,0,0.6210646033287048,0.8759985566139221,1,1,0,0,0
medium,6,XGBoost,0.2,0.8,34,0,0.40978801250457764,0.13252778351306915,0,0,0,0,0
medium,6,XGBoost,0.2,0.8,165,1,0.6522238254547119,0.8383653163909912,1,1,0,0,0
medium,6,XGBoost,0.2,0.8,56,0,0.6052488684654236,0.7068308591842651,1,1,0,0,0
medium,6,XGBoost,0.2,0.8,43,0,0.2827644646167755,0.04241839051246643,0,0,0,0,0
medium,6,XGBoost,0.2,0.8,78,0,0.2660847008228302,0.20831720530986786,0,0,0,0,0
medium,6,XGBoost,0.3,0.7,159,1,0.4095934331417084,0.5518602728843689,0,1,1,1,0
medium,6,XGBoost,0.3,0.7,68,0,0.5158027410507202,0.4811426103115082,1,0,1,1,0
medium,6,XGBoost,0.3,0.7,134,1,0.6288776397705078,0.9203670024871826,1,1,0,0,0
medium,6,XGBoost,0.3,0.7,37,0,0.30134981870651245,0.16051852703094482,0,0,0,0,0
medium,6,XGBoost,0.3,0.7,148,1,0.6797589063644409,0.8468708395957947,1,1,0,0,0
medium,6,XGBoost,0.3,0.7,44,0,0.5853006839752197,0.5780743360519409,1,1,0,0,0
medium,6,XGBoost,0.3,0.7,79,0,0.6210646033287048,0.8759985566139221,1,1,0,0,0
medium,6,XGBoost,0.3,0.7,34,0,0.40978801250457764,0.13252778351306915,0,0,0,0,0
medium,6,XGBoost,0.3,0.7,165,1,0.6522238254547119,0.8383653163909912,1,1,0,0,0
medium,6,XGBoost,0.3,0.7,56,0,0.6052488684654236,0.7068308591842651,1,1,0,0,0
medium,6,XGBoost,0.4,0.6,159,1,0.4095934331417084,0.5518602728843689,0,1,1,1,0
medium,6,XGBoost,0.4,0.6,68,0,0.5158027410507202,0.4811426103115082,1,0,1,1,0
medium,6,XGBoost,0.4,0.6,44,0,0.5853006839752197,0.5780743360519409,1,1,0,0,0
medium,6,XGBoost,0.4,0.6,34,0,0.40978801250457764,0.13252778351306915,0,0,0,0,0
medium,7,Logistic Regression,0.2,0.8,181,1,0.334409309425258,0.9514686299062192,0,1,1,1,0
medium,7,Logistic Regression,0.2,0.8,67,0,0.47244345641891233,0.14477033696655114,0,0,0,0,0
medium,7,Logistic Regression,0.2,0.8,178,1,0.7716311091774662,0.9368428266739275,1,1,0,0,0
medium,7,Logistic Regression,0.2,0.8,40,0,0.5332985704205093,0.13529177890760166,1,0,1,1,0
medium,7,Logistic Regression,0.2,0.8,44,0,0.25766818670260755,0.0375499220971034,0,0,0,0,0
medium,7,Logistic Regression,0.2,0.8,79,0,0.6890019216818679,0.49042349586110745,1,0,1,1,0
medium,7,Logistic Regression,0.2,0.8,180,1,0.41247073090777536,0.524216779742555,0,1,1,1,0
medium,7,Logistic Regression,0.2,0.8,97,0,0.7112442410161662,0.7015644239370368,1,1,0,0,0
medium,7,Logistic Regression,0.2,0.8,2,0,0.3375051327126929,0.022177942187165216,0,0,0,0,0
medium,7,Logistic Regression,0.2,0.8,65,0,0.2738394190433313,0.2541455079222217,0,0,0,0,0
medium,7,Logistic Regression,0.2,0.8,191,1,0.6978347464082144,0.868775179590185,1,1,0,0,0
medium,7,Logistic Regression,0.2,0.8,152,1,0.7789436615265288,0.3470969888778233,1,0,1,0,1
medium,7,Logistic Regression,0.2,0.8,159,1,0.46319294624732804,0.8193108967948615,0,1,1,1,0
medium,7,Logistic Regression,0.2,0.8,173,1,0.5981226927641006,0.9266002138240235,1,1,0,0,0
medium,7,Logistic Regression,0.2,0.8,81,0,0.2130265241198241,0.1677313346433305,0,0,0,0,0
medium,7,Logistic Regression,0.2,0.8,1,0,0.3601564066203337,0.41275747660652784,0,0,0,0,0
medium,7,Logistic Regression,0.2,0.8,112,1,0.7918199018754439,0.7528157199667376,1,1,0,0,0
medium,7,Logistic Regression,0.2,0.8,34,0,0.7154305276720078,0.14807674845653546,1,0,1,1,0
medium,7,Logistic Regression,0.2,0.8,13,0,0.29196125924565963,0.05806286634370614,0,0,0,0,0
medium,7,Logistic Regression,0.2,0.8,120,1,0.6346315487526955,0.6498840063312924,1,1,0,0,0
medium,7,Logistic Regression,0.2,0.8,189,1,0.6788718919656893,0.9781852311136391,1,1,0,0,0
medium,7,Logistic Regression,0.2,0.8,151,1,0.4882695359431783,0.4310976512171438,0,0,0,0,0
medium,7,Logistic Regression,0.2,0.8,92,0,0.6675296314127802,0.7824305720231319,1,1,0,0,0
medium,7,Logistic Regression,0.2,0.8,19,0,0.40918506284173417,0.34585860451348227,0,0,0,0,0
medium,7,Logistic Regression,0.2,0.8,78,0,0.7072862125981539,0.318171864160773,1,0,1,1,0
medium,7,Logistic Regression,0.3,0.7,181,1,0.334409309425258,0.9514686299062192,0,1,1,1,0
medium,7,Logistic Regression,0.3,0.7,67,0,0.47244345641891233,0.14477033696655114,0,0,0,0,0
medium,7,Logistic Regression,0.3,0.7,40,0,0.5332985704205093,0.13529177890760166,1,0,1,1,0
medium,7,Logistic Regression,0.3,0.7,79,0,0.6890019216818679,0.49042349586110745,1,0,1,1,0
medium,7,Logistic Regression,0.3,0.7,180,1,0.41247073090777536,0.524216779742555,0,1,1,1,0
medium,7,Logistic Regression,0.3,0.7,2,0,0.3375051327126929,0.022177942187165216,0,0,0,0,0
medium,7,Logistic Regression,0.3,0.7,191,1,0.6978347464082144,0.868775179590185,1,1,0,0,0
medium,7,Logistic Regression,0.3,0.7,159,1,0.46319294624732804,0.8193108967948615,0,1,1,1,0
medium,7,Logistic Regression,0.3,0.7,173,1,0.5981226927641006,0.9266002138240235,1,1,0,0,0
medium,7,Logistic Regression,0.3,0.7,1,0,0.3601564066203337,0.41275747660652784,0,0,0,0,0
medium,7,Logistic Regression,0.3,0.7,120,1,0.6346315487526955,0.6498840063312924,1,1,0,0,0
medium,7,Logistic Regression,0.3,0.7,189,1,0.6788718919656893,0.9781852311136391,1,1,0,0,0
medium,7,Logistic Regression,0.3,0.7,151,1,0.4882695359431783,0.4310976512171438,0,0,0,0,0
medium,7,Logistic Regression,0.3,0.7,92,0,0.6675296314127802,0.7824305720231319,1,1,0,0,0
medium,7,Logistic Regression,0.3,0.7,19,0,0.40918506284173417,0.34585860451348227,0,0,0,0,0
medium,7,Logistic Regression,0.4,0.6,67,0,0.47244345641891233,0.14477033696655114,0,0,0,0,0
medium,7,Logistic Regression,0.4,0.6,40,0,0.5332985704205093,0.13529177890760166,1,0,1,1,0
medium,7,Logistic Regression,0.4,0.6,180,1,0.41247073090777536,0.524216779742555,0,1,1,1,0
medium,7,Logistic Regression,0.4,0.6,159,1,0.46319294624732804,0.8193108967948615,0,1,1,1,0
medium,7,Logistic Regression,0.4,0.6,173,1,0.5981226927641006,0.9266002138240235,1,1,0,0,0
medium,7,Logistic Regression,0.4,0.6,151,1,0.4882695359431783,0.4310976512171438,0,0,0,0,0
medium,7,Logistic Regression,0.4,0.6,19,0,0.40918506284173417,0.34585860451348227,0,0,0,0,0
medium,7,Random Forest,0.2,0.8,144,1,0.51,0.51,1,1,0,0,0
medium,7,Random Forest,0.2,0.8,67,0,0.39,0.26,0,0,0,0,0
medium,7,Random Forest,0.2,0.8,178,1,0.69,0.75,1,1,0,0,0
medium,7,Random Forest,0.2,0.8,131,1,0.63,0.6,1,1,0,0,0
medium,7,Random Forest,0.2,0.8,128,1,0.58,0.64,1,1,0,0,0
medium,7,Random Forest,0.2,0.8,44,0,0.35,0.42,0,0,0,0,0
medium,7,Random Forest,0.2,0.8,79,0,0.53,0.56,1,1,0,0,0
medium,7,Random Forest,0.2,0.8,59,0,0.34,0.28,0,0,0,0,0
medium,7,Random Forest,0.2,0.8,110,1,0.69,0.84,1,1,0,0,0
medium,7,Random Forest,0.2,0.8,180,1,0.65,0.7,1,1,0,0,0
medium,7,Random Forest,0.2,0.8,20,0,0.44,0.36,0,0,0,0,0
medium,7,Random Forest,0.2,0.8,2,0,0.28,0.22,0,0,0,0,0
medium,7,Random Forest,0.2,0.8,65,0,0.52,0.42,1,0,1,1,0
medium,7,Random Forest,0.2,0.8,152,1,0.78,0.73,1,1,0,0,0
medium,7,Random Forest,0.2,0.8,159,1,0.6,0.77,1,1,0,0,0
medium,7,Random Forest,0.2,0.8,137,1,0.74,0.79,1,1,0,0,0
medium,7,Random Forest,0.2,0.8,173,1,0.74,0.71,1,1,0,0,0
medium,7,Random Forest,0.2,0.8,35,0,0.29,0.28,0,0,0,0,0
medium,7,Random Forest,0.2,0.8,1,0,0.55,0.61,1,1,0,0,0
medium,7,Random Forest,0.2,0.8,162,1,0.57,0.79,1,1,0,0,0
medium,7,Random Forest,0.2,0.8,74,0,0.33,0.28,0,0,0,0,0
medium,7,Random Forest,0.2,0.8,34,0,0.4,0.29,0,0,0,0,0
medium,7,Random Forest,0.2,0.8,135,1,0.72,0.76,1,1,0,0,0
medium,7,Random Forest,0.2,0.8,109,1,0.38,0.61,0,1,1,1,0
medium,7,Random Forest,0.2,0.8,120,1,0.52,0.59,1,1,0,0,0
medium,7,Random Forest,0.2,0.8,184,1,0.74,0.82,1,1,0,0,0
medium,7,Random Forest,0.2,0.8,189,1,0.75,0.81,1,1,0,0,0
medium,7,Random Forest,0.2,0.8,151,1,0.73,0.68,1,1,0,0,0
medium,7,Random Forest,0.2,0.8,92,0,0.44,0.42,0,0,0,0,0
medium,7,Random Forest,0.2,0.8,154,1,0.72,0.77,1,1,0,0,0
medium,7,Random Forest,0.2,0.8,125,1,0.64,0.75,1,1,0,0,0
medium,7,Random Forest,0.2,0.8,19,0,0.21,0.18,0,0,0,0,0
medium,7,Random Forest,0.2,0.8,133,1,0.75,0.78,1,1,0,0,0
medium,7,Random Forest,0.2,0.8,9,0,0.53,0.53,1,1,0,0,0
medium,7,Random Forest,0.2,0.8,5,0,0.34,0.51,0,1,1,0,1
medium,7,Random Forest,0.2,0.8,53,0,0.22,0.24,0,0,0,0,0
medium,7,Random Forest,0.2,0.8,78,0,0.37,0.37,0,0,0,0,0
medium,7,Random Forest,0.3,0.7,144,1,0.51,0.51,1,1,0,0,0
medium,7,Random Forest,0.3,0.7,67,0,0.39,0.26,0,0,0,0,0
medium,7,Random Forest,0.3,0.7,178,1,0.69,0.75,1,1,0,0,0
medium,7,Random Forest,0.3,0.7,131,1,0.63,0.6,1,1,0,0,0
medium,7,Random Forest,0.3,0.7,128,1,0.58,0.64,1,1,0,0,0
medium,7,Random Forest,0.3,0.7,44,0,0.35,0.42,0,0,0,0,0
medium,7,Random Forest,0.3,0.7,79,0,0.53,0.56,1,1,0,0,0
medium,7,Random Forest,0.3,0.7,59,0,0.34,0.28,0,0,0,0,0
medium,7,Random Forest,0.3,0.7,110,1,0.69,0.84,1,1,0,0,0
medium,7,Random Forest,0.3,0.7,180,1,0.65,0.7,1,1,0,0,0
medium,7,Random Forest,0.3,0.7,20,0,0.44,0.36,0,0,0,0,0
medium,7,Random Forest,0.3,0.7,65,0,0.52,0.42,1,0,1,1,0
medium,7,Random Forest,0.3,0.7,159,1,0.6,0.77,1,1,0,0,0
medium,7,Random Forest,0.3,0.7,1,0,0.55,0.61,1,1,0,0,0
medium,7,Random Forest,0.3,0.7,162,1,0.57,0.79,1,1,0,0,0
medium,7,Random Forest,0.3,0.7,74,0,0.33,0.28,0,0,0,0,0
medium,7,Random Forest,0.3,0.7,34,0,0.4,0.29,0,0,0,0,0
medium,7,Random Forest,0.3,0.7,109,1,0.38,0.61,0,1,1,1,0
medium,7,Random Forest,0.3,0.7,120,1,0.52,0.59,1,1,0,0,0
medium,7,Random Forest,0.3,0.7,92,0,0.44,0.42,0,0,0,0,0
medium,7,Random Forest,0.3,0.7,125,1,0.64,0.75,1,1,0,0,0
medium,7,Random Forest,0.3,0.7,9,0,0.53,0.53,1,1,0,0,0
medium,7,Random Forest,0.3,0.7,5,0,0.34,0.51,0,1,1,0,1
medium,7,Random Forest,0.3,0.7,78,0,0.37,0.37,0,0,0,0,0
medium,7,Random Forest,0.4,0.6,144,1,0.51,0.51,1,1,0,0,0
medium,7,Random Forest,0.4,0.6,128,1,0.58,0.64,1,1,0,0,0
medium,7,Random Forest,0.4,0.6,79,0,0.53,0.56,1,1,0,0,0
medium,7,Random Forest,0.4,0.6,20,0,0.44,0.36,0,0,0,0,0
medium,7,Random Forest,0.4,0.6,65,0,0.52,0.42,1,0,1,1,0
medium,7,Random Forest,0.4,0.6,1,0,0.55,0.61,1,1,0,0,0
medium,7,Random Forest,0.4,0.6,162,1,0.57,0.79,1,1,0,0,0
medium,7,Random Forest,0.4,0.6,120,1,0.52,0.59,1,1,0,0,0
medium,7,Random Forest,0.4,0.6,92,0,0.44,0.42,0,0,0,0,0
medium,7,Random Forest,0.4,0.6,9,0,0.53,0.53,1,1,0,0,0
medium,7,XGBoost,0.2,0.8,144,1,0.687699019908905,0.6921387314796448,1,1,0,0,0
medium,7,XGBoost,0.2,0.8,181,1,0.7942758798599243,0.9632352590560913,1,1,0,0,0
medium,7,XGBoost,0.2,0.8,131,1,0.5576640367507935,0.6080489158630371,1,1,0,0,0
medium,7,XGBoost,0.2,0.8,44,0,0.33705785870552063,0.3569769859313965,0,0,0,0,0
medium,7,XGBoost,0.2,0.8,79,0,0.33679449558258057,0.46091505885124207,0,0,0,0,0
medium,7,XGBoost,0.2,0.8,20,0,0.38470861315727234,0.3170127868652344,0,0,0,0,0
medium,7,XGBoost,0.2,0.8,65,0,0.7022380232810974,0.6973068118095398,1,1,0,0,0
medium,7,XGBoost,0.2,0.8,159,1,0.6729235053062439,0.9208983778953552,1,1,0,0,0
medium,7,XGBoost,0.2,0.8,35,0,0.27553316950798035,0.05233857408165932,0,0,0,0,0
medium,7,XGBoost,0.2,0.8,1,0,0.38438159227371216,0.7157754898071289,0,1,1,0,1
medium,7,XGBoost,0.2,0.8,162,1,0.7885711193084717,0.9141238331794739,1,1,0,0,0
medium,7,XGBoost,0.2,0.8,34,0,0.45251065492630005,0.26791131496429443,0,0,0,0,0
medium,7,XGBoost,0.2,0.8,109,1,0.26775887608528137,0.6282353401184082,0,1,1,1,0
medium,7,XGBoost,0.2,0.8,120,1,0.7854556441307068,0.6125736832618713,1,1,0,0,0
medium,7,XGBoost,0.2,0.8,125,1,0.6560366153717041,0.8580875992774963,1,1,0,0,0
medium,7,XGBoost,0.2,0.8,5,0,0.32923415303230286,0.3615097403526306,0,0,0,0,0
medium,7,XGBoost,0.3,0.7,144,1,0.687699019908905,0.6921387314796448,1,1,0,0,0
medium,7,XGBoost,0.3,0.7,131,1,0.5576640367507935,0.6080489158630371,1,1,0,0,0
medium,7,XGBoost,0.3,0.7,44,0,0.33705785870552063,0.3569769859313965,0,0,0,0,0
medium,7,XGBoost,0.3,0.7,79,0,0.33679449558258057,0.46091505885124207,0,0,0,0,0
medium,7,XGBoost,0.3,0.7,20,0,0.38470861315727234,0.3170127868652344,0,0,0,0,0
medium,7,XGBoost,0.3,0.7,159,1,0.6729235053062439,0.9208983778953552,1,1,0,0,0
medium,7,XGBoost,0.3,0.7,1,0,0.38438159227371216,0.7157754898071289,0,1,1,0,1
medium,7,XGBoost,0.3,0.7,34,0,0.45251065492630005,0.26791131496429443,0,0,0,0,0
medium,7,XGBoost,0.3,0.7,125,1,0.6560366153717041,0.8580875992774963,1,1,0,0,0
medium,7,XGBoost,0.3,0.7,5,0,0.32923415303230286,0.3615097403526306,0,0,0,0,0
medium,7,XGBoost,0.4,0.6,131,1,0.5576640367507935,0.6080489158630371,1,1,0,0,0
medium,7,XGBoost,0.4,0.6,34,0,0.45251065492630005,0.26791131496429443,0,0,0,0,0
medium,8,Logistic Regression,0.2,0.8,76,0,0.636548004023488,0.7330794324658046,1,1,0,0,0
medium,8,Logistic Regression,0.2,0.8,84,0,0.26127367248456024,0.03396810209113357,0,0,0,0,0
medium,8,Logistic Regression,0.2,0.8,34,0,0.5544176709261495,0.04549073400155214,1,0,1,1,0
medium,8,Logistic Regression,0.2,0.8,2,0,0.4095149868484186,0.028991995588156023,0,0,0,0,0
medium,8,Logistic Regression,0.2,0.8,136,1,0.701127741594238,0.1870723729895092,1,0,1,0,1
medium,8,Logistic Regression,0.2,0.8,63,0,0.2661562809987162,0.08434005936431505,0,0,0,0,0
medium,8,Logistic Regression,0.2,0.8,8,0,0.32005553723986035,0.003677039532504261,0,0,0,0,0
medium,8,Logistic Regression,0.2,0.8,45,0,0.3844185143640265,0.8958035178440357,0,1,1,0,1
medium,8,Logistic Regression,0.2,0.8,41,0,0.22388431881491058,0.035974398499707384,0,0,0,0,0
medium,8,Logistic Regression,0.2,0.8,68,0,0.732466397912074,0.4656458441896871,1,0,1,1,0
medium,8,Logistic Regression,0.2,0.8,149,1,0.7681465458785565,0.9870881603076541,1,1,0,0,0
medium,8,Logistic Regression,0.2,0.8,181,1,0.21549196627716366,0.993678551684306,0,1,1,1,0
medium,8,Logistic Regression,0.2,0.8,69,0,0.7680679156823015,0.9970834234773788,1,1,0,0,0
medium,8,Logistic Regression,0.2,0.8,192,1,0.5549178482236744,0.9776187059017208,1,1,0,0,0
medium,8,Logistic Regression,0.2,0.8,140,1,0.47807185474890823,0.8710192391355018,0,1,1,1,0
medium,8,Logistic Regression,0.2,0.8,16,0,0.4778972145199088,0.5807013020986761,0,1,1,0,1
medium,8,Logistic Regression,0.2,0.8,92,0,0.7600294656708577,0.6695824978184489,1,1,0,0,0
medium,8,Logistic Regression,0.2,0.8,183,1,0.2603142632804808,0.19062304529704305,0,0,0,0,0
medium,8,Logistic Regression,0.2,0.8,118,1,0.7611935014504942,0.48859195995400667,1,0,1,0,1
medium,8,Logistic Regression,0.2,0.8,120,1,0.21136993469122622,0.12053224807141487,0,0,0,0,0
medium,8,Logistic Regression,0.2,0.8,50,0,0.28096187499957614,0.05453133614971348,0,0,0,0,0
medium,8,Logistic Regression,0.2,0.8,189,1,0.557380755615626,0.9891804074600116,1,1,0,0,0
medium,8,Logistic Regression,0.2,0.8,185,1,0.7190898006892591,0.9492762541862159,1,1,0,0,0
medium,8,Logistic Regression,0.3,0.7,76,0,0.636548004023488,0.7330794324658046,1,1,0,0,0
medium,8,Logistic Regression,0.3,0.7,34,0,0.5544176709261495,0.04549073400155214,1,0,1,1,0
medium,8,Logistic Regression,0.3,0.7,2,0,0.4095149868484186,0.028991995588156023,0,0,0,0,0
medium,8,Logistic Regression,0.3,0.7,8,0,0.32005553723986035,0.003677039532504261,0,0,0,0,0
medium,8,Logistic Regression,0.3,0.7,45,0,0.3844185143640265,0.8958035178440357,0,1,1,0,1
medium,8,Logistic Regression,0.3,0.7,192,1,0.5549178482236744,0.9776187059017208,1,1,0,0,0
medium,8,Logistic Regression,0.3,0.7,140,1,0.47807185474890823,0.8710192391355018,0,1,1,1,0
medium,8,Logistic Regression,0.3,0.7,16,0,0.4778972145199088,0.5807013020986761,0,1,1,0,1
medium,8,Logistic Regression,0.3,0.7,189,1,0.557380755615626,0.9891804074600116,1,1,0,0,0
medium,8,Logistic Regression,0.4,0.6,34,0,0.5544176709261495,0.04549073400155214,1,0,1,1,0
medium,8,Logistic Regression,0.4,0.6,2,0,0.4095149868484186,0.028991995588156023,0,0,0,0,0
medium,8,Logistic Regression,0.4,0.6,192,1,0.5549178482236744,0.9776187059017208,1,1,0,0,0
medium,8,Logistic Regression,0.4,0.6,140,1,0.47807185474890823,0.8710192391355018,0,1,1,1,0
medium,8,Logistic Regression,0.4,0.6,16,0,0.4778972145199088,0.5807013020986761,0,1,1,0,1
medium,8,Logistic Regression,0.4,0.6,189,1,0.557380755615626,0.9891804074600116,1,1,0,0,0
medium,8,Random Forest,0.2,0.8,84,0,0.61,0.6,1,1,0,0,0
medium,8,Random Forest,0.2,0.8,9,0,0.54,0.48,1,0,1,1,0
medium,8,Random Forest,0.2,0.8,49,0,0.24,0.19,0,0,0,0,0
medium,8,Random Forest,0.2,0.8,199,1,0.69,0.67,1,1,0,0,0
medium,8,Random Forest,0.2,0.8,123,1,0.51,0.59,1,1,0,0,0
medium,8,Random Forest,0.2,0.8,34,0,0.3,0.37,0,0,0,0,0
medium,8,Random Forest,0.2,0.8,74,0,0.27,0.21,0,0,0,0,0
medium,8,Random Forest,0.2,0.8,136,1,0.79,0.55,1,1,0,0,0
medium,8,Random Forest,0.2,0.8,15,0,0.43,0.43,0,0,0,0,0
medium,8,Random Forest,0.2,0.8,102,1,0.77,0.88,1,1,0,0,0
medium,8,Random Forest,0.2,0.8,45,0,0.26,0.44,0,0,0,0,0
medium,8,Random Forest,0.2,0.8,41,0,0.29,0.27,0,0,0,0,0
medium,8,Random Forest,0.2,0.8,68,0,0.72,0.4,1,0,1,1,0
medium,8,Random Forest,0.2,0.8,149,1,0.76,0.66,1,1,0,0,0
medium,8,Random Forest,0.2,0.8,69,0,0.21,0.29,0,0,0,0,0
medium,8,Random Forest,0.2,0.8,177,1,0.6,0.46,1,0,1,0,1
medium,8,Random Forest,0.2,0.8,140,1,0.5,0.58,1,1,0,0,0
medium,8,Random Forest,0.2,0.8,148,1,0.78,0.66,1,1,0,0,0
medium,8,Random Forest,0.2,0.8,16,0,0.61,0.54,1,1,0,0,0
medium,8,Random Forest,0.2,0.8,92,0,0.43,0.28,0,0,0,0,0
medium,8,Random Forest,0.2,0.8,183,1,0.75,0.57,1,1,0,0,0
medium,8,Random Forest,0.2,0.8,44,0,0.45,0.35,0,0,0,0,0
medium,8,Random Forest,0.2,0.8,198,1,0.68,0.63,1,1,0,0,0
medium,8,Random Forest,0.2,0.8,189,1,0.79,0.77,1,1,0,0,0
medium,8,Random Forest,0.2,0.8,60,0,0.23,0.4,0,0,0,0,0
medium,8,Random Forest,0.3,0.7,84,0,0.61,0.6,1,1,0,0,0
medium,8,Random Forest,0.3,0.7,9,0,0.54,0.48,1,0,1,1,0
medium,8,Random Forest,0.3,0.7,199,1,0.69,0.67,1,1,0,0,0
medium,8,Random Forest,0.3,0.7,123,1,0.51,0.59,1,1,0,0,0
medium,8,Random Forest,0.3,0.7,15,0,0.43,0.43,0,0,0,0,0
medium,8,Random Forest,0.3,0.7,177,1,0.6,0.46,1,0,1,0,1
medium,8,Random Forest,0.3,0.7,140,1,0.5,0.58,1,1,0,0,0
medium,8,Random Forest,0.3,0.7,16,0,0.61,0.54,1,1,0,0,0
medium,8,Random Forest,0.3,0.7,92,0,0.43,0.28,0,0,0,0,0
medium,8,Random Forest,0.3,0.7,44,0,0.45,0.35,0,0,0,0,0
medium,8,Random Forest,0.3,0.7,198,1,0.68,0.63,1,1,0,0,0
medium,8,Random Forest,0.4,0.6,9,0,0.54,0.48,1,0,1,1,0
medium,8,Random Forest,0.4,0.6,123,1,0.51,0.59,1,1,0,0,0
medium,8,Random Forest,0.4,0.6,15,0,0.43,0.43,0,0,0,0,0
medium,8,Random Forest,0.4,0.6,140,1,0.5,0.58,1,1,0,0,0
medium,8,Random Forest,0.4,0.6,92,0,0.43,0.28,0,0,0,0,0
medium,8,Random Forest,0.4,0.6,44,0,0.45,0.35,0,0,0,0,0
medium,8,XGBoost,0.2,0.8,9,0,0.5244225859642029,0.44940510392189026,1,0,1,1,0
medium,8,XGBoost,0.2,0.8,123,1,0.7759201526641846,0.9102652668952942,1,1,0,0,0
medium,8,XGBoost,0.2,0.8,15,0,0.5432844758033752,0.303027480840683,1,0,1,1,0
medium,8,XGBoost,0.2,0.8,181,1,0.5744614601135254,0.9184934496879578,1,1,0,0,0
medium,8,XGBoost,0.2,0.8,177,1,0.7581836581230164,0.2612694799900055,1,0,1,0,1
medium,8,XGBoost,0.2,0.8,140,1,0.31493881344795227,0.5284224152565002,0,1,1,1,0
medium,8,XGBoost,0.2,0.8,120,1,0.7933130264282227,0.9011552333831787,1,1,0,0,0
medium,8,XGBoost,0.2,0.8,44,0,0.40466153621673584,0.37615281343460083,0,0,0,0,0
medium,8,XGBoost,0.2,0.8,189,1,0.7175086736679077,0.7782580852508545,1,1,0,0,0
medium,8,XGBoost,0.3,0.7,9,0,0.5244225859642029,0.44940510392189026,1,0,1,1,0
medium,8,XGBoost,0.3,0.7,15,0,0.5432844758033752,0.303027480840683,1,0,1,1,0
medium,8,XGBoost,0.3,0.7,181,1,0.5744614601135254,0.9184934496879578,1,1,0,0,0
medium,8,XGBoost,0.3,0.7,140,1,0.31493881344795227,0.5284224152565002,0,1,1,1,0
medium,8,XGBoost,0.3,0.7,44,0,0.40466153621673584,0.37615281343460083,0,0,0,0,0
medium,8,XGBoost,0.4,0.6,9,0,0.5244225859642029,0.44940510392189026,1,0,1,1,0
medium,8,XGBoost,0.4,0.6,15,0,0.5432844758033752,0.303027480840683,1,0,1,1,0
medium,8,XGBoost,0.4,0.6,181,1,0.5744614601135254,0.9184934496879578,1,1,0,0,0
medium,8,XGBoost,0.4,0.6,44,0,0.40466153621673584,0.37615281343460083,0,0,0,0,0
medium,9,Logistic Regression,0.2,0.8,66,0,0.7700878369460015,0.9932272896396339,1,1,0,0,0
medium,9,Logistic Regression,0.2,0.8,91,0,0.2772686444075603,0.011747649957529825,0,0,0,0,0
medium,9,Logistic Regression,0.2,0.8,199,1,0.7897353332211343,0.9039822531719142,1,1,0,0,0
medium,9,Logistic Regression,0.2,0.8,197,1,0.6834766144214275,0.9983022279484242,1,1,0,0,0
medium,9,Logistic Regression,0.2,0.8,148,1,0.7542308280076293,0.3232788969416975,1,0,1,0,1
medium,9,Logistic Regression,0.2,0.8,87,0,0.7317183972720699,0.5511130030944049,1,1,0,0,0
medium,9,Logistic Regression,0.2,0.8,63,0,0.21217760061903077,0.02108377740540039,0,0,0,0,0
medium,9,Logistic Regression,0.2,0.8,158,1,0.482562969155705,0.8804248370692793,0,1,1,1,0
medium,9,Logistic Regression,0.2,0.8,54,0,0.6266136133442225,0.003152344393994718,1,0,1,1,0
medium,9,Logistic Regression,0.2,0.8,34,0,0.5768004848004965,0.02260550559972989,1,0,1,1,0
medium,9,Logistic Regression,0.2,0.8,49,0,0.21878023803996755,0.0062374443812026155,0,0,0,0,0
medium,9,Logistic Regression,0.2,0.8,140,1,0.5660247166385527,0.3784434388613327,1,0,1,0,1
medium,9,Logistic Regression,0.2,0.8,15,0,0.7180563412968721,0.1445052319936786,1,0,1,1,0
medium,9,Logistic Regression,0.2,0.8,193,1,0.6746408853945632,0.6426136581635336,1,1,0,0,0
medium,9,Logistic Regression,0.2,0.8,67,0,0.5138915005858221,0.026465416613375498,1,0,1,1,0
medium,9,Logistic Regression,0.2,0.8,144,1,0.2658290865503844,0.1388175041243505,0,0,0,0,0
medium,9,Logistic Regression,0.2,0.8,118,1,0.7073756114708041,0.14508057803262694,1,0,1,0,1
medium,9,Logistic Regression,0.2,0.8,40,0,0.43282165247367194,0.00910902866623319,0,0,0,0,0
medium,9,Logistic Regression,0.2,0.8,136,1,0.6580080718138214,0.6393424174970186,1,1,0,0,0
medium,9,Logistic Regression,0.2,0.8,120,1,0.4515916899528877,0.675414917525911,0,1,1,1,0
medium,9,Logistic Regression,0.2,0.8,29,0,0.48829603462281523,0.025976750551385187,0,0,0,0,0
medium,9,Logistic Regression,0.2,0.8,163,1,0.7694677661388852,0.822136627312991,1,1,0,0,0
medium,9,Logistic Regression,0.2,0.8,116,1,0.6198393841202829,0.913423646553066,1,1,0,0,0
medium,9,Logistic Regression,0.2,0.8,19,0,0.38028745342854425,0.060349091802218126,0,0,0,0,0
medium,9,Logistic Regression,0.2,0.8,11,0,0.253243473502982,0.015549932640951638,0,0,0,0,0
medium,9,Logistic Regression,0.2,0.8,145,1,0.4782022746565979,0.048273356254878545,0,0,0,0,0
medium,9,Logistic Regression,0.2,0.8,8,0,0.47160187876981874,0.1662216850658905,0,0,0,0,0
medium,9,Logistic Regression,0.2,0.8,1,0,0.6459617209810009,0.7284566672142583,1,1,0,0,0
medium,9,Logistic Regression,0.3,0.7,197,1,0.6834766144214275,0.9983022279484242,1,1,0,0,0
medium,9,Logistic Regression,0.3,0.7,158,1,0.482562969155705,0.8804248370692793,0,1,1,1,0
medium,9,Logistic Regression,0.3,0.7,54,0,0.6266136133442225,0.003152344393994718,1,0,1,1,0
medium,9,Logistic Regression,0.3,0.7,34,0,0.5768004848004965,0.02260550559972989,1,0,1,1,0
medium,9,Logistic Regression,0.3,0.7,140,1,0.5660247166385527,0.3784434388613327,1,0,1,0,1
medium,9,Logistic Regression,0.3,0.7,193,1,0.6746408853945632,0.6426136581635336,1,1,0,0,0
medium,9,Logistic Regression,0.3,0.7,67,0,0.5138915005858221,0.026465416613375498,1,0,1,1,0
medium,9,Logistic Regression,0.3,0.7,40,0,0.43282165247367194,0.00910902866623319,0,0,0,0,0
medium,9,Logistic Regression,0.3,0.7,136,1,0.6580080718138214,0.6393424174970186,1,1,0,0,0
medium,9,Logistic Regression,0.3,0.7,120,1,0.4515916899528877,0.675414917525911,0,1,1,1,0
medium,9,Logistic Regression,0.3,0.7,29,0,0.48829603462281523,0.025976750551385187,0,0,0,0,0
medium,9,Logistic Regression,0.3,0.7,116,1,0.6198393841202829,0.913423646553066,1,1,0,0,0
medium,9,Logistic Regression,0.3,0.7,19,0,0.38028745342854425,0.060349091802218126,0,0,0,0,0
medium,9,Logistic Regression,0.3,0.7,145,1,0.4782022746565979,0.048273356254878545,0,0,0,0,0
medium,9,Logistic Regression,0.3,0.7,8,0,0.47160187876981874,0.1662216850658905,0,0,0,0,0
medium,9,Logistic Regression,0.3,0.7,1,0,0.6459617209810009,0.7284566672142583,1,1,0,0,0
medium,9,Logistic Regression,0.4,0.6,158,1,0.482562969155705,0.8804248370692793,0,1,1,1,0
medium,9,Logistic Regression,0.4,0.6,34,0,0.5768004848004965,0.02260550559972989,1,0,1,1,0
medium,9,Logistic Regression,0.4,0.6,140,1,0.5660247166385527,0.3784434388613327,1,0,1,0,1
medium,9,Logistic Regression,0.4,0.6,67,0,0.5138915005858221,0.026465416613375498,1,0,1,1,0
medium,9,Logistic Regression,0.4,0.6,40,0,0.43282165247367194,0.00910902866623319,0,0,0,0,0
medium,9,Logistic Regression,0.4,0.6,120,1,0.4515916899528877,0.675414917525911,0,1,1,1,0
medium,9,Logistic Regression,0.4,0.6,29,0,0.48829603462281523,0.025976750551385187,0,0,0,0,0
medium,9,Logistic Regression,0.4,0.6,145,1,0.4782022746565979,0.048273356254878545,0,0,0,0,0
medium,9,Logistic Regression,0.4,0.6,8,0,0.47160187876981874,0.1662216850658905,0,0,0,0,0
medium,9,Random Forest,0.2,0.8,64,0,0.41,0.31,0,0,0,0,0
medium,9,Random Forest,0.2,0.8,154,1,0.72,0.63,1,1,0,0,0
medium,9,Random Forest,0.2,0.8,66,0,0.54,0.65,1,1,0,0,0
medium,9,Random Forest,0.2,0.8,68,0,0.69,0.55,1,1,0,0,0
medium,9,Random Forest,0.2,0.8,91,0,0.4,0.32,0,0,0,0,0
medium,9,Random Forest,0.2,0.8,199,1,0.76,0.77,1,1,0,0,0
medium,9,Random Forest,0.2,0.8,148,1,0.7,0.64,1,1,0,0,0
medium,9,Random Forest,0.2,0.8,43,0,0.29,0.22,0,0,0,0,0
medium,9,Random Forest,0.2,0.8,87,0,0.4,0.39,0,0,0,0,0
medium,9,Random Forest,0.2,0.8,72,0,0.27,0.37,0,0,0,0,0
medium,9,Random Forest,0.2,0.8,63,0,0.23,0.22,0,0,0,0,0
medium,9,Random Forest,0.2,0.8,158,1,0.61,0.72,1,1,0,0,0
medium,9,Random Forest,0.2,0.8,20,0,0.42,0.36,0,0,0,0,0
medium,9,Random Forest,0.2,0.8,34,0,0.4,0.29,0,0,0,0,0
medium,9,Random Forest,0.2,0.8,198,1,0.65,0.55,1,1,0,0,0
medium,9,Random Forest,0.2,0.8,140,1,0.63,0.54,1,1,0,0,0
medium,9,Random Forest,0.2,0.8,15,0,0.36,0.48,0,0,0,0,0
medium,9,Random Forest,0.2,0.8,67,0,0.41,0.29,0,0,0,0,0
medium,9,Random Forest,0.2,0.8,144,1,0.79,0.71,1,1,0,0,0
medium,9,Random Forest,0.2,0.8,92,0,0.46,0.34,0,0,0,0,0
medium,9,Random Forest,0.2,0.8,118,1,0.77,0.75,1,1,0,0,0
medium,9,Random Forest,0.2,0.8,177,1,0.62,0.44,1,0,1,0,1
medium,9,Random Forest,0.2,0.8,136,1,0.7,0.6,1,1,0,0,0
medium,9,Random Forest,0.2,0.8,60,0,0.4,0.35,0,0,0,0,0
medium,9,Random Forest,0.2,0.8,120,1,0.79,0.5,1,1,0,0,0
medium,9,Random Forest,0.2,0.8,153,1,0.75,0.87,1,1,0,0,0
medium,9,Random Forest,0.2,0.8,116,1,0.74,0.71,1,1,0,0,0
medium,9,Random Forest,0.2,0.8,150,1,0.78,0.79,1,1,0,0,0
medium,9,Random Forest,0.2,0.8,8,0,0.26,0.16,0,0,0,0,0
medium,9,Random Forest,0.2,0.8,1,0,0.6,0.57,1,1,0,0,0
medium,9,Random Forest,0.2,0.8,47,0,0.39,0.39,0,0,0,0,0
medium,9,Random Forest,0.3,0.7,64,0,0.41,0.31,0,0,0,0,0
medium,9,Random Forest,0.3,0.7,66,0,0.54,0.65,1,1,0,0,0
medium,9,Random Forest,0.3,0.7,68,0,0.69,0.55,1,1,0,0,0
medium,9,Random Forest,0.3,0.7,91,0,0.4,0.32,0,0,0,0,0
medium,9,Random Forest,0.3,0.7,87,0,0.4,0.39,0,0,0,0,0
medium,9,Random Forest,0.3,0.7,158,1,0.61,0.72,1,1,0,0,0
medium,9,Random Forest,0.3,0.7,20,0,0.42,0.36,0,0,0,0,0
medium,9,Random Forest,0.3,0.7,34,0,0.4,0.29,0,0,0,0,0
medium,9,Random Forest,0.3,0.7,198,1,0.65,0.55,1,1,0,0,0
medium,9,Random Forest,0.3,0.7,140,1,0.63,0.54,1,1,0,0,0
medium,9,Random Forest,0.3,0.7,15,0,0.36,0.48,0,0,0,0,0
medium,9,Random Forest,0.3,0.7,67,0,0.41,0.29,0,0,0,0,0
medium,9,Random Forest,0.3,0.7,92,0,0.46,0.34,0,0,0,0,0
medium,9,Random Forest,0.3,0.7,177,1,0.62,0.44,1,0,1,0,1
medium,9,Random Forest,0.3,0.7,60,0,0.4,0.35,0,0,0,0,0
medium,9,Random Forest,0.3,0.7,1,0,0.6,0.57,1,1,0,0,0
medium,9,Random Forest,0.3,0.7,47,0,0.39,0.39,0,0,0,0,0
medium,9,Random Forest,0.4,0.6,64,0,0.41,0.31,0,0,0,0,0
medium,9,Random Forest,0.4,0.6,66,0,0.54,0.65,1,1,0,0,0
medium,9,Random Forest,0.4,0.6,20,0,0.42,0.36,0,0,0,0,0
medium,9,Random Forest,0.4,0.6,67,0,0.41,0.29,0,0,0,0,0
medium,9,Random Forest,0.4,0.6,92,0,0.46,0.34,0,0,0,0,0
medium,9,XGBoost,0.2,0.8,68,0,0.3636278212070465,0.5430285334587097,0,1,1,0,1
medium,9,XGBoost,0.2,0.8,91,0,0.4800109565258026,0.260944128036499,0,0,0,0,0
medium,9,XGBoost,0.2,0.8,148,1,0.5498120188713074,0.5869871973991394,1,1,0,0,0
medium,9,XGBoost,0.2,0.8,87,0,0.4796864986419678,0.5068774819374084,0,1,1,0,1
medium,9,XGBoost,0.2,0.8,20,0,0.23169875144958496,0.47696030139923096,0,0,0,0,0
medium,9,XGBoost,0.2,0.8,34,0,0.34294071793556213,0.2708856165409088,0,0,0,0,0
medium,9,XGBoost,0.2,0.8,140,1,0.556621789932251,0.6397156715393066,1,1,0,0,0
medium,9,XGBoost,0.2,0.8,67,0,0.3458280563354492,0.14224767684936523,0,0,0,0,0
medium,9,XGBoost,0.2,0.8,60,0,0.23514209687709808,0.24491359293460846,0,0,0,0,0
medium,9,XGBoost,0.2,0.8,116,1,0.7550488710403442,0.9034257531166077,1,1,0,0,0
medium,9,XGBoost,0.2,0.8,1,0,0.6849223971366882,0.8250522017478943,1,1,0,0,0
medium,9,XGBoost,0.2,0.8,47,0,0.280785471200943,0.6240098476409912,0,1,1,0,1
medium,9,XGBoost,0.3,0.7,68,0,0.3636278212070465,0.5430285334587097,0,1,1,0,1
medium,9,XGBoost,0.3,0.7,91,0,0.4800109565258026,0.260944128036499,0,0,0,0,0
medium,9,XGBoost,0.3,0.7,148,1,0.5498120188713074,0.5869871973991394,1,1,0,0,0
medium,9,XGBoost,0.3,0.7,87,0,0.4796864986419678,0.5068774819374084,0,1,1,0,1
medium,9,XGBoost,0.3,0.7,34,0,0.34294071793556213,0.2708856165409088,0,0,0,0,0
medium,9,XGBoost,0.3,0.7,140,1,0.556621789932251,0.6397156715393066,1,1,0,0,0
medium,9,XGBoost,0.3,0.7,67,0,0.3458280563354492,0.14224767684936523,0,0,0,0,0
medium,9,XGBoost,0.3,0.7,1,0,0.6849223971366882,0.8250522017478943,1,1,0,0,0
medium,9,XGBoost,0.4,0.6,91,0,0.4800109565258026,0.260944128036499,0,0,0,0,0
medium,9,XGBoost,0.4,0.6,148,1,0.5498120188713074,0.5869871973991394,1,1,0,0,0
medium,9,XGBoost,0.4,0.6,87,0,0.4796864986419678,0.5068774819374084,0,1,1,0,1
medium,9,XGBoost,0.4,0.6,140,1,0.556621789932251,0.6397156715393066,1,1,0,0,0
medium,10,Logistic Regression,0.2,0.8,196,1,0.6490424380897245,0.7225909348345005,1,1,0,0,0
medium,10,Logistic Regression,0.2,0.8,30,0,0.30070563691794183,0.11045142300733068,0,0,0,0,0
medium,10,Logistic Regression,0.2,0.8,37,0,0.5524850167474072,0.013093455326198248,1,0,1,1,0
medium,10,Logistic Regression,0.2,0.8,68,0,0.685809058339115,0.9621651984078861,1,1,0,0,0
medium,10,Logistic Regression,0.2,0.8,122,1,0.40772604177856725,0.9905535494987887,0,1,1,1,0
medium,10,Logistic Regression,0.2,0.8,173,1,0.6882178677167592,0.9584182632866521,1,1,0,0,0
medium,10,Logistic Regression,0.2,0.8,180,1,0.5945282123450062,0.7779633751609671,1,1,0,0,0
medium,10,Logistic Regression,0.2,0.8,121,1,0.6251163617023404,0.3028378700395951,1,0,1,0,1
medium,10,Logistic Regression,0.2,0.8,21,0,0.46244964367443114,0.02547360392190258,0,0,0,0,0
medium,10,Logistic Regression,0.2,0.8,41,0,0.23583225984516062,0.22244904289151335,0,0,0,0,0
medium,10,Logistic Regression,0.2,0.8,76,0,0.6346808813454233,0.6086099608567096,1,1,0,0,0
medium,10,Logistic Regression,0.2,0.8,55,0,0.2455454559764236,0.6834103671865797,0,1,1,0,1
medium,10,Logistic Regression,0.2,0.8,113,1,0.4475035783164251,0.9168448488862037,0,1,1,1,0
medium,10,Logistic Regression,0.2,0.8,120,1,0.5102299331015696,0.7142076843415065,1,1,0,0,0
medium,10,Logistic Regression,0.2,0.8,40,0,0.577058503859557,0.0720490473954444,1,0,1,1,0
medium,10,Logistic Regression,0.2,0.8,85,0,0.3565865267633881,0.533589897313736,0,1,1,0,1
medium,10,Logistic Regression,0.2,0.8,29,0,0.6090322470083842,0.09643311850467794,1,0,1,1,0
medium,10,Logistic Regression,0.2,0.8,161,1,0.7600751589763327,0.5754028027967794,1,1,0,0,0
medium,10,Logistic Regression,0.2,0.8,56,0,0.6612656569402873,0.5426744573227955,1,1,0,0,0
medium,10,Logistic Regression,0.2,0.8,23,0,0.44707429454114844,0.5485899658297526,0,1,1,0,1
medium,10,Logistic Regression,0.2,0.8,75,0,0.4752164697056169,0.07893223191565796,0,0,0,0,0
medium,10,Logistic Regression,0.2,0.8,197,1,0.7821620598878924,0.9886433730822327,1,1,0,0,0
medium,10,Logistic Regression,0.2,0.8,151,1,0.5464467851666949,0.5206736121940383,1,1,0,0,0
medium,10,Logistic Regression,0.2,0.8,171,1,0.6754723956842432,0.2918214290402229,1,0,1,0,1
medium,10,Logistic Regression,0.2,0.8,12,0,0.2633524819880715,0.06928493554313615,0,0,0,0,0
medium,10,Logistic Regression,0.2,0.8,119,1,0.6785080411928438,0.44479171112649946,1,0,1,0,1
medium,10,Logistic Regression,0.2,0.8,79,0,0.6029395512990413,0.6916633746938908,1,1,0,0,0
medium,10,Logistic Regression,0.3,0.7,196,1,0.6490424380897245,0.7225909348345005,1,1,0,0,0
medium,10,Logistic Regression,0.3,0.7,30,0,0.30070563691794183,0.11045142300733068,0,0,0,0,0
medium,10,Logistic Regression,0.3,0.7,37,0,0.5524850167474072,0.013093455326198248,1,0,1,1,0
medium,10,Logistic Regression,0.3,0.7,68,0,0.685809058339115,0.9621651984078861,1,1,0,0,0
medium,10,Logistic Regression,0.3,0.7,122,1,0.40772604177856725,0.9905535494987887,0,1,1,1,0
medium,10,Logistic Regression,0.3,0.7,173,1,0.6882178677167592,0.9584182632866521,1,1,0,0,0
medium,10,Logistic Regression,0.3,0.7,180,1,0.5945282123450062,0.7779633751609671,1,1,0,0,0
medium,10,Logistic Regression,0.3,0.7,121,1,0.6251163617023404,0.3028378700395951,1,0,1,0,1
medium,10,Logistic Regression,0.3,0.7,21,0,0.46244964367443114,0.02547360392190258,0,0,0,0,0
medium,10,Logistic Regression,0.3,0.7,76,0,0.6346808813454233,0.6086099608567096,1,1,0,0,0
medium,10,Logistic Regression,0.3,0.7,113,1,0.4475035783164251,0.9168448488862037,0,1,1,1,0
medium,10,Logistic Regression,0.3,0.7,120,1,0.5102299331015696,0.7142076843415065,1,1,0,0,0
medium,10,Logistic Regression,0.3,0.7,40,0,0.577058503859557,0.0720490473954444,1,0,1,1,0
medium,10,Logistic Regression,0.3,0.7,85,0,0.3565865267633881,0.533589897313736,0,1,1,0,1
medium,10,Logistic Regression,0.3,0.7,29,0,0.6090322470083842,0.09643311850467794,1,0,1,1,0
medium,10,Logistic Regression,0.3,0.7,56,0,0.6612656569402873,0.5426744573227955,1,1,0,0,0
medium,10,Logistic Regression,0.3,0.7,23,0,0.44707429454114844,0.5485899658297526,0,1,1,0,1
medium,10,Logistic Regression,0.3,0.7,75,0,0.4752164697056169,0.07893223191565796,0,0,0,0,0
medium,10,Logistic Regression,0.3,0.7,151,1,0.5464467851666949,0.5206736121940383,1,1,0,0,0
medium,10,Logistic Regression,0.3,0.7,171,1,0.6754723956842432,0.2918214290402229,1,0,1,0,1
medium,10,Logistic Regression,0.3,0.7,119,1,0.6785080411928438,0.44479171112649946,1,0,1,0,1
medium,10,Logistic Regression,0.3,0.7,79,0,0.6029395512990413,0.6916633746938908,1,1,0,0,0
medium,10,Logistic Regression,0.4,0.6,37,0,0.5524850167474072,0.013093455326198248,1,0,1,1,0
medium,10,Logistic Regression,0.4,0.6,122,1,0.40772604177856725,0.9905535494987887,0,1,1,1,0
medium,10,Logistic Regression,0.4,0.6,180,1,0.5945282123450062,0.7779633751609671,1,1,0,0,0
medium,10,Logistic Regression,0.4,0.6,21,0,0.46244964367443114,0.02547360392190258,0,0,0,0,0
medium,10,Logistic Regression,0.4,0.6,113,1,0.4475035783164251,0.9168448488862037,0,1,1,1,0
medium,10,Logistic Regression,0.4,0.6,120,1,0.5102299331015696,0.7142076843415065,1,1,0,0,0
medium,10,Logistic Regression,0.4,0.6,40,0,0.577058503859557,0.0720490473954444,1,0,1,1,0
medium,10,Logistic Regression,0.4,0.6,23,0,0.44707429454114844,0.5485899658297526,0,1,1,0,1
medium,10,Logistic Regression,0.4,0.6,75,0,0.4752164697056169,0.07893223191565796,0,0,0,0,0
medium,10,Logistic Regression,0.4,0.6,151,1,0.5464467851666949,0.5206736121940383,1,1,0,0,0
medium,10,Random Forest,0.2,0.8,91,0,0.41,0.31,0,0,0,0,0
medium,10,Random Forest,0.2,0.8,153,1,0.74,0.85,1,1,0,0,0
medium,10,Random Forest,0.2,0.8,66,0,0.56,0.75,1,1,0,0,0
medium,10,Random Forest,0.2,0.8,162,1,0.67,0.84,1,1,0,0,0
medium,10,Random Forest,0.2,0.8,37,0,0.66,0.44,1,0,1,1,0
medium,10,Random Forest,0.2,0.8,9,0,0.53,0.51,1,1,0,0,0
medium,10,Random Forest,0.2,0.8,68,0,0.56,0.43,1,0,1,1,0
medium,10,Random Forest,0.2,0.8,122,1,0.66,0.78,1,1,0,0,0
medium,10,Random Forest,0.2,0.8,123,1,0.43,0.68,0,1,1,1,0
medium,10,Random Forest,0.2,0.8,173,1,0.72,0.77,1,1,0,0,0
medium,10,Random Forest,0.2,0.8,131,1,0.71,0.71,1,1,0,0,0
medium,10,Random Forest,0.2,0.8,55,0,0.21,0.19,0,0,0,0,0
medium,10,Random Forest,0.2,0.8,113,1,0.77,0.79,1,1,0,0,0
medium,10,Random Forest,0.2,0.8,120,1,0.66,0.68,1,1,0,0,0
medium,10,Random Forest,0.2,0.8,129,1,0.75,0.65,1,1,0,0,0
medium,10,Random Forest,0.2,0.8,60,0,0.41,0.45,0,0,0,0,0
medium,10,Random Forest,0.2,0.8,56,0,0.41,0.34,0,0,0,0,0
medium,10,Random Forest,0.2,0.8,187,1,0.74,0.89,1,1,0,0,0
medium,10,Random Forest,0.2,0.8,20,0,0.35,0.34,0,0,0,0,0
medium,10,Random Forest,0.2,0.8,75,0,0.62,0.5,1,1,0,0,0
medium,10,Random Forest,0.2,0.8,109,1,0.55,0.75,1,1,0,0,0
medium,10,Random Forest,0.2,0.8,65,0,0.43,0.43,0,0,0,0,0
medium,10,Random Forest,0.2,0.8,34,0,0.32,0.31,0,0,0,0,0
medium,10,Random Forest,0.2,0.8,53,0,0.24,0.2,0,0,0,0,0
medium,10,Random Forest,0.2,0.8,119,1,0.79,0.66,1,1,0,0,0
medium,10,Random Forest,0.2,0.8,79,0,0.45,0.48,0,0,0,0,0
medium,10,Random Forest,0.2,0.8,58,0,0.49,0.57,0,1,1,0,1
medium,10,Random Forest,0.3,0.7,91,0,0.41,0.31,0,0,0,0,0
medium,10,Random Forest,0.3,0.7,66,0,0.56,0.75,1,1,0,0,0
medium,10,Random Forest,0.3,0.7,162,1,0.67,0.84,1,1,0,0,0
medium,10,Random Forest,0.3,0.7,37,0,0.66,0.44,1,0,1,1,0
medium,10,Random Forest,0.3,0.7,9,0,0.53,0.51,1,1,0,0,0
medium,10,Random Forest,0.3,0.7,68,0,0.56,0.43,1,0,1,1,0
medium,10,Random Forest,0.3,0.7,122,1,0.66,0.78,1,1,0,0,0
medium,10,Random Forest,0.3,0.7,123,1,0.43,0.68,0,1,1,1,0
medium,10,Random Forest,0.3,0.7,120,1,0.66,0.68,1,1,0,0,0
medium,10,Random Forest,0.3,0.7,60,0,0.41,0.45,0,0,0,0,0
medium,10,Random Forest,0.3,0.7,56,0,0.41,0.34,0,0,0,0,0
medium,10,Random Forest,0.3,0.7,20,0,0.35,0.34,0,0,0,0,0
medium,10,Random Forest,0.3,0.7,75,0,0.62,0.5,1,1,0,0,0
medium,10,Random Forest,0.3,0.7,109,1,0.55,0.75,1,1,0,0,0
medium,10,Random Forest,0.3,0.7,65,0,0.43,0.43,0,0,0,0,0
medium,10,Random Forest,0.3,0.7,34,0,0.32,0.31,0,0,0,0,0
medium,10,Random Forest,0.3,0.7,79,0,0.45,0.48,0,0,0,0,0
medium,10,Random Forest,0.3,0.7,58,0,0.49,0.57,0,1,1,0,1
medium,10,Random Forest,0.4,0.6,91,0,0.41,0.31,0,0,0,0,0
medium,10,Random Forest,0.4,0.6,66,0,0.56,0.75,1,1,0,0,0
medium,10,Random Forest,0.4,0.6,9,0,0.53,0.51,1,1,0,0,0
medium,10,Random Forest,0.4,0.6,68,0,0.56,0.43,1,0,1,1,0
medium,10,Random Forest,0.4,0.6,123,1,0.43,0.68,0,1,1,1,0
medium,10,Random Forest,0.4,0.6,60,0,0.41,0.45,0,0,0,0,0
medium,10,Random Forest,0.4,0.6,56,0,0.41,0.34,0,0,0,0,0
medium,10,Random Forest,0.4,0.6,109,1,0.55,0.75,1,1,0,0,0
medium,10,Random Forest,0.4,0.6,65,0,0.43,0.43,0,0,0,0,0
medium,10,Random Forest,0.4,0.6,79,0,0.45,0.48,0,0,0,0,0
medium,10,Random Forest,0.4,0.6,58,0,0.49,0.57,0,1,1,0,1
medium,10,XGBoost,0.2,0.8,91,0,0.46460187435150146,0.19075223803520203,0,0,0,0,0
medium,10,XGBoost,0.2,0.8,37,0,0.5182883143424988,0.3616347312927246,1,0,1,1,0
medium,10,XGBoost,0.2,0.8,68,0,0.3341640830039978,0.39579957723617554,0,0,0,0,0
medium,10,XGBoost,0.2,0.8,122,1,0.6651747822761536,0.8740789890289307,1,1,0,0,0
medium,10,XGBoost,0.2,0.8,123,1,0.4648478925228119,0.9608663320541382,0,1,1,1,0
medium,10,XGBoost,0.2,0.8,131,1,0.6954814791679382,0.754623532295227,1,1,0,0,0
medium,10,XGBoost,0.2,0.8,60,0,0.5735154747962952,0.5196656584739685,1,1,0,0,0
medium,10,XGBoost,0.2,0.8,56,0,0.44562897086143494,0.2817079722881317,0,0,0,0,0
medium,10,XGBoost,0.2,0.8,75,0,0.37052032351493835,0.23095554113388062,0,0,0,0,0
medium,10,XGBoost,0.2,0.8,109,1,0.6821075081825256,0.9340624213218689,1,1,0,0,0
medium,10,XGBoost,0.2,0.8,65,0,0.6742076873779297,0.560445249080658,1,1,0,0,0
medium,10,XGBoost,0.2,0.8,34,0,0.44589194655418396,0.08714231848716736,0,0,0,0,0
medium,10,XGBoost,0.2,0.8,119,1,0.6103520393371582,0.7965500354766846,1,1,0,0,0
medium,10,XGBoost,0.2,0.8,79,0,0.22743596136569977,0.30450594425201416,0,0,0,0,0
medium,10,XGBoost,0.2,0.8,58,0,0.5993561744689941,0.5791479349136353,1,1,0,0,0
medium,10,XGBoost,0.3,0.7,91,0,0.46460187435150146,0.19075223803520203,0,0,0,0,0
medium,10,XGBoost,0.3,0.7,37,0,0.5182883143424988,0.3616347312927246,1,0,1,1,0
medium,10,XGBoost,0.3,0.7,68,0,0.3341640830039978,0.39579957723617554,0,0,0,0,0
medium,10,XGBoost,0.3,0.7,122,1,0.6651747822761536,0.8740789890289307,1,1,0,0,0
medium,10,XGBoost,0.3,0.7,123,1,0.4648478925228119,0.9608663320541382,0,1,1,1,0
medium,10,XGBoost,0.3,0.7,131,1,0.6954814791679382,0.754623532295227,1,1,0,0,0
medium,10,XGBoost,0.3,0.7,60,0,0.5735154747962952,0.5196656584739685,1,1,0,0,0
medium,10,XGBoost,0.3,0.7,56,0,0.44562897086143494,0.2817079722881317,0,0,0,0,0
medium,10,XGBoost,0.3,0.7,75,0,0.37052032351493835,0.23095554113388062,0,0,0,0,0
medium,10,XGBoost,0.3,0.7,109,1,0.6821075081825256,0.9340624213218689,1,1,0,0,0
medium,10,XGBoost,0.3,0.7,65,0,0.6742076873779297,0.560445249080658,1,1,0,0,0
medium,10,XGBoost,0.3,0.7,34,0,0.44589194655418396,0.08714231848716736,0,0,0,0,0
medium,10,XGBoost,0.3,0.7,119,1,0.6103520393371582,0.7965500354766846,1,1,0,0,0
medium,10,XGBoost,0.3,0.7,58,0,0.5993561744689941,0.5791479349136353,1,1,0,0,0
medium,10,XGBoost,0.4,0.6,91,0,0.46460187435150146,0.19075223803520203,0,0,0,0,0
medium,10,XGBoost,0.4,0.6,37,0,0.5182883143424988,0.3616347312927246,1,0,1,1,0
medium,10,XGBoost,0.4,0.6,123,1,0.4648478925228119,0.9608663320541382,0,1,1,1,0
medium,10,XGBoost,0.4,0.6,60,0,0.5735154747962952,0.5196656584739685,1,1,0,0,0
medium,10,XGBoost,0.4,0.6,56,0,0.44562897086143494,0.2817079722881317,0,0,0,0,0
medium,10,XGBoost,0.4,0.6,34,0,0.44589194655418396,0.08714231848716736,0,0,0,0,0
medium,10,XGBoost,0.4,0.6,58,0,0.5993561744689941,0.5791479349136353,1,1,0,0,0
medium,11,Logistic Regression,0.2,0.8,180,1,0.5235742406095593,0.9473915961113227,1,1,0,0,0
medium,11,Logistic Regression,0.2,0.8,175,1,0.5365039590303764,0.9866139547516708,1,1,0,0,0
medium,11,Logistic Regression,0.2,0.8,69,0,0.7532559474681454,0.994081522809522,1,1,0,0,0
medium,11,Logistic Regression,0.2,0.8,197,1,0.6806498701003574,0.997393208009388,1,1,0,0,0
medium,11,Logistic Regression,0.2,0.8,189,1,0.5143153813931057,0.9839271053858458,1,1,0,0,0
medium,11,Logistic Regression,0.2,0.8,16,0,0.5969962642537763,0.5922432938330701,1,1,0,0,0
medium,11,Logistic Regression,0.2,0.8,122,1,0.3193251543064821,0.9982232680923195,0,1,1,1,0
medium,11,Logistic Regression,0.2,0.8,118,1,0.6073000558868534,0.48688650999940214,1,0,1,0,1
medium,11,Logistic Regression,0.2,0.8,63,0,0.328160040378776,0.0590248270020676,0,0,0,0,0
medium,11,Logistic Regression,0.2,0.8,54,0,0.28943635269784207,0.0008198221396758181,0,0,0,0,0
medium,11,Logistic Regression,0.2,0.8,145,1,0.313066206877826,0.051166478845071736,0,0,0,0,0
medium,11,Logistic Regression,0.2,0.8,120,1,0.20089856565900696,0.0834565534046111,0,0,0,0,0
medium,11,Logistic Regression,0.2,0.8,67,0,0.4545637938225146,0.20913037840753687,0,0,0,0,0
medium,11,Logistic Regression,0.2,0.8,75,0,0.5165721650688887,0.012625145321864437,1,0,1,1,0
medium,11,Logistic Regression,0.2,0.8,140,1,0.6087815660839149,0.7708111560435194,1,1,0,0,0
medium,11,Logistic Regression,0.2,0.8,192,1,0.395419819595539,0.987612894516712,0,1,1,1,0
medium,11,Logistic Regression,0.2,0.8,40,0,0.4514861421954618,0.10118115089896679,0,0,0,0,0
medium,11,Logistic Regression,0.2,0.8,47,0,0.7325474479223132,0.802881406192865,1,1,0,0,0
medium,11,Logistic Regression,0.2,0.8,92,0,0.794126888958336,0.3996668655186304,1,0,1,1,0
medium,11,Logistic Regression,0.3,0.7,180,1,0.5235742406095593,0.9473915961113227,1,1,0,0,0
medium,11,Logistic Regression,0.3,0.7,175,1,0.5365039590303764,0.9866139547516708,1,1,0,0,0
medium,11,Logistic Regression,0.3,0.7,197,1,0.6806498701003574,0.997393208009388,1,1,0,0,0
medium,11,Logistic Regression,0.3,0.7,189,1,0.5143153813931057,0.9839271053858458,1,1,0,0,0
medium,11,Logistic Regression,0.3,0.7,16,0,0.5969962642537763,0.5922432938330701,1,1,0,0,0
medium,11,Logistic Regression,0.3,0.7,122,1,0.3193251543064821,0.9982232680923195,0,1,1,1,0
medium,11,Logistic Regression,0.3,0.7,118,1,0.6073000558868534,0.48688650999940214,1,0,1,0,1
medium,11,Logistic Regression,0.3,0.7,63,0,0.328160040378776,0.0590248270020676,0,0,0,0,0
medium,11,Logistic Regression,0.3,0.7,145,1,0.313066206877826,0.051166478845071736,0,0,0,0,0
medium,11,Logistic Regression,0.3,0.7,67,0,0.4545637938225146,0.20913037840753687,0,0,0,0,0
medium,11,Logistic Regression,0.3,0.7,75,0,0.5165721650688887,0.012625145321864437,1,0,1,1,0
medium,11,Logistic Regression,0.3,0.7,140,1,0.6087815660839149,0.7708111560435194,1,1,0,0,0
medium,11,Logistic Regression,0.3,0.7,192,1,0.395419819595539,0.987612894516712,0,1,1,1,0
medium,11,Logistic Regression,0.3,0.7,40,0,0.4514861421954618,0.10118115089896679,0,0,0,0,0
medium,11,Logistic Regression,0.4,0.6,180,1,0.5235742406095593,0.9473915961113227,1,1,0,0,0
medium,11,Logistic Regression,0.4,0.6,175,1,0.5365039590303764,0.9866139547516708,1,1,0,0,0
medium,11,Logistic Regression,0.4,0.6,189,1,0.5143153813931057,0.9839271053858458,1,1,0,0,0
medium,11,Logistic Regression,0.4,0.6,16,0,0.5969962642537763,0.5922432938330701,1,1,0,0,0
medium,11,Logistic Regression,0.4,0.6,67,0,0.4545637938225146,0.20913037840753687,0,0,0,0,0
medium,11,Logistic Regression,0.4,0.6,75,0,0.5165721650688887,0.012625145321864437,1,0,1,1,0
medium,11,Logistic Regression,0.4,0.6,40,0,0.4514861421954618,0.10118115089896679,0,0,0,0,0
medium,11,Random Forest,0.2,0.8,180,1,0.78,0.72,1,1,0,0,0
medium,11,Random Forest,0.2,0.8,5,0,0.4,0.43,0,0,0,0,0
medium,11,Random Forest,0.2,0.8,198,1,0.59,0.55,1,1,0,0,0
medium,11,Random Forest,0.2,0.8,69,0,0.21,0.26,0,0,0,0,0
medium,11,Random Forest,0.2,0.8,199,1,0.6,0.75,1,1,0,0,0
medium,11,Random Forest,0.2,0.8,189,1,0.7,0.74,1,1,0,0,0
medium,11,Random Forest,0.2,0.8,114,1,0.76,0.8,1,1,0,0,0
medium,11,Random Forest,0.2,0.8,16,0,0.71,0.63,1,1,0,0,0
medium,11,Random Forest,0.2,0.8,150,1,0.78,0.87,1,1,0,0,0
medium,11,Random Forest,0.2,0.8,122,1,0.64,0.73,1,1,0,0,0
medium,11,Random Forest,0.2,0.8,58,0,0.47,0.46,0,0,0,0,0
medium,11,Random Forest,0.2,0.8,28,0,0.24,0.21,0,0,0,0,0
medium,11,Random Forest,0.2,0.8,107,1,0.63,0.63,1,1,0,0,0
medium,11,Random Forest,0.2,0.8,63,0,0.25,0.18,0,0,0,0,0
medium,11,Random Forest,0.2,0.8,125,1,0.77,0.82,1,1,0,0,0
medium,11,Random Forest,0.2,0.8,55,0,0.22,0.21,0,0,0,0,0
medium,11,Random Forest,0.2,0.8,120,1,0.67,0.54,1,1,0,0,0
medium,11,Random Forest,0.2,0.8,74,0,0.58,0.35,1,0,1,1,0
medium,11,Random Forest,0.2,0.8,65,0,0.35,0.44,0,0,0,0,0
medium,11,Random Forest,0.2,0.8,67,0,0.32,0.23,0,0,0,0,0
medium,11,Random Forest,0.2,0.8,146,1,0.7,0.62,1,1,0,0,0
medium,11,Random Forest,0.2,0.8,75,0,0.58,0.43,1,0,1,1,0
medium,11,Random Forest,0.2,0.8,155,1,0.76,0.82,1,1,0,0,0
medium,11,Random Forest,0.2,0.8,140,1,0.57,0.64,1,1,0,0,0
medium,11,Random Forest,0.2,0.8,159,1,0.61,0.65,1,1,0,0,0
medium,11,Random Forest,0.2,0.8,15,0,0.31,0.45,0,0,0,0,0
medium,11,Random Forest,0.2,0.8,64,0,0.29,0.28,0,0,0,0,0
medium,11,Random Forest,0.2,0.8,192,1,0.75,0.81,1,1,0,0,0
medium,11,Random Forest,0.2,0.8,47,0,0.32,0.35,0,0,0,0,0
medium,11,Random Forest,0.2,0.8,177,1,0.65,0.6,1,1,0,0,0
medium,11,Random Forest,0.2,0.8,92,0,0.58,0.37,1,0,1,1,0
medium,11,Random Forest,0.3,0.7,5,0,0.4,0.43,0,0,0,0,0
medium,11,Random Forest,0.3,0.7,198,1,0.59,0.55,1,1,0,0,0
medium,11,Random Forest,0.3,0.7,199,1,0.6,0.75,1,1,0,0,0
medium,11,Random Forest,0.3,0.7,122,1,0.64,0.73,1,1,0,0,0
medium,11,Random Forest,0.3,0.7,58,0,0.47,0.46,0,0,0,0,0
medium,11,Random Forest,0.3,0.7,107,1,0.63,0.63,1,1,0,0,0
medium,11,Random Forest,0.3,0.7,120,1,0.67,0.54,1,1,0,0,0
medium,11,Random Forest,0.3,0.7,74,0,0.58,0.35,1,0,1,1,0
medium,11,Random Forest,0.3,0.7,65,0,0.35,0.44,0,0,0,0,0
medium,11,Random Forest,0.3,0.7,67,0,0.32,0.23,0,0,0,0,0
medium,11,Random Forest,0.3,0.7,75,0,0.58,0.43,1,0,1,1,0
medium,11,Random Forest,0.3,0.7,140,1,0.57,0.64,1,1,0,0,0
medium,11,Random Forest,0.3,0.7,159,1,0.61,0.65,1,1,0,0,0
medium,11,Random Forest,0.3,0.7,15,0,0.31,0.45,0,0,0,0,0
medium,11,Random Forest,0.3,0.7,47,0,0.32,0.35,0,0,0,0,0
medium,11,Random Forest,0.3,0.7,177,1,0.65,0.6,1,1,0,0,0
medium,11,Random Forest,0.3,0.7,92,0,0.58,0.37,1,0,1,1,0
medium,11,Random Forest,0.4,0.6,198,1,0.59,0.55,1,1,0,0,0
medium,11,Random Forest,0.4,0.6,58,0,0.47,0.46,0,0,0,0,0
medium,11,Random Forest,0.4,0.6,74,0,0.58,0.35,1,0,1,1,0
medium,11,Random Forest,0.4,0.6,75,0,0.58,0.43,1,0,1,1,0
medium,11,Random Forest,0.4,0.6,140,1,0.57,0.64,1,1,0,0,0
medium,11,Random Forest,0.4,0.6,92,0,0.58,0.37,1,0,1,1,0
medium,11,XGBoost,0.2,0.8,16,0,0.6798467636108398,0.7662997841835022,1,1,0,0,0
medium,11,XGBoost,0.2,0.8,122,1,0.32519227266311646,0.9197145700454712,0,1,1,1,0
medium,11,XGBoost,0.2,0.8,58,0,0.5873126983642578,0.7726215124130249,1,1,0,0,0
medium,11,XGBoost,0.2,0.8,125,1,0.7420549988746643,0.9462327361106873,1,1,0,0,0
medium,11,XGBoost,0.2,0.8,65,0,0.48597195744514465,0.6036916971206665,0,1,1,0,1
medium,11,XGBoost,0.2,0.8,146,1,0.6756527423858643,0.6327013969421387,1,1,0,0,0
medium,11,XGBoost,0.2,0.8,75,0,0.5135243535041809,0.2111828774213791,1,0,1,1,0
medium,11,XGBoost,0.2,0.8,140,1,0.7007812261581421,0.7796250581741333,1,1,0,0,0
medium,11,XGBoost,0.2,0.8,159,1,0.6160527467727661,0.8808756470680237,1,1,0,0,0
medium,11,XGBoost,0.2,0.8,15,0,0.33580252528190613,0.3938312530517578,0,0,0,0,0
medium,11,XGBoost,0.2,0.8,64,0,0.21337778866291046,0.1234220415353775,0,0,0,0,0
medium,11,XGBoost,0.2,0.8,47,0,0.28755053877830505,0.4130372405052185,0,0,0,0,0
medium,11,XGBoost,0.2,0.8,177,1,0.6961211562156677,0.23137688636779785,1,0,1,0,1
medium,11,XGBoost,0.3,0.7,16,0,0.6798467636108398,0.7662997841835022,1,1,0,0,0
medium,11,XGBoost,0.3,0.7,122,1,0.32519227266311646,0.9197145700454712,0,1,1,1,0
medium,11,XGBoost,0.3,0.7,58,0,0.5873126983642578,0.7726215124130249,1,1,0,0,0
medium,11,XGBoost,0.3,0.7,65,0,0.48597195744514465,0.6036916971206665,0,1,1,0,1
medium,11,XGBoost,0.3,0.7,146,1,0.6756527423858643,0.6327013969421387,1,1,0,0,0
medium,11,XGBoost,0.3,0.7,75,0,0.5135243535041809,0.2111828774213791,1,0,1,1,0
medium,11,XGBoost,0.3,0.7,159,1,0.6160527467727661,0.8808756470680237,1,1,0,0,0
medium,11,XGBoost,0.3,0.7,15,0,0.33580252528190613,0.3938312530517578,0,0,0,0,0
medium,11,XGBoost,0.3,0.7,177,1,0.6961211562156677,0.23137688636779785,1,0,1,0,1
medium,11,XGBoost,0.4,0.6,58,0,0.5873126983642578,0.7726215124130249,1,1,0,0,0
medium,11,XGBoost,0.4,0.6,65,0,0.48597195744514465,0.6036916971206665,0,1,1,0,1
medium,11,XGBoost,0.4,0.6,75,0,0.5135243535041809,0.2111828774213791,1,0,1,1,0
medium,12,Logistic Regression,0.2,0.8,136,1,0.5662706771301536,0.14430060529385141,1,0,1,0,1
medium,12,Logistic Regression,0.2,0.8,45,0,0.6419842246253369,0.7912493357421936,1,1,0,0,0
medium,12,Logistic Regression,0.2,0.8,196,1,0.6526828281659468,0.6348010662175487,1,1,0,0,0
medium,12,Logistic Regression,0.2,0.8,52,0,0.3549911799081206,0.05416131829133696,0,0,0,0,0
medium,12,Logistic Regression,0.2,0.8,88,0,0.31970608007075246,0.5171977528727673,0,1,1,0,1
medium,12,Logistic Regression,0.2,0.8,29,0,0.5284685024841599,0.033563157307892576,1,0,1,1,0
medium,12,Logistic Regression,0.2,0.8,160,1,0.7781584020102194,0.9355183346992689,1,1,0,0,0
medium,12,Logistic Regression,0.2,0.8,50,0,0.29648461955680333,0.28676038178138147,0,0,0,0,0
medium,12,Logistic Regression,0.2,0.8,193,1,0.7392004580430322,0.6509492860671564,1,1,0,0,0
medium,12,Logistic Regression,0.2,0.8,44,0,0.23344496061138698,0.0253045897994694,0,0,0,0,0
medium,12,Logistic Regression,0.2,0.8,78,0,0.6737868389683835,0.3372702824093289,1,0,1,1,0
medium,12,Logistic Regression,0.2,0.8,92,0,0.7947020354122121,0.6986246275712306,1,1,0,0,0
medium,12,Logistic Regression,0.2,0.8,20,0,0.780420527615531,0.21257279729720896,1,0,1,1,0
medium,12,Logistic Regression,0.2,0.8,117,1,0.6077686976895517,0.3957721733928794,1,0,1,0,1
medium,12,Logistic Regression,0.2,0.8,82,0,0.6522000943467493,0.9487339256066162,1,1,0,0,0
medium,12,Logistic Regression,0.2,0.8,8,0,0.5183110028535052,0.13260870629320215,1,0,1,1,0
medium,12,Logistic Regression,0.2,0.8,121,1,0.5689441066213357,0.3035052447421106,1,0,1,0,1
medium,12,Logistic Regression,0.2,0.8,21,0,0.3869173919244605,0.14474871750419707,0,0,0,0,0
medium,12,Logistic Regression,0.2,0.8,158,1,0.5517157571792785,0.874142448713957,1,1,0,0,0
medium,12,Logistic Regression,0.2,0.8,185,1,0.6891235657214045,0.7974634161300472,1,1,0,0,0
medium,12,Logistic Regression,0.2,0.8,159,1,0.37941152386290544,0.8943029386928751,0,1,1,1,0
medium,12,Logistic Regression,0.2,0.8,67,0,0.5197661237630644,0.30139469844195704,1,0,1,1,0
medium,12,Logistic Regression,0.2,0.8,97,0,0.7501518604863832,0.9058131193544167,1,1,0,0,0
medium,12,Logistic Regression,0.2,0.8,127,1,0.7869734527170065,0.5525820807916366,1,1,0,0,0
medium,12,Logistic Regression,0.2,0.8,1,0,0.5041262605893143,0.503696492502325,1,1,0,0,0
medium,12,Logistic Regression,0.2,0.8,181,1,0.25017054675439604,0.9192058986596521,0,1,1,1,0
medium,12,Logistic Regression,0.2,0.8,188,1,0.6511988980100356,0.9938641724694915,1,1,0,0,0
medium,12,Logistic Regression,0.3,0.7,136,1,0.5662706771301536,0.14430060529385141,1,0,1,0,1
medium,12,Logistic Regression,0.3,0.7,45,0,0.6419842246253369,0.7912493357421936,1,1,0,0,0
medium,12,Logistic Regression,0.3,0.7,196,1,0.6526828281659468,0.6348010662175487,1,1,0,0,0
medium,12,Logistic Regression,0.3,0.7,52,0,0.3549911799081206,0.05416131829133696,0,0,0,0,0
medium,12,Logistic Regression,0.3,0.7,88,0,0.31970608007075246,0.5171977528727673,0,1,1,0,1
medium,12,Logistic Regression,0.3,0.7,29,0,0.5284685024841599,0.033563157307892576,1,0,1,1,0
medium,12,Logistic Regression,0.3,0.7,78,0,0.6737868389683835,0.3372702824093289,1,0,1,1,0
medium,12,Logistic Regression,0.3,0.7,117,1,0.6077686976895517,0.3957721733928794,1,0,1,0,1
medium,12,Logistic Regression,0.3,0.7,82,0,0.6522000943467493,0.9487339256066162,1,1,0,0,0
medium,12,Logistic Regression,0.3,0.7,8,0,0.5183110028535052,0.13260870629320215,1,0,1,1,0
medium,12,Logistic Regression,0.3,0.7,121,1,0.5689441066213357,0.3035052447421106,1,0,1,0,1
medium,12,Logistic Regression,0.3,0.7,21,0,0.3869173919244605,0.14474871750419707,0,0,0,0,0
medium,12,Logistic Regression,0.3,0.7,158,1,0.5517157571792785,0.874142448713957,1,1,0,0,0
medium,12,Logistic Regression,0.3,0.7,185,1,0.6891235657214045,0.7974634161300472,1,1,0,0,0
medium,12,Logistic Regression,0.3,0.7,159,1,0.37941152386290544,0.8943029386928751,0,1,1,1,0
medium,12,Logistic Regression,0.3,0.7,67,0,0.5197661237630644,0.30139469844195704,1,0,1,1,0
medium,12,Logistic Regression,0.3,0.7,1,0,0.5041262605893143,0.503696492502325,1,1,0,0,0
medium,12,Logistic Regression,0.3,0.7,188,1,0.6511988980100356,0.9938641724694915,1,1,0,0,0
medium,12,Logistic Regression,0.4,0.6,136,1,0.5662706771301536,0.14430060529385141,1,0,1,0,1
medium,12,Logistic Regression,0.4,0.6,29,0,0.5284685024841599,0.033563157307892576,1,0,1,1,0
medium,12,Logistic Regression,0.4,0.6,8,0,0.5183110028535052,0.13260870629320215,1,0,1,1,0
medium,12,Logistic Regression,0.4,0.6,121,1,0.5689441066213357,0.3035052447421106,1,0,1,0,1
medium,12,Logistic Regression,0.4,0.6,158,1,0.5517157571792785,0.874142448713957,1,1,0,0,0
medium,12,Logistic Regression,0.4,0.6,67,0,0.5197661237630644,0.30139469844195704,1,0,1,1,0
medium,12,Logistic Regression,0.4,0.6,1,0,0.5041262605893143,0.503696492502325,1,1,0,0,0
medium,12,Random Forest,0.2,0.8,136,1,0.79,0.7,1,1,0,0,0
medium,12,Random Forest,0.2,0.8,45,0,0.36,0.37,0,0,0,0,0
medium,12,Random Forest,0.2,0.8,196,1,0.75,0.74,1,1,0,0,0
medium,12,Random Forest,0.2,0.8,52,0,0.34,0.21,0,0,0,0,0
medium,12,Random Forest,0.2,0.8,155,1,0.78,0.87,1,1,0,0,0
medium,12,Random Forest,0.2,0.8,58,0,0.47,0.38,0,0,0,0,0
medium,12,Random Forest,0.2,0.8,105,1,0.76,0.7,1,1,0,0,0
medium,12,Random Forest,0.2,0.8,35,0,0.24,0.28,0,0,0,0,0
medium,12,Random Forest,0.2,0.8,44,0,0.26,0.28,0,0,0,0,0
medium,12,Random Forest,0.2,0.8,78,0,0.3,0.32,0,0,0,0,0
medium,12,Random Forest,0.2,0.8,92,0,0.42,0.34,0,0,0,0,0
medium,12,Random Forest,0.2,0.8,9,0,0.41,0.55,0,1,1,0,1
medium,12,Random Forest,0.2,0.8,20,0,0.46,0.33,0,0,0,0,0
medium,12,Random Forest,0.2,0.8,117,1,0.76,0.79,1,1,0,0,0
medium,12,Random Forest,0.2,0.8,121,1,0.71,0.63,1,1,0,0,0
medium,12,Random Forest,0.2,0.8,156,1,0.79,0.71,1,1,0,0,0
medium,12,Random Forest,0.2,0.8,47,0,0.29,0.44,0,0,0,0,0
medium,12,Random Forest,0.2,0.8,153,1,0.66,0.71,1,1,0,0,0
medium,12,Random Forest,0.2,0.8,162,1,0.73,0.81,1,1,0,0,0
medium,12,Random Forest,0.2,0.8,158,1,0.6,0.75,1,1,0,0,0
medium,12,Random Forest,0.2,0.8,6,0,0.36,0.41,0,0,0,0,0
medium,12,Random Forest,0.2,0.8,159,1,0.52,0.7,1,1,0,0,0
medium,12,Random Forest,0.2,0.8,67,0,0.43,0.3,0,0,0,0,0
medium,12,Random Forest,0.2,0.8,184,1,0.74,0.89,1,1,0,0,0
medium,12,Random Forest,0.2,0.8,74,0,0.59,0.56,1,1,0,0,0
medium,12,Random Forest,0.2,0.8,127,1,0.75,0.61,1,1,0,0,0
medium,12,Random Forest,0.2,0.8,1,0,0.58,0.56,1,1,0,0,0
medium,12,Random Forest,0.2,0.8,64,0,0.31,0.25,0,0,0,0,0
medium,12,Random Forest,0.2,0.8,181,1,0.78,0.8,1,1,0,0,0
medium,12,Random Forest,0.3,0.7,45,0,0.36,0.37,0,0,0,0,0
medium,12,Random Forest,0.3,0.7,52,0,0.34,0.21,0,0,0,0,0
medium,12,Random Forest,0.3,0.7,58,0,0.47,0.38,0,0,0,0,0
medium,12,Random Forest,0.3,0.7,92,0,0.42,0.34,0,0,0,0,0
medium,12,Random Forest,0.3,0.7,9,0,0.41,0.55,0,1,1,0,1
medium,12,Random Forest,0.3,0.7,20,0,0.46,0.33,0,0,0,0,0
medium,12,Random Forest,0.3,0.7,153,1,0.66,0.71,1,1,0,0,0
medium,12,Random Forest,0.3,0.7,158,1,0.6,0.75,1,1,0,0,0
medium,12,Random Forest,0.3,0.7,6,0,0.36,0.41,0,0,0,0,0
medium,12,Random Forest,0.3,0.7,159,1,0.52,0.7,1,1,0,0,0
medium,12,Random Forest,0.3,0.7,67,0,0.43,0.3,0,0,0,0,0
medium,12,Random Forest,0.3,0.7,74,0,0.59,0.56,1,1,0,0,0
medium,12,Random Forest,0.3,0.7,1,0,0.58,0.56,1,1,0,0,0
medium,12,Random Forest,0.3,0.7,64,0,0.31,0.25,0,0,0,0,0
medium,12,Random Forest,0.4,0.6,58,0,0.47,0.38,0,0,0,0,0
medium,12,Random Forest,0.4,0.6,92,0,0.42,0.34,0,0,0,0,0
medium,12,Random Forest,0.4,0.6,9,0,0.41,0.55,0,1,1,0,1
medium,12,Random Forest,0.4,0.6,20,0,0.46,0.33,0,0,0,0,0
medium,12,Random Forest,0.4,0.6,159,1,0.52,0.7,1,1,0,0,0
medium,12,Random Forest,0.4,0.6,67,0,0.43,0.3,0,0,0,0,0
medium,12,Random Forest,0.4,0.6,74,0,0.59,0.56,1,1,0,0,0
medium,12,Random Forest,0.4,0.6,1,0,0.58,0.56,1,1,0,0,0
medium,12,XGBoost,0.2,0.8,52,0,0.20707565546035767,0.16002261638641357,0,0,0,0,0
medium,12,XGBoost,0.2,0.8,58,0,0.5807172060012817,0.7753519415855408,1,1,0,0,0
medium,12,XGBoost,0.2,0.8,35,0,0.2715568542480469,0.17985370755195618,0,0,0,0,0
medium,12,XGBoost,0.2,0.8,9,0,0.496883749961853,0.601835310459137,0,1,1,0,1
medium,12,XGBoost,0.2,0.8,47,0,0.32834625244140625,0.4622378945350647,0,0,0,0,0
medium,12,XGBoost,0.2,0.8,158,1,0.7798422574996948,0.9497160315513611,1,1,0,0,0
medium,12,XGBoost,0.2,0.8,184,1,0.7227182388305664,0.9229624271392822,1,1,0,0,0
medium,12,XGBoost,0.2,0.8,1,0,0.6712501049041748,0.5025405287742615,1,1,0,0,0
medium,12,XGBoost,0.2,0.8,181,1,0.6553345322608948,0.8624127507209778,1,1,0,0,0
medium,12,XGBoost,0.3,0.7,58,0,0.5807172060012817,0.7753519415855408,1,1,0,0,0
medium,12,XGBoost,0.3,0.7,9,0,0.496883749961853,0.601835310459137,0,1,1,0,1
medium,12,XGBoost,0.3,0.7,47,0,0.32834625244140625,0.4622378945350647,0,0,0,0,0
medium,12,XGBoost,0.3,0.7,1,0,0.6712501049041748,0.5025405287742615,1,1,0,0,0
medium,12,XGBoost,0.3,0.7,181,1,0.6553345322608948,0.8624127507209778,1,1,0,0,0
medium,12,XGBoost,0.4,0.6,58,0,0.5807172060012817,0.7753519415855408,1,1,0,0,0
medium,12,XGBoost,0.4,0.6,9,0,0.496883749961853,0.601835310459137,0,1,1,0,1
medium,13,Logistic Regression,0.2,0.8,120,1,0.46481607813477616,0.35488870881817536,0,0,0,0,0
medium,13,Logistic Regression,0.2,0.8,193,1,0.6670662829283565,0.6542106509559532,1,1,0,0,0
medium,13,Logistic Regression,0.2,0.8,97,0,0.7842360366858582,0.7342749929249125,1,1,0,0,0
medium,13,Logistic Regression,0.2,0.8,66,0,0.31617062733408163,0.9436260335742325,0,1,1,0,1
medium,13,Logistic Regression,0.2,0.8,69,0,0.759649957228753,0.9649052875103785,1,1,0,0,0
medium,13,Logistic Regression,0.2,0.8,37,0,0.5786407828687667,0.015259986490924637,1,0,1,1,0
medium,13,Logistic Regression,0.2,0.8,21,0,0.5067967068512341,0.1742509658707165,1,0,1,1,0
medium,13,Logistic Regression,0.2,0.8,49,0,0.21435691854149994,0.0854213907585766,0,0,0,0,0
medium,13,Logistic Regression,0.2,0.8,52,0,0.44191931196411954,0.21191446458127883,0,0,0,0,0
medium,13,Logistic Regression,0.2,0.8,149,1,0.7383064632351521,0.9602338934264546,1,1,0,0,0
medium,13,Logistic Regression,0.2,0.8,88,0,0.22811888077795808,0.10290343590910753,0,0,0,0,0
medium,13,Logistic Regression,0.2,0.8,1,0,0.5870263124404025,0.7633656423920471,1,1,0,0,0
medium,13,Logistic Regression,0.2,0.8,158,1,0.3858759632635556,0.8478654537607253,0,1,1,1,0
medium,13,Logistic Regression,0.2,0.8,73,0,0.43196323760171096,0.7459435720453631,0,1,1,0,1
medium,13,Logistic Regression,0.2,0.8,182,1,0.22754781949761754,0.6401885612859409,0,1,1,1,0
medium,13,Logistic Regression,0.2,0.8,119,1,0.6203598549250221,0.38102865888484383,1,0,1,0,1
medium,13,Logistic Regression,0.2,0.8,173,1,0.5281837271468787,0.9894463805087031,1,1,0,0,0
medium,13,Logistic Regression,0.2,0.8,142,1,0.5792641086929097,0.7331187544927024,1,1,0,0,0
medium,13,Logistic Regression,0.2,0.8,92,0,0.7577663243948076,0.3399547112112371,1,0,1,1,0
medium,13,Logistic Regression,0.2,0.8,79,0,0.6582975363331337,0.6477935570058373,1,1,0,0,0
medium,13,Logistic Regression,0.3,0.7,120,1,0.46481607813477616,0.35488870881817536,0,0,0,0,0
medium,13,Logistic Regression,0.3,0.7,193,1,0.6670662829283565,0.6542106509559532,1,1,0,0,0
medium,13,Logistic Regression,0.3,0.7,66,0,0.31617062733408163,0.9436260335742325,0,1,1,0,1
medium,13,Logistic Regression,0.3,0.7,37,0,0.5786407828687667,0.015259986490924637,1,0,1,1,0
medium,13,Logistic Regression,0.3,0.7,21,0,0.5067967068512341,0.1742509658707165,1,0,1,1,0
medium,13,Logistic Regression,0.3,0.7,52,0,0.44191931196411954,0.21191446458127883,0,0,0,0,0
medium,13,Logistic Regression,0.3,0.7,1,0,0.5870263124404025,0.7633656423920471,1,1,0,0,0
medium,13,Logistic Regression,0.3,0.7,158,1,0.3858759632635556,0.8478654537607253,0,1,1,1,0
medium,13,Logistic Regression,0.3,0.7,73,0,0.43196323760171096,0.7459435720453631,0,1,1,0,1
medium,13,Logistic Regression,0.3,0.7,119,1,0.6203598549250221,0.38102865888484383,1,0,1,0,1
medium,13,Logistic Regression,0.3,0.7,173,1,0.5281837271468787,0.9894463805087031,1,1,0,0,0
medium,13,Logistic Regression,0.3,0.7,142,1,0.5792641086929097,0.7331187544927024,1,1,0,0,0
medium,13,Logistic Regression,0.3,0.7,79,0,0.6582975363331337,0.6477935570058373,1,1,0,0,0
medium,13,Logistic Regression,0.4,0.6,120,1,0.46481607813477616,0.35488870881817536,0,0,0,0,0
medium,13,Logistic Regression,0.4,0.6,37,0,0.5786407828687667,0.015259986490924637,1,0,1,1,0
medium,13,Logistic Regression,0.4,0.6,21,0,0.5067967068512341,0.1742509658707165,1,0,1,1,0
medium,13,Logistic Regression,0.4,0.6,52,0,0.44191931196411954,0.21191446458127883,0,0,0,0,0
medium,13,Logistic Regression,0.4,0.6,1,0,0.5870263124404025,0.7633656423920471,1,1,0,0,0
medium,13,Logistic Regression,0.4,0.6,73,0,0.43196323760171096,0.7459435720453631,0,1,1,0,1
medium,13,Logistic Regression,0.4,0.6,173,1,0.5281837271468787,0.9894463805087031,1,1,0,0,0
medium,13,Logistic Regression,0.4,0.6,142,1,0.5792641086929097,0.7331187544927024,1,1,0,0,0
medium,13,Random Forest,0.2,0.8,20,0,0.31,0.31,0,0,0,0,0
medium,13,Random Forest,0.2,0.8,120,1,0.73,0.58,1,1,0,0,0
medium,13,Random Forest,0.2,0.8,147,1,0.75,0.7,1,1,0,0,0
medium,13,Random Forest,0.2,0.8,109,1,0.62,0.77,1,1,0,0,0
medium,13,Random Forest,0.2,0.8,165,1,0.71,0.76,1,1,0,0,0
medium,13,Random Forest,0.2,0.8,66,0,0.52,0.68,1,1,0,0,0
medium,13,Random Forest,0.2,0.8,60,0,0.25,0.36,0,0,0,0,0
medium,13,Random Forest,0.2,0.8,162,1,0.7,0.82,1,1,0,0,0
medium,13,Random Forest,0.2,0.8,37,0,0.61,0.41,1,0,1,1,0
medium,13,Random Forest,0.2,0.8,52,0,0.28,0.37,0,0,0,0,0
medium,13,Random Forest,0.2,0.8,149,1,0.75,0.72,1,1,0,0,0
medium,13,Random Forest,0.2,0.8,88,0,0.25,0.16,0,0,0,0,0
medium,13,Random Forest,0.2,0.8,1,0,0.69,0.7,1,1,0,0,0
medium,13,Random Forest,0.2,0.8,158,1,0.55,0.79,1,1,0,0,0
medium,13,Random Forest,0.2,0.8,123,1,0.5,0.69,1,1,0,0,0
medium,13,Random Forest,0.2,0.8,73,0,0.26,0.28,0,0,0,0,0
medium,13,Random Forest,0.2,0.8,87,0,0.36,0.44,0,0,0,0,0
medium,13,Random Forest,0.2,0.8,119,1,0.75,0.65,1,1,0,0,0
medium,13,Random Forest,0.2,0.8,173,1,0.71,0.69,1,1,0,0,0
medium,13,Random Forest,0.2,0.8,92,0,0.45,0.41,0,0,0,0,0
medium,13,Random Forest,0.2,0.8,79,0,0.42,0.46,0,0,0,0,0
medium,13,Random Forest,0.2,0.8,128,1,0.66,0.75,1,1,0,0,0
medium,13,Random Forest,0.2,0.8,199,1,0.67,0.77,1,1,0,0,0
medium,13,Random Forest,0.2,0.8,44,0,0.34,0.4,0,0,0,0,0
medium,13,Random Forest,0.2,0.8,6,0,0.23,0.38,0,0,0,0,0
medium,13,Random Forest,0.3,0.7,20,0,0.31,0.31,0,0,0,0,0
medium,13,Random Forest,0.3,0.7,109,1,0.62,0.77,1,1,0,0,0
medium,13,Random Forest,0.3,0.7,66,0,0.52,0.68,1,1,0,0,0
medium,13,Random Forest,0.3,0.7,37,0,0.61,0.41,1,0,1,1,0
medium,13,Random Forest,0.3,0.7,1,0,0.69,0.7,1,1,0,0,0
medium,13,Random Forest,0.3,0.7,158,1,0.55,0.79,1,1,0,0,0
medium,13,Random Forest,0.3,0.7,123,1,0.5,0.69,1,1,0,0,0
medium,13,Random Forest,0.3,0.7,87,0,0.36,0.44,0,0,0,0,0
medium,13,Random Forest,0.3,0.7,92,0,0.45,0.41,0,0,0,0,0
medium,13,Random Forest,0.3,0.7,79,0,0.42,0.46,0,0,0,0,0
medium,13,Random Forest,0.3,0.7,128,1,0.66,0.75,1,1,0,0,0
medium,13,Random Forest,0.3,0.7,199,1,0.67,0.77,1,1,0,0,0
medium,13,Random Forest,0.3,0.7,44,0,0.34,0.4,0,0,0,0,0
medium,13,Random Forest,0.4,0.6,66,0,0.52,0.68,1,1,0,0,0
medium,13,Random Forest,0.4,0.6,158,1,0.55,0.79,1,1,0,0,0
medium,13,Random Forest,0.4,0.6,123,1,0.5,0.69,1,1,0,0,0
medium,13,Random Forest,0.4,0.6,92,0,0.45,0.41,0,0,0,0,0
medium,13,Random Forest,0.4,0.6,79,0,0.42,0.46,0,0,0,0,0
medium,13,XGBoost,0.2,0.8,109,1,0.4229244291782379,0.858704686164856,0,1,1,1,0
medium,13,XGBoost,0.2,0.8,165,1,0.5570491552352905,0.7376434803009033,1,1,0,0,0
medium,13,XGBoost,0.2,0.8,66,0,0.7662655711174011,0.9739922881126404,1,1,0,0,0
medium,13,XGBoost,0.2,0.8,60,0,0.23289839923381805,0.5927616953849792,0,1,1,0,1
medium,13,XGBoost,0.2,0.8,37,0,0.5034753680229187,0.2273562252521515,1,0,1,1,0
medium,13,XGBoost,0.2,0.8,21,0,0.2286074310541153,0.14625707268714905,0,0,0,0,0
medium,13,XGBoost,0.2,0.8,52,0,0.3095075190067291,0.24879832565784454,0,0,0,0,0
medium,13,XGBoost,0.2,0.8,88,0,0.3005903661251068,0.09586720168590546,0,0,0,0,0
medium,13,XGBoost,0.2,0.8,1,0,0.6932362914085388,0.8416315317153931,1,1,0,0,0
medium,13,XGBoost,0.2,0.8,123,1,0.5824006795883179,0.9008968472480774,1,1,0,0,0
medium,13,XGBoost,0.2,0.8,87,0,0.4773682951927185,0.47404980659484863,0,0,0,0,0
medium,13,XGBoost,0.2,0.8,119,1,0.4888969957828522,0.6268181204795837,0,1,1,1,0
medium,13,XGBoost,0.2,0.8,173,1,0.592521071434021,0.6012714505195618,1,1,0,0,0
medium,13,XGBoost,0.2,0.8,79,0,0.3682757318019867,0.5964318513870239,0,1,1,0,1
medium,13,XGBoost,0.3,0.7,109,1,0.4229244291782379,0.858704686164856,0,1,1,1,0
medium,13,XGBoost,0.3,0.7,165,1,0.5570491552352905,0.7376434803009033,1,1,0,0,0
medium,13,XGBoost,0.3,0.7,37,0,0.5034753680229187,0.2273562252521515,1,0,1,1,0
medium,13,XGBoost,0.3,0.7,52,0,0.3095075190067291,0.24879832565784454,0,0,0,0,0
medium,13,XGBoost,0.3,0.7,88,0,0.3005903661251068,0.09586720168590546,0,0,0,0,0
medium,13,XGBoost,0.3,0.7,1,0,0.6932362914085388,0.8416315317153931,1,1,0,0,0
medium,13,XGBoost,0.3,0.7,123,1,0.5824006795883179,0.9008968472480774,1,1,0,0,0
medium,13,XGBoost,0.3,0.7,87,0,0.4773682951927185,0.47404980659484863,0,0,0,0,0
medium,13,XGBoost,0.3,0.7,119,1,0.4888969957828522,0.6268181204795837,0,1,1,1,0
medium,13,XGBoost,0.3,0.7,173,1,0.592521071434021,0.6012714505195618,1,1,0,0,0
medium,13,XGBoost,0.3,0.7,79,0,0.3682757318019867,0.5964318513870239,0,1,1,0,1
medium,13,XGBoost,0.4,0.6,109,1,0.4229244291782379,0.858704686164856,0,1,1,1,0
medium,13,XGBoost,0.4,0.6,165,1,0.5570491552352905,0.7376434803009033,1,1,0,0,0
medium,13,XGBoost,0.4,0.6,37,0,0.5034753680229187,0.2273562252521515,1,0,1,1,0
medium,13,XGBoost,0.4,0.6,123,1,0.5824006795883179,0.9008968472480774,1,1,0,0,0
medium,13,XGBoost,0.4,0.6,87,0,0.4773682951927185,0.47404980659484863,0,0,0,0,0
medium,13,XGBoost,0.4,0.6,119,1,0.4888969957828522,0.6268181204795837,0,1,1,1,0
medium,13,XGBoost,0.4,0.6,173,1,0.592521071434021,0.6012714505195618,1,1,0,0,0
medium,14,Logistic Regression,0.2,0.8,142,1,0.5414095854702854,0.46291578886573637,1,0,1,0,1
medium,14,Logistic Regression,0.2,0.8,16,0,0.5846388483805681,0.5420211305169275,1,1,0,0,0
medium,14,Logistic Regression,0.2,0.8,29,0,0.6249901933016989,0.12353642787463223,1,0,1,1,0
medium,14,Logistic Regression,0.2,0.8,113,1,0.3965677800357612,0.9251441329742395,0,1,1,1,0
medium,14,Logistic Regression,0.2,0.8,91,0,0.37273210073245994,0.06538502676193986,0,0,0,0,0
medium,14,Logistic Regression,0.2,0.8,126,1,0.6399879476025109,0.9445971115589827,1,1,0,0,0
medium,14,Logistic Regression,0.2,0.8,182,1,0.5300754163091255,0.9345030292790982,1,1,0,0,0
medium,14,Logistic Regression,0.2,0.8,45,0,0.679052533251414,0.7335056271588383,1,1,0,0,0
medium,14,Logistic Regression,0.2,0.8,38,0,0.23033235005513925,0.1674124256840199,0,0,0,0,0
medium,14,Logistic Regression,0.2,0.8,71,0,0.30075758630476873,0.11554336415411268,0,0,0,0,0
medium,14,Logistic Regression,0.2,0.8,82,0,0.45430968544347133,0.649477372796829,0,1,1,0,1
medium,14,Logistic Regression,0.2,0.8,147,1,0.2918914183094883,0.4763848102345318,0,0,0,0,0
medium,14,Logistic Regression,0.2,0.8,12,0,0.3300353094155824,0.09759051627035613,0,0,0,0,0
medium,14,Logistic Regression,0.2,0.8,15,0,0.7839244800566112,0.8121706822670041,1,1,0,0,0
medium,14,Logistic Regression,0.2,0.8,88,0,0.4955482659354794,0.23567166539019652,0,0,0,0,0
medium,14,Logistic Regression,0.2,0.8,84,0,0.4146374862700744,0.11094324755322017,0,0,0,0,0
medium,14,Logistic Regression,0.2,0.8,52,0,0.4398500210831729,0.14940227505735848,0,0,0,0,0
medium,14,Logistic Regression,0.2,0.8,196,1,0.6440288592802399,0.49682742808131264,1,0,1,0,1
medium,14,Logistic Regression,0.2,0.8,180,1,0.6596566312857302,0.7788317498616142,1,1,0,0,0
medium,14,Logistic Regression,0.2,0.8,175,1,0.7768633914911692,0.9626313373281492,1,1,0,0,0
medium,14,Logistic Regression,0.2,0.8,20,0,0.7744254692034015,0.558746736559992,1,1,0,0,0
medium,14,Logistic Regression,0.2,0.8,81,0,0.35387857251048843,0.0919432036266571,0,0,0,0,0
medium,14,Logistic Regression,0.2,0.8,151,1,0.49605240558730135,0.6393638466100133,0,1,1,1,0
medium,14,Logistic Regression,0.2,0.8,193,1,0.609638675035852,0.5152667918350234,1,1,0,0,0
medium,14,Logistic Regression,0.2,0.8,72,0,0.22360243525275467,0.2630036626704481,0,0,0,0,0
medium,14,Logistic Regression,0.2,0.8,1,0,0.4010362510190172,0.3760435870151568,0,0,0,0,0
medium,14,Logistic Regression,0.2,0.8,171,1,0.5463319190279498,0.17516428753718338,1,0,1,0,1
medium,14,Logistic Regression,0.2,0.8,159,1,0.322938407309483,0.7713107201602261,0,1,1,1,0
medium,14,Logistic Regression,0.2,0.8,181,1,0.26729836098924925,0.9395088492214774,0,1,1,1,0
medium,14,Logistic Regression,0.2,0.8,39,0,0.25473888455235577,0.05924250256329079,0,0,0,0,0
medium,14,Logistic Regression,0.2,0.8,54,0,0.4812668925836763,0.013766200099378838,0,0,0,0,0
medium,14,Logistic Regression,0.2,0.8,73,0,0.42954243627606165,0.7326173948889427,0,1,1,0,1
medium,14,Logistic Regression,0.2,0.8,141,1,0.2446914486304594,0.16768515247016622,0,0,0,0,0
medium,14,Logistic Regression,0.3,0.7,142,1,0.5414095854702854,0.46291578886573637,1,0,1,0,1
medium,14,Logistic Regression,0.3,0.7,16,0,0.5846388483805681,0.5420211305169275,1,1,0,0,0
medium,14,Logistic Regression,0.3,0.7,29,0,0.6249901933016989,0.12353642787463223,1,0,1,1,0
medium,14,Logistic Regression,0.3,0.7,113,1,0.3965677800357612,0.9251441329742395,0,1,1,1,0
medium,14,Logistic Regression,0.3,0.7,91,0,0.37273210073245994,0.06538502676193986,0,0,0,0,0
medium,14,Logistic Regression,0.3,0.7,126,1,0.6399879476025109,0.9445971115589827,1,1,0,0,0
medium,14,Logistic Regression,0.3,0.7,182,1,0.5300754163091255,0.9345030292790982,1,1,0,0,0
medium,14,Logistic Regression,0.3,0.7,45,0,0.679052533251414,0.7335056271588383,1,1,0,0,0
medium,14,Logistic Regression,0.3,0.7,71,0,0.30075758630476873,0.11554336415411268,0,0,0,0,0
medium,14,Logistic Regression,0.3,0.7,82,0,0.45430968544347133,0.649477372796829,0,1,1,0,1
medium,14,Logistic Regression,0.3,0.7,12,0,0.3300353094155824,0.09759051627035613,0,0,0,0,0
medium,14,Logistic Regression,0.3,0.7,88,0,0.4955482659354794,0.23567166539019652,0,0,0,0,0
medium,14,Logistic Regression,0.3,0.7,84,0,0.4146374862700744,0.11094324755322017,0,0,0,0,0
medium,14,Logistic Regression,0.3,0.7,52,0,0.4398500210831729,0.14940227505735848,0,0,0,0,0
medium,14,Logistic Regression,0.3,0.7,196,1,0.6440288592802399,0.49682742808131264,1,0,1,0,1
medium,14,Logistic Regression,0.3,0.7,180,1,0.6596566312857302,0.7788317498616142,1,1,0,0,0
medium,14,Logistic Regression,0.3,0.7,81,0,0.35387857251048843,0.0919432036266571,0,0,0,0,0
medium,14,Logistic Regression,0.3,0.7,151,1,0.49605240558730135,0.6393638466100133,0,1,1,1,0
medium,14,Logistic Regression,0.3,0.7,193,1,0.609638675035852,0.5152667918350234,1,1,0,0,0
medium,14,Logistic Regression,0.3,0.7,1,0,0.4010362510190172,0.3760435870151568,0,0,0,0,0
medium,14,Logistic Regression,0.3,0.7,171,1,0.5463319190279498,0.17516428753718338,1,0,1,0,1
medium,14,Logistic Regression,0.3,0.7,159,1,0.322938407309483,0.7713107201602261,0,1,1,1,0
medium,14,Logistic Regression,0.3,0.7,54,0,0.4812668925836763,0.013766200099378838,0,0,0,0,0
medium,14,Logistic Regression,0.3,0.7,73,0,0.42954243627606165,0.7326173948889427,0,1,1,0,1
medium,14,Logistic Regression,0.4,0.6,142,1,0.5414095854702854,0.46291578886573637,1,0,1,0,1
medium,14,Logistic Regression,0.4,0.6,16,0,0.5846388483805681,0.5420211305169275,1,1,0,0,0
medium,14,Logistic Regression,0.4,0.6,182,1,0.5300754163091255,0.9345030292790982,1,1,0,0,0
medium,14,Logistic Regression,0.4,0.6,82,0,0.45430968544347133,0.649477372796829,0,1,1,0,1
medium,14,Logistic Regression,0.4,0.6,88,0,0.4955482659354794,0.23567166539019652,0,0,0,0,0
medium,14,Logistic Regression,0.4,0.6,84,0,0.4146374862700744,0.11094324755322017,0,0,0,0,0
medium,14,Logistic Regression,0.4,0.6,52,0,0.4398500210831729,0.14940227505735848,0,0,0,0,0
medium,14,Logistic Regression,0.4,0.6,151,1,0.49605240558730135,0.6393638466100133,0,1,1,1,0
medium,14,Logistic Regression,0.4,0.6,1,0,0.4010362510190172,0.3760435870151568,0,0,0,0,0
medium,14,Logistic Regression,0.4,0.6,171,1,0.5463319190279498,0.17516428753718338,1,0,1,0,1
medium,14,Logistic Regression,0.4,0.6,54,0,0.4812668925836763,0.013766200099378838,0,0,0,0,0
medium,14,Logistic Regression,0.4,0.6,73,0,0.42954243627606165,0.7326173948889427,0,1,1,0,1
medium,14,Random Forest,0.2,0.8,16,0,0.6,0.57,1,1,0,0,0
medium,14,Random Forest,0.2,0.8,113,1,0.72,0.8,1,1,0,0,0
medium,14,Random Forest,0.2,0.8,91,0,0.57,0.44,1,0,1,1,0
medium,14,Random Forest,0.2,0.8,45,0,0.47,0.48,0,0,0,0,0
medium,14,Random Forest,0.2,0.8,88,0,0.28,0.22,0,0,0,0,0
medium,14,Random Forest,0.2,0.8,84,0,0.56,0.62,1,1,0,0,0
medium,14,Random Forest,0.2,0.8,58,0,0.41,0.53,0,1,1,0,1
medium,14,Random Forest,0.2,0.8,52,0,0.34,0.17,0,0,0,0,0
medium,14,Random Forest,0.2,0.8,196,1,0.7,0.78,1,1,0,0,0
medium,14,Random Forest,0.2,0.8,20,0,0.41,0.36,0,0,0,0,0
medium,14,Random Forest,0.2,0.8,155,1,0.79,0.89,1,1,0,0,0
medium,14,Random Forest,0.2,0.8,162,1,0.71,0.84,1,1,0,0,0
medium,14,Random Forest,0.2,0.8,14,0,0.24,0.2,0,0,0,0,0
medium,14,Random Forest,0.2,0.8,148,1,0.71,0.75,1,1,0,0,0
medium,14,Random Forest,0.2,0.8,131,1,0.74,0.73,1,1,0,0,0
medium,14,Random Forest,0.2,0.8,72,0,0.21,0.41,0,0,0,0,0
medium,14,Random Forest,0.2,0.8,60,0,0.35,0.48,0,0,0,0,0
medium,14,Random Forest,0.2,0.8,1,0,0.56,0.53,1,1,0,0,0
medium,14,Random Forest,0.2,0.8,159,1,0.62,0.87,1,1,0,0,0
medium,14,Random Forest,0.2,0.8,181,1,0.74,0.87,1,1,0,0,0
medium,14,Random Forest,0.3,0.7,16,0,0.6,0.57,1,1,0,0,0
medium,14,Random Forest,0.3,0.7,91,0,0.57,0.44,1,0,1,1,0
medium,14,Random Forest,0.3,0.7,45,0,0.47,0.48,0,0,0,0,0
medium,14,Random Forest,0.3,0.7,84,0,0.56,0.62,1,1,0,0,0
medium,14,Random Forest,0.3,0.7,58,0,0.41,0.53,0,1,1,0,1
medium,14,Random Forest,0.3,0.7,52,0,0.34,0.17,0,0,0,0,0
medium,14,Random Forest,0.3,0.7,20,0,0.41,0.36,0,0,0,0,0
medium,14,Random Forest,0.3,0.7,60,0,0.35,0.48,0,0,0,0,0
medium,14,Random Forest,0.3,0.7,1,0,0.56,0.53,1,1,0,0,0
medium,14,Random Forest,0.3,0.7,159,1,0.62,0.87,1,1,0,0,0
medium,14,Random Forest,0.4,0.6,91,0,0.57,0.44,1,0,1,1,0
medium,14,Random Forest,0.4,0.6,45,0,0.47,0.48,0,0,0,0,0
medium,14,Random Forest,0.4,0.6,84,0,0.56,0.62,1,1,0,0,0
medium,14,Random Forest,0.4,0.6,58,0,0.41,0.53,0,1,1,0,1
medium,14,Random Forest,0.4,0.6,20,0,0.41,0.36,0,0,0,0,0
medium,14,Random Forest,0.4,0.6,1,0,0.56,0.53,1,1,0,0,0
medium,14,XGBoost,0.2,0.8,16,0,0.5744070410728455,0.6639928221702576,1,1,0,0,0
medium,14,XGBoost,0.2,0.8,58,0,0.38443416357040405,0.702674150466919,0,1,1,0,1
medium,14,XGBoost,0.2,0.8,72,0,0.32158878445625305,0.4966329336166382,0,0,0,0,0
medium,14,XGBoost,0.2,0.8,1,0,0.6165734529495239,0.7753281593322754,1,1,0,0,0
medium,14,XGBoost,0.2,0.8,159,1,0.5093693733215332,0.9163597226142883,1,1,0,0,0
medium,14,XGBoost,0.2,0.8,181,1,0.7963994145393372,0.956601083278656,1,1,0,0,0
medium,14,XGBoost,0.2,0.8,141,1,0.6576995849609375,0.5175054669380188,1,1,0,0,0
medium,14,XGBoost,0.3,0.7,16,0,0.5744070410728455,0.6639928221702576,1,1,0,0,0
medium,14,XGBoost,0.3,0.7,58,0,0.38443416357040405,0.702674150466919,0,1,1,0,1
medium,14,XGBoost,0.3,0.7,72,0,0.32158878445625305,0.4966329336166382,0,0,0,0,0
medium,14,XGBoost,0.3,0.7,1,0,0.6165734529495239,0.7753281593322754,1,1,0,0,0
medium,14,XGBoost,0.3,0.7,159,1,0.5093693733215332,0.9163597226142883,1,1,0,0,0
medium,14,XGBoost,0.3,0.7,141,1,0.6576995849609375,0.5175054669380188,1,1,0,0,0
medium,14,XGBoost,0.4,0.6,16,0,0.5744070410728455,0.6639928221702576,1,1,0,0,0
medium,14,XGBoost,0.4,0.6,159,1,0.5093693733215332,0.9163597226142883,1,1,0,0,0
medium,15,Logistic Regression,0.2,0.8,117,1,0.4731727045809988,0.898224976301548,0,1,1,1,0
medium,15,Logistic Regression,0.2,0.8,82,0,0.4269255316477091,0.6164495143823929,0,1,1,0,1
medium,15,Logistic Regression,0.2,0.8,29,0,0.31884824640774095,0.030148260754737758,0,0,0,0,0
medium,15,Logistic Regression,0.2,0.8,40,0,0.3410323488184994,0.03864633453729836,0,0,0,0,0
medium,15,Logistic Regression,0.2,0.8,142,1,0.66581919852602,0.51026231527187,1,1,0,0,0
medium,15,Logistic Regression,0.2,0.8,191,1,0.5587958857897699,0.8761777786309495,1,1,0,0,0
medium,15,Logistic Regression,0.2,0.8,121,1,0.6951217531507217,0.4845436163947899,1,0,1,0,1
medium,15,Logistic Regression,0.2,0.8,10,0,0.22239700772326151,0.20614279825933002,0,0,0,0,0
medium,15,Logistic Regression,0.2,0.8,2,0,0.4156335558504214,0.024990509662922874,0,0,0,0,0
medium,15,Logistic Regression,0.2,0.8,119,1,0.6053655476082963,0.44264189546593535,1,0,1,0,1
medium,15,Logistic Regression,0.2,0.8,178,1,0.7882306493987543,0.9175755932293603,1,1,0,0,0
medium,15,Logistic Regression,0.2,0.8,153,1,0.7026405783140641,0.8223334201520659,1,1,0,0,0
medium,15,Logistic Regression,0.2,0.8,112,1,0.6657489189697094,0.18847325266309217,1,0,1,0,1
medium,15,Logistic Regression,0.2,0.8,151,1,0.4721425123898387,0.632948160607479,0,1,1,1,0
medium,15,Logistic Regression,0.2,0.8,13,0,0.2208789913800792,0.03055633309743231,0,0,0,0,0
medium,15,Logistic Regression,0.2,0.8,44,0,0.3336105904624679,0.06720703505057009,0,0,0,0,0
medium,15,Logistic Regression,0.2,0.8,57,0,0.43899526102222153,0.9010055449267428,0,1,1,0,1
medium,15,Logistic Regression,0.2,0.8,8,0,0.4288444990273254,0.12951737111272887,0,0,0,0,0
medium,15,Logistic Regression,0.2,0.8,20,0,0.7200634229124278,0.55201399243689,1,1,0,0,0
medium,15,Logistic Regression,0.2,0.8,197,1,0.612786361762359,0.993631670464958,1,1,0,0,0
medium,15,Logistic Regression,0.2,0.8,75,0,0.617534825173386,0.05725729113033651,1,0,1,1,0
medium,15,Logistic Regression,0.2,0.8,76,0,0.5037173654904643,0.2976471539575515,1,0,1,1,0
medium,15,Logistic Regression,0.3,0.7,117,1,0.4731727045809988,0.898224976301548,0,1,1,1,0
medium,15,Logistic Regression,0.3,0.7,82,0,0.4269255316477091,0.6164495143823929,0,1,1,0,1
medium,15,Logistic Regression,0.3,0.7,29,0,0.31884824640774095,0.030148260754737758,0,0,0,0,0
medium,15,Logistic Regression,0.3,0.7,40,0,0.3410323488184994,0.03864633453729836,0,0,0,0,0
medium,15,Logistic Regression,0.3,0.7,142,1,0.66581919852602,0.51026231527187,1,1,0,0,0
medium,15,Logistic Regression,0.3,0.7,191,1,0.5587958857897699,0.8761777786309495,1,1,0,0,0
medium,15,Logistic Regression,0.3,0.7,121,1,0.6951217531507217,0.4845436163947899,1,0,1,0,1
medium,15,Logistic Regression,0.3,0.7,2,0,0.4156335558504214,0.024990509662922874,0,0,0,0,0
medium,15,Logistic Regression,0.3,0.7,119,1,0.6053655476082963,0.44264189546593535,1,0,1,0,1
medium,15,Logistic Regression,0.3,0.7,112,1,0.6657489189697094,0.18847325266309217,1,0,1,0,1
medium,15,Logistic Regression,0.3,0.7,151,1,0.4721425123898387,0.632948160607479,0,1,1,1,0
medium,15,Logistic Regression,0.3,0.7,44,0,0.3336105904624679,0.06720703505057009,0,0,0,0,0
medium,15,Logistic Regression,0.3,0.7,57,0,0.43899526102222153,0.9010055449267428,0,1,1,0,1
medium,15,Logistic Regression,0.3,0.7,8,0,0.4288444990273254,0.12951737111272887,0,0,0,0,0
medium,15,Logistic Regression,0.3,0.7,197,1,0.612786361762359,0.993631670464958,1,1,0,0,0
medium,15,Logistic Regression,0.3,0.7,75,0,0.617534825173386,0.05725729113033651,1,0,1,1,0
medium,15,Logistic Regression,0.3,0.7,76,0,0.5037173654904643,0.2976471539575515,1,0,1,1,0
medium,15,Logistic Regression,0.4,0.6,117,1,0.4731727045809988,0.898224976301548,0,1,1,1,0
medium,15,Logistic Regression,0.4,0.6,82,0,0.4269255316477091,0.6164495143823929,0,1,1,0,1
medium,15,Logistic Regression,0.4,0.6,191,1,0.5587958857897699,0.8761777786309495,1,1,0,0,0
medium,15,Logistic Regression,0.4,0.6,2,0,0.4156335558504214,0.024990509662922874,0,0,0,0,0
medium,15,Logistic Regression,0.4,0.6,151,1,0.4721425123898387,0.632948160607479,0,1,1,1,0
medium,15,Logistic Regression,0.4,0.6,57,0,0.43899526102222153,0.9010055449267428,0,1,1,0,1
medium,15,Logistic Regression,0.4,0.6,8,0,0.4288444990273254,0.12951737111272887,0,0,0,0,0
medium,15,Logistic Regression,0.4,0.6,76,0,0.5037173654904643,0.2976471539575515,1,0,1,1,0
medium,15,Random Forest,0.2,0.8,144,1,0.7,0.52,1,1,0,0,0
medium,15,Random Forest,0.2,0.8,117,1,0.79,0.76,1,1,0,0,0
medium,15,Random Forest,0.2,0.8,88,0,0.26,0.3,0,0,0,0,0
medium,15,Random Forest,0.2,0.8,161,1,0.76,0.9,1,1,0,0,0
medium,15,Random Forest,0.2,0.8,9,0,0.44,0.52,0,1,1,0,1
medium,15,Random Forest,0.2,0.8,119,1,0.73,0.55,1,1,0,0,0
medium,15,Random Forest,0.2,0.8,172,1,0.72,0.71,1,1,0,0,0
medium,15,Random Forest,0.2,0.8,195,1,0.78,0.82,1,1,0,0,0
medium,15,Random Forest,0.2,0.8,72,0,0.28,0.45,0,0,0,0,0
medium,15,Random Forest,0.2,0.8,153,1,0.66,0.78,1,1,0,0,0
medium,15,Random Forest,0.2,0.8,129,1,0.77,0.5,1,1,0,0,0
medium,15,Random Forest,0.2,0.8,68,0,0.67,0.48,1,0,1,1,0
medium,15,Random Forest,0.2,0.8,59,0,0.23,0.25,0,0,0,0,0
medium,15,Random Forest,0.2,0.8,128,1,0.73,0.66,1,1,0,0,0
medium,15,Random Forest,0.2,0.8,87,0,0.4,0.48,0,0,0,0,0
medium,15,Random Forest,0.2,0.8,133,1,0.7,0.79,1,1,0,0,0
medium,15,Random Forest,0.2,0.8,44,0,0.39,0.42,0,0,0,0,0
medium,15,Random Forest,0.2,0.8,8,0,0.3,0.41,0,0,0,0,0
medium,15,Random Forest,0.2,0.8,47,0,0.42,0.5,0,1,1,0,1
medium,15,Random Forest,0.2,0.8,20,0,0.35,0.41,0,0,0,0,0
medium,15,Random Forest,0.2,0.8,75,0,0.64,0.5,1,1,0,0,0
medium,15,Random Forest,0.3,0.7,9,0,0.44,0.52,0,1,1,0,1
medium,15,Random Forest,0.3,0.7,153,1,0.66,0.78,1,1,0,0,0
medium,15,Random Forest,0.3,0.7,68,0,0.67,0.48,1,0,1,1,0
medium,15,Random Forest,0.3,0.7,87,0,0.4,0.48,0,0,0,0,0
medium,15,Random Forest,0.3,0.7,44,0,0.39,0.42,0,0,0,0,0
medium,15,Random Forest,0.3,0.7,47,0,0.42,0.5,0,1,1,0,1
medium,15,Random Forest,0.3,0.7,20,0,0.35,0.41,0,0,0,0,0
medium,15,Random Forest,0.3,0.7,75,0,0.64,0.5,1,1,0,0,0
medium,15,Random Forest,0.4,0.6,9,0,0.44,0.52,0,1,1,0,1
medium,15,Random Forest,0.4,0.6,47,0,0.42,0.5,0,1,1,0,1
medium,15,XGBoost,0.2,0.8,88,0,0.2595742642879486,0.18091560900211334,0,0,0,0,0
medium,15,XGBoost,0.2,0.8,9,0,0.7340466976165771,0.6709850430488586,1,1,0,0,0
medium,15,XGBoost,0.2,0.8,72,0,0.20034120976924896,0.6221944093704224,0,1,1,0,1
medium,15,XGBoost,0.2,0.8,153,1,0.766409158706665,0.9540352821350098,1,1,0,0,0
medium,15,XGBoost,0.2,0.8,68,0,0.77230304479599,0.26845020055770874,1,0,1,1,0
medium,15,XGBoost,0.2,0.8,87,0,0.5298803448677063,0.5225513577461243,1,1,0,0,0
medium,15,XGBoost,0.2,0.8,44,0,0.43029192090034485,0.46812212467193604,0,0,0,0,0
medium,15,XGBoost,0.2,0.8,47,0,0.5835497379302979,0.7366835474967957,1,1,0,0,0
medium,15,XGBoost,0.2,0.8,75,0,0.7402417659759521,0.5535876154899597,1,1,0,0,0
medium,15,XGBoost,0.3,0.7,87,0,0.5298803448677063,0.5225513577461243,1,1,0,0,0
medium,15,XGBoost,0.3,0.7,44,0,0.43029192090034485,0.46812212467193604,0,0,0,0,0
medium,15,XGBoost,0.3,0.7,47,0,0.5835497379302979,0.7366835474967957,1,1,0,0,0
medium,15,XGBoost,0.4,0.6,87,0,0.5298803448677063,0.5225513577461243,1,1,0,0,0
medium,15,XGBoost,0.4,0.6,44,0,0.43029192090034485,0.46812212467193604,0,0,0,0,0
medium,15,XGBoost,0.4,0.6,47,0,0.5835497379302979,0.7366835474967957,1,1,0,0,0
medium,16,Logistic Regression,0.2,0.8,12,0,0.2447789881457528,0.055045205659940914,0,0,0,0,0
medium,16,Logistic Regression,0.2,0.8,159,1,0.4119464881137936,0.7434011019508856,0,1,1,1,0
medium,16,Logistic Regression,0.2,0.8,82,0,0.29018879031558725,0.4615806829300205,0,0,0,0,0
medium,16,Logistic Regression,0.2,0.8,151,1,0.47522075473242237,0.15132700941175223,0,0,0,0,0
medium,16,Logistic Regression,0.2,0.8,11,0,0.26639082572228245,0.05678067705249181,0,0,0,0,0
medium,16,Logistic Regression,0.2,0.8,152,1,0.7982605952622895,0.49463598076579907,1,0,1,0,1
medium,16,Logistic Regression,0.2,0.8,180,1,0.5677348947351863,0.5680087624997662,1,1,0,0,0
medium,16,Logistic Regression,0.2,0.8,54,0,0.370019319256923,0.013407958745997059,0,0,0,0,0
medium,16,Logistic Regression,0.2,0.8,50,0,0.4222119195754923,0.5118881488114939,0,1,1,0,1
medium,16,Logistic Regression,0.2,0.8,10,0,0.28972671659422333,0.4684728105007085,0,0,0,0,0
medium,16,Logistic Regression,0.2,0.8,71,0,0.2141949735612208,0.03740474544623197,0,0,0,0,0
medium,16,Logistic Regression,0.2,0.8,134,1,0.48310272251200637,0.9938041040027323,0,1,1,1,0
medium,16,Logistic Regression,0.2,0.8,142,1,0.7373949436947826,0.939080003527677,1,1,0,0,0
medium,16,Logistic Regression,0.2,0.8,85,0,0.32580417030491665,0.17203487952753607,0,0,0,0,0
medium,16,Logistic Regression,0.2,0.8,197,1,0.6038503929468901,0.990136827251133,1,1,0,0,0
medium,16,Logistic Regression,0.2,0.8,56,0,0.5517687922422922,0.44658311466687617,1,0,1,1,0
medium,16,Logistic Regression,0.2,0.8,140,1,0.6153685569734612,0.18501332865985415,1,0,1,0,1
medium,16,Logistic Regression,0.2,0.8,163,1,0.6450406418104532,0.485205028049051,1,0,1,0,1
medium,16,Logistic Regression,0.2,0.8,52,0,0.23517229300609208,0.00550293632738213,0,0,0,0,0
medium,16,Logistic Regression,0.2,0.8,76,0,0.7538242767526442,0.9047661491630858,1,1,0,0,0
medium,16,Logistic Regression,0.2,0.8,91,0,0.2346262575900278,0.012961365941911204,0,0,0,0,0
medium,16,Logistic Regression,0.2,0.8,116,1,0.7347351339497439,0.7172673461075624,1,1,0,0,0
medium,16,Logistic Regression,0.2,0.8,183,1,0.38011784613117006,0.8809237627832396,0,1,1,1,0
medium,16,Logistic Regression,0.2,0.8,173,1,0.4357855202913787,0.9041894724531563,0,1,1,1,0
medium,16,Logistic Regression,0.2,0.8,181,1,0.4887876017459672,0.9903429763226761,0,1,1,1,0
medium,16,Logistic Regression,0.2,0.8,8,0,0.3215894854295348,0.027860921903090582,0,0,0,0,0
medium,16,Logistic Regression,0.2,0.8,121,1,0.648227708907694,0.0820165553628692,1,0,1,0,1
medium,16,Logistic Regression,0.2,0.8,55,0,0.24652822889114046,0.8474795902405992,0,1,1,0,1
medium,16,Logistic Regression,0.3,0.7,159,1,0.4119464881137936,0.7434011019508856,0,1,1,1,0
medium,16,Logistic Regression,0.3,0.7,151,1,0.47522075473242237,0.15132700941175223,0,0,0,0,0
medium,16,Logistic Regression,0.3,0.7,180,1,0.5677348947351863,0.5680087624997662,1,1,0,0,0
medium,16,Logistic Regression,0.3,0.7,54,0,0.370019319256923,0.013407958745997059,0,0,0,0,0
medium,16,Logistic Regression,0.3,0.7,50,0,0.4222119195754923,0.5118881488114939,0,1,1,0,1
medium,16,Logistic Regression,0.3,0.7,134,1,0.48310272251200637,0.9938041040027323,0,1,1,1,0
medium,16,Logistic Regression,0.3,0.7,85,0,0.32580417030491665,0.17203487952753607,0,0,0,0,0
medium,16,Logistic Regression,0.3,0.7,197,1,0.6038503929468901,0.990136827251133,1,1,0,0,0
medium,16,Logistic Regression,0.3,0.7,56,0,0.5517687922422922,0.44658311466687617,1,0,1,1,0
medium,16,Logistic Regression,0.3,0.7,140,1,0.6153685569734612,0.18501332865985415,1,0,1,0,1
medium,16,Logistic Regression,0.3,0.7,163,1,0.6450406418104532,0.485205028049051,1,0,1,0,1
medium,16,Logistic Regression,0.3,0.7,183,1,0.38011784613117006,0.8809237627832396,0,1,1,1,0
medium,16,Logistic Regression,0.3,0.7,173,1,0.4357855202913787,0.9041894724531563,0,1,1,1,0
medium,16,Logistic Regression,0.3,0.7,181,1,0.4887876017459672,0.9903429763226761,0,1,1,1,0
medium,16,Logistic Regression,0.3,0.7,8,0,0.3215894854295348,0.027860921903090582,0,0,0,0,0
medium,16,Logistic Regression,0.3,0.7,121,1,0.648227708907694,0.0820165553628692,1,0,1,0,1
medium,16,Logistic Regression,0.4,0.6,159,1,0.4119464881137936,0.7434011019508856,0,1,1,1,0
medium,16,Logistic Regression,0.4,0.6,151,1,0.47522075473242237,0.15132700941175223,0,0,0,0,0
medium,16,Logistic Regression,0.4,0.6,180,1,0.5677348947351863,0.5680087624997662,1,1,0,0,0
medium,16,Logistic Regression,0.4,0.6,50,0,0.4222119195754923,0.5118881488114939,0,1,1,0,1
medium,16,Logistic Regression,0.4,0.6,134,1,0.48310272251200637,0.9938041040027323,0,1,1,1,0
medium,16,Logistic Regression,0.4,0.6,56,0,0.5517687922422922,0.44658311466687617,1,0,1,1,0
medium,16,Logistic Regression,0.4,0.6,173,1,0.4357855202913787,0.9041894724531563,0,1,1,1,0
medium,16,Logistic Regression,0.4,0.6,181,1,0.4887876017459672,0.9903429763226761,0,1,1,1,0
medium,16,Random Forest,0.2,0.8,188,1,0.78,0.73,1,1,0,0,0
medium,16,Random Forest,0.2,0.8,12,0,0.25,0.16,0,0,0,0,0
medium,16,Random Forest,0.2,0.8,159,1,0.63,0.63,1,1,0,0,0
medium,16,Random Forest,0.2,0.8,59,0,0.24,0.22,0,0,0,0,0
medium,16,Random Forest,0.2,0.8,51,0,0.23,0.22,0,0,0,0,0
medium,16,Random Forest,0.2,0.8,177,1,0.56,0.5,1,1,0,0,0
medium,16,Random Forest,0.2,0.8,54,0,0.28,0.22,0,0,0,0,0
medium,16,Random Forest,0.2,0.8,87,0,0.42,0.42,0,0,0,0,0
medium,16,Random Forest,0.2,0.8,134,1,0.6,0.81,1,1,0,0,0
medium,16,Random Forest,0.2,0.8,170,1,0.65,0.6,1,1,0,0,0
medium,16,Random Forest,0.2,0.8,56,0,0.48,0.35,0,0,0,0,0
medium,16,Random Forest,0.2,0.8,140,1,0.48,0.55,0,1,1,1,0
medium,16,Random Forest,0.2,0.8,74,0,0.24,0.39,0,0,0,0,0
medium,16,Random Forest,0.2,0.8,133,1,0.71,0.81,1,1,0,0,0
medium,16,Random Forest,0.2,0.8,52,0,0.21,0.21,0,0,0,0,0
medium,16,Random Forest,0.2,0.8,91,0,0.45,0.39,0,0,0,0,0
medium,16,Random Forest,0.2,0.8,183,1,0.48,0.71,0,1,1,1,0
medium,16,Random Forest,0.2,0.8,19,0,0.21,0.13,0,0,0,0,0
medium,16,Random Forest,0.2,0.8,173,1,0.72,0.81,1,1,0,0,0
medium,16,Random Forest,0.2,0.8,181,1,0.75,0.85,1,1,0,0,0
medium,16,Random Forest,0.2,0.8,8,0,0.25,0.26,0,0,0,0,0
medium,16,Random Forest,0.2,0.8,109,1,0.48,0.61,0,1,1,1,0
medium,16,Random Forest,0.2,0.8,121,1,0.77,0.56,1,1,0,0,0
medium,16,Random Forest,0.2,0.8,55,0,0.28,0.35,0,0,0,0,0
medium,16,Random Forest,0.3,0.7,159,1,0.63,0.63,1,1,0,0,0
medium,16,Random Forest,0.3,0.7,177,1,0.56,0.5,1,1,0,0,0
medium,16,Random Forest,0.3,0.7,87,0,0.42,0.42,0,0,0,0,0
medium,16,Random Forest,0.3,0.7,134,1,0.6,0.81,1,1,0,0,0
medium,16,Random Forest,0.3,0.7,170,1,0.65,0.6,1,1,0,0,0
medium,16,Random Forest,0.3,0.7,56,0,0.48,0.35,0,0,0,0,0
medium,16,Random Forest,0.3,0.7,140,1,0.48,0.55,0,1,1,1,0
medium,16,Random Forest,0.3,0.7,91,0,0.45,0.39,0,0,0,0,0
medium,16,Random Forest,0.3,0.7,183,1,0.48,0.71,0,1,1,1,0
medium,16,Random Forest,0.3,0.7,109,1,0.48,0.61,0,1,1,1,0
medium,16,Random Forest,0.4,0.6,177,1,0.56,0.5,1,1,0,0,0
medium,16,Random Forest,0.4,0.6,87,0,0.42,0.42,0,0,0,0,0
medium,16,Random Forest,0.4,0.6,56,0,0.48,0.35,0,0,0,0,0
medium,16,Random Forest,0.4,0.6,140,1,0.48,0.55,0,1,1,1,0
medium,16,Random Forest,0.4,0.6,91,0,0.45,0.39,0,0,0,0,0
medium,16,Random Forest,0.4,0.6,183,1,0.48,0.71,0,1,1,1,0
medium,16,Random Forest,0.4,0.6,109,1,0.48,0.61,0,1,1,1,0
medium,16,XGBoost,0.2,0.8,159,1,0.6488697528839111,0.7702099680900574,1,1,0,0,0
medium,16,XGBoost,0.2,0.8,177,1,0.5325568914413452,0.38791751861572266,1,0,1,0,1
medium,16,XGBoost,0.2,0.8,87,0,0.5326781272888184,0.43678027391433716,1,0,1,1,0
medium,16,XGBoost,0.2,0.8,134,1,0.6045730710029602,0.9167190194129944,1,1,0,0,0
medium,16,XGBoost,0.2,0.8,170,1,0.3715742528438568,0.4597923159599304,0,0,0,0,0
medium,16,XGBoost,0.2,0.8,56,0,0.33287709951400757,0.38357439637184143,0,0,0,0,0
medium,16,XGBoost,0.2,0.8,140,1,0.6712780594825745,0.6711760759353638,1,1,0,0,0
medium,16,XGBoost,0.2,0.8,91,0,0.25969162583351135,0.21965385973453522,0,0,0,0,0
medium,16,XGBoost,0.2,0.8,116,1,0.7723429799079895,0.7924102544784546,1,1,0,0,0
medium,16,XGBoost,0.2,0.8,181,1,0.7947100400924683,0.914709210395813,1,1,0,0,0
medium,16,XGBoost,0.2,0.8,8,0,0.27143630385398865,0.10460677742958069,0,0,0,0,0
medium,16,XGBoost,0.2,0.8,109,1,0.25025713443756104,0.8289301991462708,0,1,1,1,0
medium,16,XGBoost,0.2,0.8,121,1,0.4986538290977478,0.5015601515769958,0,1,1,1,0
medium,16,XGBoost,0.3,0.7,159,1,0.6488697528839111,0.7702099680900574,1,1,0,0,0
medium,16,XGBoost,0.3,0.7,177,1,0.5325568914413452,0.38791751861572266,1,0,1,0,1
medium,16,XGBoost,0.3,0.7,87,0,0.5326781272888184,0.43678027391433716,1,0,1,1,0
medium,16,XGBoost,0.3,0.7,134,1,0.6045730710029602,0.9167190194129944,1,1,0,0,0
medium,16,XGBoost,0.3,0.7,170,1,0.3715742528438568,0.4597923159599304,0,0,0,0,0
medium,16,XGBoost,0.3,0.7,56,0,0.33287709951400757,0.38357439637184143,0,0,0,0,0
medium,16,XGBoost,0.3,0.7,140,1,0.6712780594825745,0.6711760759353638,1,1,0,0,0
medium,16,XGBoost,0.3,0.7,121,1,0.4986538290977478,0.5015601515769958,0,1,1,1,0
medium,16,XGBoost,0.4,0.6,177,1,0.5325568914413452,0.38791751861572266,1,0,1,0,1
medium,16,XGBoost,0.4,0.6,87,0,0.5326781272888184,0.43678027391433716,1,0,1,1,0
medium,16,XGBoost,0.4,0.6,121,1,0.4986538290977478,0.5015601515769958,0,1,1,1,0
medium,17,Logistic Regression,0.2,0.8,44,0,0.3113790498090862,0.05752052853511181,0,0,0,0,0
medium,17,Logistic Regression,0.2,0.8,81,0,0.28475594135430254,0.18484940919902546,0,0,0,0,0
medium,17,Logistic Regression,0.2,0.8,108,1,0.7512950853343132,0.8834331027447306,1,1,0,0,0
medium,17,Logistic Regression,0.2,0.8,197,1,0.6675563916302266,0.9879054350896376,1,1,0,0,0
medium,17,Logistic Regression,0.2,0.8,180,1,0.3947500647924586,0.5268294539542435,0,1,1,1,0
medium,17,Logistic Regression,0.2,0.8,151,1,0.4016797947118277,0.7831370776537954,0,1,1,1,0
medium,17,Logistic Regression,0.2,0.8,172,1,0.5554261984565206,0.7487719042103136,1,1,0,0,0
medium,17,Logistic Regression,0.2,0.8,49,0,0.30762307688702367,0.07844263194444302,0,0,0,0,0
medium,17,Logistic Regression,0.2,0.8,20,0,0.4575007036748006,0.5099699313189758,0,1,1,0,1
medium,17,Logistic Regression,0.2,0.8,63,0,0.24263516444095032,0.11148101100189299,0,0,0,0,0
medium,17,Logistic Regression,0.2,0.8,29,0,0.6593833802765888,0.1129076902423398,1,0,1,1,0
medium,17,Logistic Regression,0.2,0.8,141,1,0.2058820492299444,0.11404719690070302,0,0,0,0,0
medium,17,Logistic Regression,0.2,0.8,76,0,0.49832306771289,0.3476396053883191,0,0,0,0,0
medium,17,Logistic Regression,0.2,0.8,193,1,0.6254230145951891,0.6144383067147076,1,1,0,0,0
medium,17,Logistic Regression,0.2,0.8,41,0,0.20391423960145036,0.33292067127304,0,0,0,0,0
medium,17,Logistic Regression,0.2,0.8,112,1,0.7880066874964753,0.7003777075764865,1,1,0,0,0
medium,17,Logistic Regression,0.2,0.8,119,1,0.5836128151226786,0.5452212822757291,1,1,0,0,0
medium,17,Logistic Regression,0.2,0.8,159,1,0.34793721652477055,0.8630795634639888,0,1,1,1,0
medium,17,Logistic Regression,0.2,0.8,117,1,0.719309577290855,0.7428860549810078,1,1,0,0,0
medium,17,Logistic Regression,0.2,0.8,173,1,0.7161947564611015,0.9513678860586076,1,1,0,0,0
medium,17,Logistic Regression,0.2,0.8,8,0,0.35750104893912915,0.15699097215312027,0,0,0,0,0
medium,17,Logistic Regression,0.2,0.8,30,0,0.35193551906072507,0.3431086824863287,0,0,0,0,0
medium,17,Logistic Regression,0.2,0.8,56,0,0.5476904552306661,0.08891195404192742,1,0,1,1,0
medium,17,Logistic Regression,0.3,0.7,44,0,0.3113790498090862,0.05752052853511181,0,0,0,0,0
medium,17,Logistic Regression,0.3,0.7,197,1,0.6675563916302266,0.9879054350896376,1,1,0,0,0
medium,17,Logistic Regression,0.3,0.7,180,1,0.3947500647924586,0.5268294539542435,0,1,1,1,0
medium,17,Logistic Regression,0.3,0.7,151,1,0.4016797947118277,0.7831370776537954,0,1,1,1,0
medium,17,Logistic Regression,0.3,0.7,172,1,0.5554261984565206,0.7487719042103136,1,1,0,0,0
medium,17,Logistic Regression,0.3,0.7,49,0,0.30762307688702367,0.07844263194444302,0,0,0,0,0
medium,17,Logistic Regression,0.3,0.7,20,0,0.4575007036748006,0.5099699313189758,0,1,1,0,1
medium,17,Logistic Regression,0.3,0.7,29,0,0.6593833802765888,0.1129076902423398,1,0,1,1,0
medium,17,Logistic Regression,0.3,0.7,76,0,0.49832306771289,0.3476396053883191,0,0,0,0,0
medium,17,Logistic Regression,0.3,0.7,193,1,0.6254230145951891,0.6144383067147076,1,1,0,0,0
medium,17,Logistic Regression,0.3,0.7,119,1,0.5836128151226786,0.5452212822757291,1,1,0,0,0
medium,17,Logistic Regression,0.3,0.7,159,1,0.34793721652477055,0.8630795634639888,0,1,1,1,0
medium,17,Logistic Regression,0.3,0.7,8,0,0.35750104893912915,0.15699097215312027,0,0,0,0,0
medium,17,Logistic Regression,0.3,0.7,30,0,0.35193551906072507,0.3431086824863287,0,0,0,0,0
medium,17,Logistic Regression,0.3,0.7,56,0,0.5476904552306661,0.08891195404192742,1,0,1,1,0
medium,17,Logistic Regression,0.4,0.6,151,1,0.4016797947118277,0.7831370776537954,0,1,1,1,0
medium,17,Logistic Regression,0.4,0.6,172,1,0.5554261984565206,0.7487719042103136,1,1,0,0,0
medium,17,Logistic Regression,0.4,0.6,20,0,0.4575007036748006,0.5099699313189758,0,1,1,0,1
medium,17,Logistic Regression,0.4,0.6,76,0,0.49832306771289,0.3476396053883191,0,0,0,0,0
medium,17,Logistic Regression,0.4,0.6,119,1,0.5836128151226786,0.5452212822757291,1,1,0,0,0
medium,17,Logistic Regression,0.4,0.6,56,0,0.5476904552306661,0.08891195404192742,1,0,1,1,0
medium,17,Random Forest,0.2,0.8,44,0,0.43,0.45,0,0,0,0,0
medium,17,Random Forest,0.2,0.8,6,0,0.31,0.38,0,0,0,0,0
medium,17,Random Forest,0.2,0.8,107,1,0.7,0.66,1,1,0,0,0
medium,17,Random Forest,0.2,0.8,78,0,0.33,0.38,0,0,0,0,0
medium,17,Random Forest,0.2,0.8,97,0,0.27,0.22,0,0,0,0,0
medium,17,Random Forest,0.2,0.8,125,1,0.78,0.8,1,1,0,0,0
medium,17,Random Forest,0.2,0.8,172,1,0.75,0.66,1,1,0,0,0
medium,17,Random Forest,0.2,0.8,20,0,0.28,0.44,0,0,0,0,0
medium,17,Random Forest,0.2,0.8,87,0,0.3,0.46,0,0,0,0,0
medium,17,Random Forest,0.2,0.8,43,0,0.26,0.31,0,0,0,0,0
medium,17,Random Forest,0.2,0.8,63,0,0.23,0.24,0,0,0,0,0
medium,17,Random Forest,0.2,0.8,5,0,0.35,0.38,0,0,0,0,0
medium,17,Random Forest,0.2,0.8,141,1,0.64,0.6,1,1,0,0,0
medium,17,Random Forest,0.2,0.8,41,0,0.33,0.33,0,0,0,0,0
medium,17,Random Forest,0.2,0.8,119,1,0.7,0.56,1,1,0,0,0
medium,17,Random Forest,0.2,0.8,159,1,0.66,0.69,1,1,0,0,0
medium,17,Random Forest,0.2,0.8,162,1,0.76,0.86,1,1,0,0,0
medium,17,Random Forest,0.2,0.8,47,0,0.42,0.52,0,1,1,0,1
medium,17,Random Forest,0.2,0.8,64,0,0.29,0.24,0,0,0,0,0
medium,17,Random Forest,0.2,0.8,173,1,0.7,0.7,1,1,0,0,0
medium,17,Random Forest,0.2,0.8,199,1,0.71,0.79,1,1,0,0,0
medium,17,Random Forest,0.2,0.8,56,0,0.4,0.43,0,0,0,0,0
medium,17,Random Forest,0.3,0.7,44,0,0.43,0.45,0,0,0,0,0
medium,17,Random Forest,0.3,0.7,6,0,0.31,0.38,0,0,0,0,0
medium,17,Random Forest,0.3,0.7,78,0,0.33,0.38,0,0,0,0,0
medium,17,Random Forest,0.3,0.7,5,0,0.35,0.38,0,0,0,0,0
medium,17,Random Forest,0.3,0.7,141,1,0.64,0.6,1,1,0,0,0
medium,17,Random Forest,0.3,0.7,41,0,0.33,0.33,0,0,0,0,0
medium,17,Random Forest,0.3,0.7,159,1,0.66,0.69,1,1,0,0,0
medium,17,Random Forest,0.3,0.7,47,0,0.42,0.52,0,1,1,0,1
medium,17,Random Forest,0.3,0.7,56,0,0.4,0.43,0,0,0,0,0
medium,17,Random Forest,0.4,0.6,44,0,0.43,0.45,0,0,0,0,0
medium,17,Random Forest,0.4,0.6,47,0,0.42,0.52,0,1,1,0,1
medium,17,XGBoost,0.2,0.8,44,0,0.5021692514419556,0.5367805361747742,1,1,0,0,0
medium,17,XGBoost,0.2,0.8,125,1,0.7912936806678772,0.8889219760894775,1,1,0,0,0
medium,17,XGBoost,0.2,0.8,180,1,0.6748685240745544,0.871936023235321,1,1,0,0,0
medium,17,XGBoost,0.2,0.8,87,0,0.32397255301475525,0.4686792492866516,0,0,0,0,0
medium,17,XGBoost,0.2,0.8,43,0,0.22306165099143982,0.11703220009803772,0,0,0,0,0
medium,17,XGBoost,0.2,0.8,63,0,0.3507523238658905,0.1159549281001091,0,0,0,0,0
medium,17,XGBoost,0.2,0.8,141,1,0.7917980551719666,0.6653932929039001,1,1,0,0,0
medium,17,XGBoost,0.2,0.8,195,1,0.7713087797164917,0.95497727394104,1,1,0,0,0
medium,17,XGBoost,0.2,0.8,119,1,0.34389010071754456,0.5329964756965637,0,1,1,1,0
medium,17,XGBoost,0.2,0.8,159,1,0.6012647747993469,0.8150753378868103,1,1,0,0,0
medium,17,XGBoost,0.2,0.8,47,0,0.6506952047348022,0.7151212096214294,1,1,0,0,0
medium,17,XGBoost,0.2,0.8,173,1,0.7840136289596558,0.7918679714202881,1,1,0,0,0
medium,17,XGBoost,0.2,0.8,56,0,0.45876580476760864,0.392300546169281,0,0,0,0,0
medium,17,XGBoost,0.3,0.7,44,0,0.5021692514419556,0.5367805361747742,1,1,0,0,0
medium,17,XGBoost,0.3,0.7,180,1,0.6748685240745544,0.871936023235321,1,1,0,0,0
medium,17,XGBoost,0.3,0.7,87,0,0.32397255301475525,0.4686792492866516,0,0,0,0,0
medium,17,XGBoost,0.3,0.7,63,0,0.3507523238658905,0.1159549281001091,0,0,0,0,0
medium,17,XGBoost,0.3,0.7,119,1,0.34389010071754456,0.5329964756965637,0,1,1,1,0
medium,17,XGBoost,0.3,0.7,159,1,0.6012647747993469,0.8150753378868103,1,1,0,0,0
medium,17,XGBoost,0.3,0.7,47,0,0.6506952047348022,0.7151212096214294,1,1,0,0,0
medium,17,XGBoost,0.3,0.7,56,0,0.45876580476760864,0.392300546169281,0,0,0,0,0
medium,17,XGBoost,0.4,0.6,44,0,0.5021692514419556,0.5367805361747742,1,1,0,0,0
medium,17,XGBoost,0.4,0.6,56,0,0.45876580476760864,0.392300546169281,0,0,0,0,0
medium,18,Logistic Regression,0.2,0.8,171,1,0.6031501517017631,0.06575804637731417,1,0,1,0,1
medium,18,Logistic Regression,0.2,0.8,64,0,0.2321690098686101,0.027005933372422092,0,0,0,0,0
medium,18,Logistic Regression,0.2,0.8,117,1,0.7166556443875773,0.9816498772231802,1,1,0,0,0
medium,18,Logistic Regression,0.2,0.8,39,0,0.2908821877081078,0.058489160423915,0,0,0,0,0
medium,18,Logistic Regression,0.2,0.8,191,1,0.6001226201188933,0.9421720934655045,1,1,0,0,0
medium,18,Logistic Regression,0.2,0.8,69,0,0.48625913584879127,0.9624853887141847,0,1,1,0,1
medium,18,Logistic Regression,0.2,0.8,157,1,0.7954951787793868,0.5270811674848549,1,1,0,0,0
medium,18,Logistic Regression,0.2,0.8,67,0,0.2456059975653159,0.02219156177856152,0,0,0,0,0
medium,18,Logistic Regression,0.2,0.8,53,0,0.303283747661913,0.033131719809534325,0,0,0,0,0
medium,18,Logistic Regression,0.2,0.8,121,1,0.4888098728111936,0.1472409193075219,0,0,0,0,0
medium,18,Logistic Regression,0.2,0.8,76,0,0.5939973763389069,0.3167672800831876,1,0,1,1,0
medium,18,Logistic Regression,0.2,0.8,145,1,0.4643890292115833,0.01755872731469283,0,0,0,0,0
medium,18,Logistic Regression,0.2,0.8,122,1,0.5542897616066373,0.9995837769417563,1,1,0,0,0
medium,18,Logistic Regression,0.2,0.8,84,0,0.5830594259665672,0.23354977329609852,1,0,1,1,0
medium,18,Logistic Regression,0.2,0.8,55,0,0.20337828650634787,0.4430360562469068,0,0,0,0,0
medium,18,Logistic Regression,0.2,0.8,97,0,0.7963251574439919,0.6120988851746346,1,1,0,0,0
medium,18,Logistic Regression,0.2,0.8,196,1,0.5821084020727672,0.7977805444017879,1,1,0,0,0
medium,18,Logistic Regression,0.2,0.8,70,0,0.45860521460027015,0.3028819914023174,0,0,0,0,0
medium,18,Logistic Regression,0.2,0.8,180,1,0.7645589687284662,0.8503578535553296,1,1,0,0,0
medium,18,Logistic Regression,0.2,0.8,66,0,0.7796399607462813,0.9635829579557924,1,1,0,0,0
medium,18,Logistic Regression,0.2,0.8,181,1,0.32412579015745224,0.9961601211388099,0,1,1,1,0
medium,18,Logistic Regression,0.2,0.8,20,0,0.783164664432849,0.9219288765025708,1,1,0,0,0
medium,18,Logistic Regression,0.2,0.8,8,0,0.7252346550574905,0.07205226007090972,1,0,1,1,0
medium,18,Logistic Regression,0.2,0.8,29,0,0.5536789575861996,0.005985538746010099,1,0,1,1,0
medium,18,Logistic Regression,0.2,0.8,41,0,0.43058934008838917,0.7445362128775908,0,1,1,0,1
medium,18,Logistic Regression,0.3,0.7,171,1,0.6031501517017631,0.06575804637731417,1,0,1,0,1
medium,18,Logistic Regression,0.3,0.7,191,1,0.6001226201188933,0.9421720934655045,1,1,0,0,0
medium,18,Logistic Regression,0.3,0.7,69,0,0.48625913584879127,0.9624853887141847,0,1,1,0,1
medium,18,Logistic Regression,0.3,0.7,53,0,0.303283747661913,0.033131719809534325,0,0,0,0,0
medium,18,Logistic Regression,0.3,0.7,121,1,0.4888098728111936,0.1472409193075219,0,0,0,0,0
medium,18,Logistic Regression,0.3,0.7,76,0,0.5939973763389069,0.3167672800831876,1,0,1,1,0
medium,18,Logistic Regression,0.3,0.7,145,1,0.4643890292115833,0.01755872731469283,0,0,0,0,0
medium,18,Logistic Regression,0.3,0.7,122,1,0.5542897616066373,0.9995837769417563,1,1,0,0,0
medium,18,Logistic Regression,0.3,0.7,84,0,0.5830594259665672,0.23354977329609852,1,0,1,1,0
medium,18,Logistic Regression,0.3,0.7,196,1,0.5821084020727672,0.7977805444017879,1,1,0,0,0
medium,18,Logistic Regression,0.3,0.7,70,0,0.45860521460027015,0.3028819914023174,0,0,0,0,0
medium,18,Logistic Regression,0.3,0.7,181,1,0.32412579015745224,0.9961601211388099,0,1,1,1,0
medium,18,Logistic Regression,0.3,0.7,29,0,0.5536789575861996,0.005985538746010099,1,0,1,1,0
medium,18,Logistic Regression,0.3,0.7,41,0,0.43058934008838917,0.7445362128775908,0,1,1,0,1
medium,18,Logistic Regression,0.4,0.6,69,0,0.48625913584879127,0.9624853887141847,0,1,1,0,1
medium,18,Logistic Regression,0.4,0.6,121,1,0.4888098728111936,0.1472409193075219,0,0,0,0,0
medium,18,Logistic Regression,0.4,0.6,76,0,0.5939973763389069,0.3167672800831876,1,0,1,1,0
medium,18,Logistic Regression,0.4,0.6,145,1,0.4643890292115833,0.01755872731469283,0,0,0,0,0
medium,18,Logistic Regression,0.4,0.6,122,1,0.5542897616066373,0.9995837769417563,1,1,0,0,0
medium,18,Logistic Regression,0.4,0.6,84,0,0.5830594259665672,0.23354977329609852,1,0,1,1,0
medium,18,Logistic Regression,0.4,0.6,196,1,0.5821084020727672,0.7977805444017879,1,1,0,0,0
medium,18,Logistic Regression,0.4,0.6,70,0,0.45860521460027015,0.3028819914023174,0,0,0,0,0
medium,18,Logistic Regression,0.4,0.6,29,0,0.5536789575861996,0.005985538746010099,1,0,1,1,0
medium,18,Logistic Regression,0.4,0.6,41,0,0.43058934008838917,0.7445362128775908,0,1,1,0,1
medium,18,Random Forest,0.2,0.8,28,0,0.22,0.21,0,0,0,0,0
medium,18,Random Forest,0.2,0.8,60,0,0.39,0.41,0,0,0,0,0
medium,18,Random Forest,0.2,0.8,171,1,0.76,0.63,1,1,0,0,0
medium,18,Random Forest,0.2,0.8,143,1,0.77,0.7,1,1,0,0,0
medium,18,Random Forest,0.2,0.8,153,1,0.6,0.75,1,1,0,0,0
medium,18,Random Forest,0.2,0.8,64,0,0.38,0.3,0,0,0,0,0
medium,18,Random Forest,0.2,0.8,117,1,0.78,0.88,1,1,0,0,0
medium,18,Random Forest,0.2,0.8,144,1,0.73,0.68,1,1,0,0,0
medium,18,Random Forest,0.2,0.8,67,0,0.28,0.22,0,0,0,0,0
medium,18,Random Forest,0.2,0.8,53,0,0.27,0.17,0,0,0,0,0
medium,18,Random Forest,0.2,0.8,121,1,0.65,0.51,1,1,0,0,0
medium,18,Random Forest,0.2,0.8,6,0,0.32,0.36,0,0,0,0,0
medium,18,Random Forest,0.2,0.8,78,0,0.33,0.31,0,0,0,0,0
medium,18,Random Forest,0.2,0.8,133,1,0.74,0.77,1,1,0,0,0
medium,18,Random Forest,0.2,0.8,122,1,0.69,0.8,1,1,0,0,0
medium,18,Random Forest,0.2,0.8,84,0,0.53,0.64,1,1,0,0,0
medium,18,Random Forest,0.2,0.8,55,0,0.32,0.19,0,0,0,0,0
medium,18,Random Forest,0.2,0.8,177,1,0.57,0.47,1,0,1,0,1
medium,18,Random Forest,0.2,0.8,196,1,0.68,0.8,1,1,0,0,0
medium,18,Random Forest,0.2,0.8,66,0,0.52,0.61,1,1,0,0,0
medium,18,Random Forest,0.2,0.8,181,1,0.71,0.8,1,1,0,0,0
medium,18,Random Forest,0.2,0.8,170,1,0.77,0.5,1,1,0,0,0
medium,18,Random Forest,0.2,0.8,131,1,0.71,0.7,1,1,0,0,0
medium,18,Random Forest,0.2,0.8,20,0,0.32,0.39,0,0,0,0,0
medium,18,Random Forest,0.2,0.8,109,1,0.54,0.69,1,1,0,0,0
medium,18,Random Forest,0.2,0.8,41,0,0.22,0.37,0,0,0,0,0
medium,18,Random Forest,0.3,0.7,60,0,0.39,0.41,0,0,0,0,0
medium,18,Random Forest,0.3,0.7,153,1,0.6,0.75,1,1,0,0,0
medium,18,Random Forest,0.3,0.7,64,0,0.38,0.3,0,0,0,0,0
medium,18,Random Forest,0.3,0.7,121,1,0.65,0.51,1,1,0,0,0
medium,18,Random Forest,0.3,0.7,6,0,0.32,0.36,0,0,0,0,0
medium,18,Random Forest,0.3,0.7,78,0,0.33,0.31,0,0,0,0,0
medium,18,Random Forest,0.3,0.7,122,1,0.69,0.8,1,1,0,0,0
medium,18,Random Forest,0.3,0.7,84,0,0.53,0.64,1,1,0,0,0
medium,18,Random Forest,0.3,0.7,55,0,0.32,0.19,0,0,0,0,0
medium,18,Random Forest,0.3,0.7,177,1,0.57,0.47,1,0,1,0,1
medium,18,Random Forest,0.3,0.7,196,1,0.68,0.8,1,1,0,0,0
medium,18,Random Forest,0.3,0.7,66,0,0.52,0.61,1,1,0,0,0
medium,18,Random Forest,0.3,0.7,20,0,0.32,0.39,0,0,0,0,0
medium,18,Random Forest,0.3,0.7,109,1,0.54,0.69,1,1,0,0,0
medium,18,Random Forest,0.4,0.6,84,0,0.53,0.64,1,1,0,0,0
medium,18,Random Forest,0.4,0.6,177,1,0.57,0.47,1,0,1,0,1
medium,18,Random Forest,0.4,0.6,66,0,0.52,0.61,1,1,0,0,0
medium,18,Random Forest,0.4,0.6,109,1,0.54,0.69,1,1,0,0,0
medium,18,XGBoost,0.2,0.8,60,0,0.5010939836502075,0.7165486812591553,1,1,0,0,0
medium,18,XGBoost,0.2,0.8,153,1,0.6793946623802185,0.928730845451355,1,1,0,0,0
medium,18,XGBoost,0.2,0.8,64,0,0.46059274673461914,0.104885533452034,0,0,0,0,0
medium,18,XGBoost,0.2,0.8,67,0,0.26723459362983704,0.026982871815562248,0,0,0,0,0
medium,18,XGBoost,0.2,0.8,121,1,0.5901339054107666,0.4395608901977539,1,0,1,0,1
medium,18,XGBoost,0.2,0.8,6,0,0.2304794192314148,0.4121282696723938,0,0,0,0,0
medium,18,XGBoost,0.2,0.8,122,1,0.5178964734077454,0.8919334411621094,1,1,0,0,0
medium,18,XGBoost,0.2,0.8,84,0,0.759745180606842,0.8949736952781677,1,1,0,0,0
medium,18,XGBoost,0.2,0.8,181,1,0.7502971887588501,0.9599629044532776,1,1,0,0,0
medium,18,XGBoost,0.2,0.8,170,1,0.4245511591434479,0.27650752663612366,0,0,0,0,0
medium,18,XGBoost,0.2,0.8,131,1,0.5632330775260925,0.9067558646202087,1,1,0,0,0
medium,18,XGBoost,0.2,0.8,20,0,0.24791881442070007,0.4836057424545288,0,0,0,0,0
medium,18,XGBoost,0.3,0.7,60,0,0.5010939836502075,0.7165486812591553,1,1,0,0,0
medium,18,XGBoost,0.3,0.7,153,1,0.6793946623802185,0.928730845451355,1,1,0,0,0
medium,18,XGBoost,0.3,0.7,64,0,0.46059274673461914,0.104885533452034,0,0,0,0,0
medium,18,XGBoost,0.3,0.7,121,1,0.5901339054107666,0.4395608901977539,1,0,1,0,1
medium,18,XGBoost,0.3,0.7,122,1,0.5178964734077454,0.8919334411621094,1,1,0,0,0
medium,18,XGBoost,0.3,0.7,170,1,0.4245511591434479,0.27650752663612366,0,0,0,0,0
medium,18,XGBoost,0.3,0.7,131,1,0.5632330775260925,0.9067558646202087,1,1,0,0,0
medium,18,XGBoost,0.4,0.6,60,0,0.5010939836502075,0.7165486812591553,1,1,0,0,0
medium,18,XGBoost,0.4,0.6,64,0,0.46059274673461914,0.104885533452034,0,0,0,0,0
medium,18,XGBoost,0.4,0.6,121,1,0.5901339054107666,0.4395608901977539,1,0,1,0,1
medium,18,XGBoost,0.4,0.6,122,1,0.5178964734077454,0.8919334411621094,1,1,0,0,0
medium,18,XGBoost,0.4,0.6,170,1,0.4245511591434479,0.27650752663612366,0,0,0,0,0
medium,18,XGBoost,0.4,0.6,131,1,0.5632330775260925,0.9067558646202087,1,1,0,0,0
medium,19,Logistic Regression,0.2,0.8,9,0,0.6967195015869517,0.735549333077626,1,1,0,0,0
medium,19,Logistic Regression,0.2,0.8,92,0,0.7285506890259423,0.8301298152245368,1,1,0,0,0
medium,19,Logistic Regression,0.2,0.8,150,1,0.6915509625265975,0.9819688193126578,1,1,0,0,0
medium,19,Logistic Regression,0.2,0.8,122,1,0.6243198834749303,0.9989659816311097,1,1,0,0,0
medium,19,Logistic Regression,0.2,0.8,16,0,0.38474996260224975,0.9016895821698423,0,1,1,0,1
medium,19,Logistic Regression,0.2,0.8,197,1,0.6273387598717761,0.991722666664086,1,1,0,0,0
medium,19,Logistic Regression,0.2,0.8,12,0,0.24082499919813968,0.10781274894529669,0,0,0,0,0
medium,19,Logistic Regression,0.2,0.8,173,1,0.5900097691011744,0.9891246344972374,1,1,0,0,0
medium,19,Logistic Regression,0.2,0.8,117,1,0.7937116229262047,0.9599178640821744,1,1,0,0,0
medium,19,Logistic Regression,0.2,0.8,40,0,0.5560485050022465,0.051531358110386526,1,0,1,1,0
medium,19,Logistic Regression,0.2,0.8,141,1,0.20570125198862813,0.38097381838444655,0,0,0,0,0
medium,19,Logistic Regression,0.2,0.8,151,1,0.483688959583057,0.6417249212725101,0,1,1,1,0
medium,19,Logistic Regression,0.2,0.8,183,1,0.4337803832611987,0.8901917791696241,0,1,1,1,0
medium,19,Logistic Regression,0.2,0.8,11,0,0.20747801280974953,0.0627886481691662,0,0,0,0,0
medium,19,Logistic Regression,0.2,0.8,73,0,0.44252255159153026,0.7878655342597022,0,1,1,0,1
medium,19,Logistic Regression,0.2,0.8,66,0,0.7072731416746924,0.9882577241258093,1,1,0,0,0
medium,19,Logistic Regression,0.2,0.8,37,0,0.48427177771888674,0.002599091508445596,0,0,0,0,0
medium,19,Logistic Regression,0.2,0.8,81,0,0.3568332005657086,0.05239475386845158,0,0,0,0,0
medium,19,Logistic Regression,0.2,0.8,181,1,0.6401718989321352,0.9984172598254181,1,1,0,0,0
medium,19,Logistic Regression,0.2,0.8,1,0,0.5360359810091658,0.7108042533054558,1,1,0,0,0
medium,19,Logistic Regression,0.2,0.8,50,0,0.3274353792856457,0.30575044236457044,0,0,0,0,0
medium,19,Logistic Regression,0.2,0.8,56,0,0.5014095759179197,0.4351828562608855,1,0,1,1,0
medium,19,Logistic Regression,0.2,0.8,118,1,0.6104000389408262,0.32835058357530034,1,0,1,0,1
medium,19,Logistic Regression,0.2,0.8,10,0,0.3817458868032217,0.39687316522625504,0,0,0,0,0
medium,19,Logistic Regression,0.2,0.8,134,1,0.7103423276584307,0.9930414645199057,1,1,0,0,0
medium,19,Logistic Regression,0.2,0.8,148,1,0.6204510464428303,0.4682724983766464,1,0,1,0,1
medium,19,Logistic Regression,0.2,0.8,13,0,0.21371753692773196,0.0021414974418159424,0,0,0,0,0
medium,19,Logistic Regression,0.3,0.7,9,0,0.6967195015869517,0.735549333077626,1,1,0,0,0
medium,19,Logistic Regression,0.3,0.7,150,1,0.6915509625265975,0.9819688193126578,1,1,0,0,0
medium,19,Logistic Regression,0.3,0.7,122,1,0.6243198834749303,0.9989659816311097,1,1,0,0,0
medium,19,Logistic Regression,0.3,0.7,16,0,0.38474996260224975,0.9016895821698423,0,1,1,0,1
medium,19,Logistic Regression,0.3,0.7,197,1,0.6273387598717761,0.991722666664086,1,1,0,0,0
medium,19,Logistic Regression,0.3,0.7,173,1,0.5900097691011744,0.9891246344972374,1,1,0,0,0
medium,19,Logistic Regression,0.3,0.7,40,0,0.5560485050022465,0.051531358110386526,1,0,1,1,0
medium,19,Logistic Regression,0.3,0.7,151,1,0.483688959583057,0.6417249212725101,0,1,1,1,0
medium,19,Logistic Regression,0.3,0.7,183,1,0.4337803832611987,0.8901917791696241,0,1,1,1,0
medium,19,Logistic Regression,0.3,0.7,73,0,0.44252255159153026,0.7878655342597022,0,1,1,0,1
medium,19,Logistic Regression,0.3,0.7,37,0,0.48427177771888674,0.002599091508445596,0,0,0,0,0
medium,19,Logistic Regression,0.3,0.7,81,0,0.3568332005657086,0.05239475386845158,0,0,0,0,0
medium,19,Logistic Regression,0.3,0.7,181,1,0.6401718989321352,0.9984172598254181,1,1,0,0,0
medium,19,Logistic Regression,0.3,0.7,1,0,0.5360359810091658,0.7108042533054558,1,1,0,0,0
medium,19,Logistic Regression,0.3,0.7,50,0,0.3274353792856457,0.30575044236457044,0,0,0,0,0
medium,19,Logistic Regression,0.3,0.7,56,0,0.5014095759179197,0.4351828562608855,1,0,1,1,0
medium,19,Logistic Regression,0.3,0.7,118,1,0.6104000389408262,0.32835058357530034,1,0,1,0,1
medium,19,Logistic Regression,0.3,0.7,10,0,0.3817458868032217,0.39687316522625504,0,0,0,0,0
medium,19,Logistic Regression,0.3,0.7,148,1,0.6204510464428303,0.4682724983766464,1,0,1,0,1
medium,19,Logistic Regression,0.4,0.6,173,1,0.5900097691011744,0.9891246344972374,1,1,0,0,0
medium,19,Logistic Regression,0.4,0.6,40,0,0.5560485050022465,0.051531358110386526,1,0,1,1,0
medium,19,Logistic Regression,0.4,0.6,151,1,0.483688959583057,0.6417249212725101,0,1,1,1,0
medium,19,Logistic Regression,0.4,0.6,183,1,0.4337803832611987,0.8901917791696241,0,1,1,1,0
medium,19,Logistic Regression,0.4,0.6,73,0,0.44252255159153026,0.7878655342597022,0,1,1,0,1
medium,19,Logistic Regression,0.4,0.6,37,0,0.48427177771888674,0.002599091508445596,0,0,0,0,0
medium,19,Logistic Regression,0.4,0.6,1,0,0.5360359810091658,0.7108042533054558,1,1,0,0,0
medium,19,Logistic Regression,0.4,0.6,56,0,0.5014095759179197,0.4351828562608855,1,0,1,1,0
medium,19,Random Forest,0.2,0.8,9,0,0.5,0.61,1,1,0,0,0
medium,19,Random Forest,0.2,0.8,187,1,0.77,0.88,1,1,0,0,0
medium,19,Random Forest,0.2,0.8,92,0,0.47,0.45,0,0,0,0,0
medium,19,Random Forest,0.2,0.8,150,1,0.76,0.83,1,1,0,0,0
medium,19,Random Forest,0.2,0.8,122,1,0.77,0.79,1,1,0,0,0
medium,19,Random Forest,0.2,0.8,16,0,0.64,0.6,1,1,0,0,0
medium,19,Random Forest,0.2,0.8,68,0,0.74,0.56,1,1,0,0,0
medium,19,Random Forest,0.2,0.8,197,1,0.78,0.88,1,1,0,0,0
medium,19,Random Forest,0.2,0.8,198,1,0.76,0.56,1,1,0,0,0
medium,19,Random Forest,0.2,0.8,129,1,0.69,0.73,1,1,0,0,0
medium,19,Random Forest,0.2,0.8,173,1,0.77,0.76,1,1,0,0,0
medium,19,Random Forest,0.2,0.8,87,0,0.31,0.34,0,0,0,0,0
medium,19,Random Forest,0.2,0.8,146,1,0.79,0.64,1,1,0,0,0
medium,19,Random Forest,0.2,0.8,141,1,0.73,0.67,1,1,0,0,0
medium,19,Random Forest,0.2,0.8,151,1,0.78,0.76,1,1,0,0,0
medium,19,Random Forest,0.2,0.8,183,1,0.66,0.61,1,1,0,0,0
medium,19,Random Forest,0.2,0.8,78,0,0.34,0.33,0,0,0,0,0
medium,19,Random Forest,0.2,0.8,73,0,0.32,0.25,0,0,0,0,0
medium,19,Random Forest,0.2,0.8,66,0,0.52,0.75,1,1,0,0,0
medium,19,Random Forest,0.2,0.8,37,0,0.59,0.38,1,0,1,1,0
medium,19,Random Forest,0.2,0.8,165,1,0.69,0.7,1,1,0,0,0
medium,19,Random Forest,0.2,0.8,109,1,0.62,0.68,1,1,0,0,0
medium,19,Random Forest,0.2,0.8,199,1,0.68,0.78,1,1,0,0,0
medium,19,Random Forest,0.2,0.8,1,0,0.58,0.52,1,1,0,0,0
medium,19,Random Forest,0.2,0.8,56,0,0.43,0.41,0,0,0,0,0
medium,19,Random Forest,0.2,0.8,143,1,0.73,0.67,1,1,0,0,0
medium,19,Random Forest,0.2,0.8,5,0,0.38,0.45,0,0,0,0,0
medium,19,Random Forest,0.2,0.8,134,1,0.68,0.82,1,1,0,0,0
medium,19,Random Forest,0.2,0.8,148,1,0.79,0.61,1,1,0,0,0
medium,19,Random Forest,0.2,0.8,13,0,0.25,0.17,0,0,0,0,0
medium,19,Random Forest,0.3,0.7,9,0,0.5,0.61,1,1,0,0,0
medium,19,Random Forest,0.3,0.7,92,0,0.47,0.45,0,0,0,0,0
medium,19,Random Forest,0.3,0.7,16,0,0.64,0.6,1,1,0,0,0
medium,19,Random Forest,0.3,0.7,129,1,0.69,0.73,1,1,0,0,0
medium,19,Random Forest,0.3,0.7,87,0,0.31,0.34,0,0,0,0,0
medium,19,Random Forest,0.3,0.7,183,1,0.66,0.61,1,1,0,0,0
medium,19,Random Forest,0.3,0.7,78,0,0.34,0.33,0,0,0,0,0
medium,19,Random Forest,0.3,0.7,73,0,0.32,0.25,0,0,0,0,0
medium,19,Random Forest,0.3,0.7,66,0,0.52,0.75,1,1,0,0,0
medium,19,Random Forest,0.3,0.7,37,0,0.59,0.38,1,0,1,1,0
medium,19,Random Forest,0.3,0.7,165,1,0.69,0.7,1,1,0,0,0
medium,19,Random Forest,0.3,0.7,109,1,0.62,0.68,1,1,0,0,0
medium,19,Random Forest,0.3,0.7,199,1,0.68,0.78,1,1,0,0,0
medium,19,Random Forest,0.3,0.7,1,0,0.58,0.52,1,1,0,0,0
medium,19,Random Forest,0.3,0.7,56,0,0.43,0.41,0,0,0,0,0
medium,19,Random Forest,0.3,0.7,5,0,0.38,0.45,0,0,0,0,0
medium,19,Random Forest,0.3,0.7,134,1,0.68,0.82,1,1,0,0,0
medium,19,Random Forest,0.4,0.6,9,0,0.5,0.61,1,1,0,0,0
medium,19,Random Forest,0.4,0.6,92,0,0.47,0.45,0,0,0,0,0
medium,19,Random Forest,0.4,0.6,66,0,0.52,0.75,1,1,0,0,0
medium,19,Random Forest,0.4,0.6,37,0,0.59,0.38,1,0,1,1,0
medium,19,Random Forest,0.4,0.6,1,0,0.58,0.52,1,1,0,0,0
medium,19,Random Forest,0.4,0.6,56,0,0.43,0.41,0,0,0,0,0
medium,19,XGBoost,0.2,0.8,9,0,0.713547945022583,0.8510932326316833,1,1,0,0,0
medium,19,XGBoost,0.2,0.8,122,1,0.6819698214530945,0.9313713908195496,1,1,0,0,0
medium,19,XGBoost,0.2,0.8,68,0,0.6812112927436829,0.38970619440078735,1,0,1,1,0
medium,19,XGBoost,0.2,0.8,198,1,0.7992714643478394,0.8557360768318176,1,1,0,0,0
medium,19,XGBoost,0.2,0.8,87,0,0.27015382051467896,0.16069969534873962,0,0,0,0,0
medium,19,XGBoost,0.2,0.8,141,1,0.7386462688446045,0.8240349292755127,1,1,0,0,0
medium,19,XGBoost,0.2,0.8,37,0,0.36408641934394836,0.15601806342601776,0,0,0,0,0
medium,19,XGBoost,0.2,0.8,165,1,0.7873080372810364,0.8368290662765503,1,1,0,0,0
medium,19,XGBoost,0.2,0.8,109,1,0.7421618700027466,0.7939960360527039,1,1,0,0,0
medium,19,XGBoost,0.2,0.8,1,0,0.6953524351119995,0.6175190806388855,1,1,0,0,0
medium,19,XGBoost,0.2,0.8,56,0,0.29878517985343933,0.4133586585521698,0,0,0,0,0
medium,19,XGBoost,0.2,0.8,5,0,0.20424123108386993,0.31582510471343994,0,0,0,0,0
medium,19,XGBoost,0.3,0.7,122,1,0.6819698214530945,0.9313713908195496,1,1,0,0,0
medium,19,XGBoost,0.3,0.7,68,0,0.6812112927436829,0.38970619440078735,1,0,1,1,0
medium,19,XGBoost,0.3,0.7,37,0,0.36408641934394836,0.15601806342601776,0,0,0,0,0
medium,19,XGBoost,0.3,0.7,1,0,0.6953524351119995,0.6175190806388855,1,1,0,0,0
medium,20,Logistic Regression,0.2,0.8,191,1,0.4753148360133123,0.9761266690175816,0,1,1,1,0
medium,20,Logistic Regression,0.2,0.8,69,0,0.5017391494511744,0.9389164348669192,1,1,0,0,0
medium,20,Logistic Regression,0.2,0.8,171,1,0.690493214722832,0.1411702343915761,1,0,1,0,1
medium,20,Logistic Regression,0.2,0.8,185,1,0.7625701030503793,0.9408004713575467,1,1,0,0,0
medium,20,Logistic Regression,0.2,0.8,66,0,0.7837908890774608,0.9808080988664948,1,1,0,0,0
medium,20,Logistic Regression,0.2,0.8,64,0,0.3633225612996432,0.07894243337353844,0,0,0,0,0
medium,20,Logistic Regression,0.2,0.8,145,1,0.4792731190489879,0.06140986085885679,0,0,0,0,0
medium,20,Logistic Regression,0.2,0.8,88,0,0.4040731609538367,0.16436611770533593,0,0,0,0,0
medium,20,Logistic Regression,0.2,0.8,2,0,0.5156866120042822,0.01483621313589996,1,0,1,1,0
medium,20,Logistic Regression,0.2,0.8,150,1,0.7010916200055018,0.9981958241435074,1,1,0,0,0
medium,20,Logistic Regression,0.2,0.8,148,1,0.6846964625723991,0.439701002785221,1,0,1,0,1
medium,20,Logistic Regression,0.2,0.8,137,1,0.7708865940525147,0.9576223030260849,1,1,0,0,0
medium,20,Logistic Regression,0.2,0.8,19,0,0.4896016060478955,0.08996268138759109,0,0,0,0,0
medium,20,Logistic Regression,0.2,0.8,158,1,0.38723876369376214,0.8050092825647062,0,1,1,1,0
medium,20,Logistic Regression,0.2,0.8,196,1,0.5772160358910636,0.4559040829361271,1,0,1,0,1
medium,20,Logistic Regression,0.2,0.8,75,0,0.6488539966928657,0.07621875443062129,1,0,1,1,0
medium,20,Logistic Regression,0.2,0.8,161,1,0.6727697212854264,0.8112689403545208,1,1,0,0,0
medium,20,Logistic Regression,0.2,0.8,117,1,0.6480788629615889,0.9039701271197262,1,1,0,0,0
medium,20,Logistic Regression,0.2,0.8,79,0,0.6698708386790372,0.6876693397905209,1,1,0,0,0
medium,20,Logistic Regression,0.2,0.8,95,0,0.20004387264175336,0.016982810583854955,0,0,0,0,0
medium,20,Logistic Regression,0.2,0.8,199,1,0.7763872373261324,0.7651802375715302,1,1,0,0,0
medium,20,Logistic Regression,0.2,0.8,129,1,0.7896350874751094,0.9578654269672031,1,1,0,0,0
medium,20,Logistic Regression,0.2,0.8,181,1,0.4680439945746861,0.9841374238408144,0,1,1,1,0
medium,20,Logistic Regression,0.2,0.8,113,1,0.41317001496874517,0.9655087609830767,0,1,1,1,0
medium,20,Logistic Regression,0.2,0.8,56,0,0.42896721509488084,0.01566131444729061,0,0,0,0,0
medium,20,Logistic Regression,0.2,0.8,134,1,0.6388805612889618,0.9817681710869557,1,1,0,0,0
medium,20,Logistic Regression,0.2,0.8,91,0,0.3413694567236378,0.013797756788032738,0,0,0,0,0
medium,20,Logistic Regression,0.2,0.8,53,0,0.24717192591241915,0.021267353063858293,0,0,0,0,0
medium,20,Logistic Regression,0.2,0.8,126,1,0.7151388341910103,0.964334621344605,1,1,0,0,0
medium,20,Logistic Regression,0.2,0.8,97,0,0.794508828311454,0.7174285656722902,1,1,0,0,0
medium,20,Logistic Regression,0.3,0.7,191,1,0.4753148360133123,0.9761266690175816,0,1,1,1,0
medium,20,Logistic Regression,0.3,0.7,69,0,0.5017391494511744,0.9389164348669192,1,1,0,0,0
medium,20,Logistic Regression,0.3,0.7,171,1,0.690493214722832,0.1411702343915761,1,0,1,0,1
medium,20,Logistic Regression,0.3,0.7,64,0,0.3633225612996432,0.07894243337353844,0,0,0,0,0
medium,20,Logistic Regression,0.3,0.7,145,1,0.4792731190489879,0.06140986085885679,0,0,0,0,0
medium,20,Logistic Regression,0.3,0.7,88,0,0.4040731609538367,0.16436611770533593,0,0,0,0,0
medium,20,Logistic Regression,0.3,0.7,2,0,0.5156866120042822,0.01483621313589996,1,0,1,1,0
medium,20,Logistic Regression,0.3,0.7,148,1,0.6846964625723991,0.439701002785221,1,0,1,0,1
medium,20,Logistic Regression,0.3,0.7,19,0,0.4896016060478955,0.08996268138759109,0,0,0,0,0
medium,20,Logistic Regression,0.3,0.7,158,1,0.38723876369376214,0.8050092825647062,0,1,1,1,0
medium,20,Logistic Regression,0.3,0.7,196,1,0.5772160358910636,0.4559040829361271,1,0,1,0,1
medium,20,Logistic Regression,0.3,0.7,75,0,0.6488539966928657,0.07621875443062129,1,0,1,1,0
medium,20,Logistic Regression,0.3,0.7,161,1,0.6727697212854264,0.8112689403545208,1,1,0,0,0
medium,20,Logistic Regression,0.3,0.7,117,1,0.6480788629615889,0.9039701271197262,1,1,0,0,0
medium,20,Logistic Regression,0.3,0.7,79,0,0.6698708386790372,0.6876693397905209,1,1,0,0,0
medium,20,Logistic Regression,0.3,0.7,181,1,0.4680439945746861,0.9841374238408144,0,1,1,1,0
medium,20,Logistic Regression,0.3,0.7,113,1,0.41317001496874517,0.9655087609830767,0,1,1,1,0
medium,20,Logistic Regression,0.3,0.7,56,0,0.42896721509488084,0.01566131444729061,0,0,0,0,0
medium,20,Logistic Regression,0.3,0.7,134,1,0.6388805612889618,0.9817681710869557,1,1,0,0,0
medium,20,Logistic Regression,0.3,0.7,91,0,0.3413694567236378,0.013797756788032738,0,0,0,0,0
medium,20,Logistic Regression,0.4,0.6,191,1,0.4753148360133123,0.9761266690175816,0,1,1,1,0
medium,20,Logistic Regression,0.4,0.6,69,0,0.5017391494511744,0.9389164348669192,1,1,0,0,0
medium,20,Logistic Regression,0.4,0.6,145,1,0.4792731190489879,0.06140986085885679,0,0,0,0,0
medium,20,Logistic Regression,0.4,0.6,88,0,0.4040731609538367,0.16436611770533593,0,0,0,0,0
medium,20,Logistic Regression,0.4,0.6,2,0,0.5156866120042822,0.01483621313589996,1,0,1,1,0
medium,20,Logistic Regression,0.4,0.6,19,0,0.4896016060478955,0.08996268138759109,0,0,0,0,0
medium,20,Logistic Regression,0.4,0.6,196,1,0.5772160358910636,0.4559040829361271,1,0,1,0,1
medium,20,Logistic Regression,0.4,0.6,181,1,0.4680439945746861,0.9841374238408144,0,1,1,1,0
medium,20,Logistic Regression,0.4,0.6,113,1,0.41317001496874517,0.9655087609830767,0,1,1,1,0
medium,20,Logistic Regression,0.4,0.6,56,0,0.42896721509488084,0.01566131444729061,0,0,0,0,0
medium,20,Random Forest,0.2,0.8,69,0,0.26,0.27,0,0,0,0,0
medium,20,Random Forest,0.2,0.8,66,0,0.61,0.63,1,1,0,0,0
medium,20,Random Forest,0.2,0.8,64,0,0.37,0.25,0,0,0,0,0
medium,20,Random Forest,0.2,0.8,153,1,0.66,0.71,1,1,0,0,0
medium,20,Random Forest,0.2,0.8,88,0,0.27,0.27,0,0,0,0,0
medium,20,Random Forest,0.2,0.8,2,0,0.25,0.13,0,0,0,0,0
medium,20,Random Forest,0.2,0.8,150,1,0.77,0.91,1,1,0,0,0
medium,20,Random Forest,0.2,0.8,148,1,0.62,0.6,1,1,0,0,0
medium,20,Random Forest,0.2,0.8,19,0,0.25,0.19,0,0,0,0,0
medium,20,Random Forest,0.2,0.8,158,1,0.5,0.57,1,1,0,0,0
medium,20,Random Forest,0.2,0.8,131,1,0.76,0.79,1,1,0,0,0
medium,20,Random Forest,0.2,0.8,198,1,0.59,0.42,1,0,1,0,1
medium,20,Random Forest,0.2,0.8,195,1,0.71,0.74,1,1,0,0,0
medium,20,Random Forest,0.2,0.8,196,1,0.77,0.63,1,1,0,0,0
medium,20,Random Forest,0.2,0.8,75,0,0.56,0.44,1,0,1,1,0
medium,20,Random Forest,0.2,0.8,54,0,0.29,0.26,0,0,0,0,0
medium,20,Random Forest,0.2,0.8,161,1,0.76,0.81,1,1,0,0,0
medium,20,Random Forest,0.2,0.8,117,1,0.72,0.8,1,1,0,0,0
medium,20,Random Forest,0.2,0.8,79,0,0.47,0.47,0,0,0,0,0
medium,20,Random Forest,0.2,0.8,170,1,0.72,0.54,1,1,0,0,0
medium,20,Random Forest,0.2,0.8,41,0,0.21,0.3,0,0,0,0,0
medium,20,Random Forest,0.2,0.8,133,1,0.66,0.7,1,1,0,0,0
medium,20,Random Forest,0.2,0.8,43,0,0.28,0.18,0,0,0,0,0
medium,20,Random Forest,0.2,0.8,199,1,0.74,0.67,1,1,0,0,0
medium,20,Random Forest,0.2,0.8,20,0,0.34,0.42,0,0,0,0,0
medium,20,Random Forest,0.2,0.8,129,1,0.68,0.66,1,1,0,0,0
medium,20,Random Forest,0.2,0.8,55,0,0.22,0.34,0,0,0,0,0
medium,20,Random Forest,0.2,0.8,113,1,0.72,0.71,1,1,0,0,0
medium,20,Random Forest,0.2,0.8,56,0,0.43,0.44,0,0,0,0,0
medium,20,Random Forest,0.2,0.8,134,1,0.65,0.76,1,1,0,0,0
medium,20,Random Forest,0.2,0.8,91,0,0.43,0.41,0,0,0,0,0
medium,20,Random Forest,0.2,0.8,53,0,0.22,0.24,0,0,0,0,0
medium,20,Random Forest,0.2,0.8,143,1,0.75,0.73,1,1,0,0,0
medium,20,Random Forest,0.3,0.7,66,0,0.61,0.63,1,1,0,0,0
medium,20,Random Forest,0.3,0.7,64,0,0.37,0.25,0,0,0,0,0
medium,20,Random Forest,0.3,0.7,153,1,0.66,0.71,1,1,0,0,0
medium,20,Random Forest,0.3,0.7,148,1,0.62,0.6,1,1,0,0,0
medium,20,Random Forest,0.3,0.7,158,1,0.5,0.57,1,1,0,0,0
medium,20,Random Forest,0.3,0.7,198,1,0.59,0.42,1,0,1,0,1
medium,20,Random Forest,0.3,0.7,75,0,0.56,0.44,1,0,1,1,0
medium,20,Random Forest,0.3,0.7,79,0,0.47,0.47,0,0,0,0,0
medium,20,Random Forest,0.3,0.7,133,1,0.66,0.7,1,1,0,0,0
medium,20,Random Forest,0.3,0.7,20,0,0.34,0.42,0,0,0,0,0
medium,20,Random Forest,0.3,0.7,129,1,0.68,0.66,1,1,0,0,0
medium,20,Random Forest,0.3,0.7,56,0,0.43,0.44,0,0,0,0,0
medium,20,Random Forest,0.3,0.7,134,1,0.65,0.76,1,1,0,0,0
medium,20,Random Forest,0.3,0.7,91,0,0.43,0.41,0,0,0,0,0
medium,20,Random Forest,0.4,0.6,158,1,0.5,0.57,1,1,0,0,0
medium,20,Random Forest,0.4,0.6,198,1,0.59,0.42,1,0,1,0,1
medium,20,Random Forest,0.4,0.6,75,0,0.56,0.44,1,0,1,1,0
medium,20,Random Forest,0.4,0.6,79,0,0.47,0.47,0,0,0,0,0
medium,20,Random Forest,0.4,0.6,56,0,0.43,0.44,0,0,0,0,0
medium,20,Random Forest,0.4,0.6,91,0,0.43,0.41,0,0,0,0,0
medium,20,XGBoost,0.2,0.8,64,0,0.7470142245292664,0.34521082043647766,1,0,1,1,0
medium,20,XGBoost,0.2,0.8,158,1,0.555439829826355,0.7803940773010254,1,1,0,0,0
medium,20,XGBoost,0.2,0.8,131,1,0.715529203414917,0.8699061870574951,1,1,0,0,0
medium,20,XGBoost,0.2,0.8,75,0,0.7376791834831238,0.5158822536468506,1,1,0,0,0
medium,20,XGBoost,0.2,0.8,79,0,0.4366500973701477,0.3722626864910126,0,0,0,0,0
medium,20,XGBoost,0.2,0.8,170,1,0.7292956113815308,0.7405760884284973,1,1,0,0,0
medium,20,XGBoost,0.2,0.8,113,1,0.7366267442703247,0.926825761795044,1,1,0,0,0
medium,20,XGBoost,0.2,0.8,56,0,0.5150028467178345,0.6517217755317688,1,1,0,0,0
medium,20,XGBoost,0.2,0.8,134,1,0.5553318858146667,0.7353573441505432,1,1,0,0,0
medium,20,XGBoost,0.2,0.8,91,0,0.771221935749054,0.34490761160850525,1,0,1,1,0
medium,20,XGBoost,0.3,0.7,158,1,0.555439829826355,0.7803940773010254,1,1,0,0,0
medium,20,XGBoost,0.3,0.7,79,0,0.4366500973701477,0.3722626864910126,0,0,0,0,0
medium,20,XGBoost,0.3,0.7,56,0,0.5150028467178345,0.6517217755317688,1,1,0,0,0
medium,20,XGBoost,0.3,0.7,134,1,0.5553318858146667,0.7353573441505432,1,1,0,0,0
medium,20,XGBoost,0.4,0.6,158,1,0.555439829826355,0.7803940773010254,1,1,0,0,0
medium,20,XGBoost,0.4,0.6,79,0,0.4366500973701477,0.3722626864910126,0,0,0,0,0
medium,20,XGBoost,0.4,0.6,56,0,0.5150028467178345,0.6517217755317688,1,1,0,0,0
medium,20,XGBoost,0.4,0.6,134,1,0.5553318858146667,0.7353573441505432,1,1,0,0,0
medium,21,Logistic Regression,0.2,0.8,91,0,0.2269993335855517,0.010913865874433042,0,0,0,0,0
medium,21,Logistic Regression,0.2,0.8,136,1,0.4361704772531318,0.040276001409723615,0,0,0,0,0
medium,21,Logistic Regression,0.2,0.8,71,0,0.20547421911361538,0.02682483087087348,0,0,0,0,0
medium,21,Logistic Regression,0.2,0.8,65,0,0.22073038961027755,0.06525836425269171,0,0,0,0,0
medium,21,Logistic Regression,0.2,0.8,134,1,0.670775328862356,0.9567297263861396,1,1,0,0,0
medium,21,Logistic Regression,0.2,0.8,15,0,0.6711471861841428,0.9189152126641349,1,1,0,0,0
medium,21,Logistic Regression,0.2,0.8,73,0,0.32152479008378754,0.597038888763159,0,1,1,0,1
medium,21,Logistic Regression,0.2,0.8,37,0,0.5730224218337224,0.005755893822864866,1,0,1,1,0
medium,21,Logistic Regression,0.2,0.8,84,0,0.26153640053678856,0.03318799152615914,0,0,0,0,0
medium,21,Logistic Regression,0.2,0.8,183,1,0.40415524649788714,0.7757647078063242,0,1,1,1,0
medium,21,Logistic Regression,0.2,0.8,121,1,0.6674318129482889,0.2113151070824429,1,0,1,0,1
medium,21,Logistic Regression,0.2,0.8,182,1,0.4728085392324929,0.908216088885025,0,1,1,1,0
medium,21,Logistic Regression,0.2,0.8,185,1,0.7237279492051354,0.9391559431382436,1,1,0,0,0
medium,21,Logistic Regression,0.2,0.8,97,0,0.7215785092502052,0.3035325577005913,1,0,1,1,0
medium,21,Logistic Regression,0.2,0.8,119,1,0.5211391155751682,0.30164939234701826,1,0,1,0,1
medium,21,Logistic Regression,0.2,0.8,145,1,0.48739068020978255,0.10368720937508767,0,0,0,0,0
medium,21,Logistic Regression,0.2,0.8,163,1,0.6319775573585549,0.5936690731825176,1,1,0,0,0
medium,21,Logistic Regression,0.2,0.8,180,1,0.5999079594419542,0.5772733173664936,1,1,0,0,0
medium,21,Logistic Regression,0.2,0.8,2,0,0.44049836026278366,0.05343378497550956,0,0,0,0,0
medium,21,Logistic Regression,0.2,0.8,69,0,0.6160504357788955,0.9982088065517356,1,1,0,0,0
medium,21,Logistic Regression,0.2,0.8,181,1,0.37456859650307806,0.9886841268195073,0,1,1,1,0
medium,21,Logistic Regression,0.2,0.8,197,1,0.5929497129014598,0.9921832029856616,1,1,0,0,0
medium,21,Logistic Regression,0.2,0.8,54,0,0.6401156402175728,0.0034342623775242167,1,0,1,1,0
medium,21,Logistic Regression,0.2,0.8,12,0,0.22301208360169453,0.053391717425917085,0,0,0,0,0
medium,21,Logistic Regression,0.2,0.8,75,0,0.6557475840170941,0.38641543709171666,1,0,1,1,0
medium,21,Logistic Regression,0.3,0.7,136,1,0.4361704772531318,0.040276001409723615,0,0,0,0,0
medium,21,Logistic Regression,0.3,0.7,134,1,0.670775328862356,0.9567297263861396,1,1,0,0,0
medium,21,Logistic Regression,0.3,0.7,15,0,0.6711471861841428,0.9189152126641349,1,1,0,0,0
medium,21,Logistic Regression,0.3,0.7,73,0,0.32152479008378754,0.597038888763159,0,1,1,0,1
medium,21,Logistic Regression,0.3,0.7,37,0,0.5730224218337224,0.005755893822864866,1,0,1,1,0
medium,21,Logistic Regression,0.3,0.7,183,1,0.40415524649788714,0.7757647078063242,0,1,1,1,0
medium,21,Logistic Regression,0.3,0.7,121,1,0.6674318129482889,0.2113151070824429,1,0,1,0,1
medium,21,Logistic Regression,0.3,0.7,182,1,0.4728085392324929,0.908216088885025,0,1,1,1,0
medium,21,Logistic Regression,0.3,0.7,119,1,0.5211391155751682,0.30164939234701826,1,0,1,0,1
medium,21,Logistic Regression,0.3,0.7,145,1,0.48739068020978255,0.10368720937508767,0,0,0,0,0
medium,21,Logistic Regression,0.3,0.7,163,1,0.6319775573585549,0.5936690731825176,1,1,0,0,0
medium,21,Logistic Regression,0.3,0.7,180,1,0.5999079594419542,0.5772733173664936,1,1,0,0,0
medium,21,Logistic Regression,0.3,0.7,2,0,0.44049836026278366,0.05343378497550956,0,0,0,0,0
medium,21,Logistic Regression,0.3,0.7,69,0,0.6160504357788955,0.9982088065517356,1,1,0,0,0
medium,21,Logistic Regression,0.3,0.7,181,1,0.37456859650307806,0.9886841268195073,0,1,1,1,0
medium,21,Logistic Regression,0.3,0.7,197,1,0.5929497129014598,0.9921832029856616,1,1,0,0,0
medium,21,Logistic Regression,0.3,0.7,54,0,0.6401156402175728,0.0034342623775242167,1,0,1,1,0
medium,21,Logistic Regression,0.3,0.7,75,0,0.6557475840170941,0.38641543709171666,1,0,1,1,0
medium,21,Logistic Regression,0.4,0.6,136,1,0.4361704772531318,0.040276001409723615,0,0,0,0,0
medium,21,Logistic Regression,0.4,0.6,37,0,0.5730224218337224,0.005755893822864866,1,0,1,1,0
medium,21,Logistic Regression,0.4,0.6,183,1,0.40415524649788714,0.7757647078063242,0,1,1,1,0
medium,21,Logistic Regression,0.4,0.6,182,1,0.4728085392324929,0.908216088885025,0,1,1,1,0
medium,21,Logistic Regression,0.4,0.6,119,1,0.5211391155751682,0.30164939234701826,1,0,1,0,1
medium,21,Logistic Regression,0.4,0.6,145,1,0.48739068020978255,0.10368720937508767,0,0,0,0,0
medium,21,Logistic Regression,0.4,0.6,180,1,0.5999079594419542,0.5772733173664936,1,1,0,0,0
medium,21,Logistic Regression,0.4,0.6,2,0,0.44049836026278366,0.05343378497550956,0,0,0,0,0
medium,21,Logistic Regression,0.4,0.6,197,1,0.5929497129014598,0.9921832029856616,1,1,0,0,0
medium,21,Random Forest,0.2,0.8,91,0,0.35,0.41,0,0,0,0,0
medium,21,Random Forest,0.2,0.8,136,1,0.79,0.56,1,1,0,0,0
medium,21,Random Forest,0.2,0.8,65,0,0.37,0.42,0,0,0,0,0
medium,21,Random Forest,0.2,0.8,134,1,0.66,0.67,1,1,0,0,0
medium,21,Random Forest,0.2,0.8,15,0,0.29,0.48,0,0,0,0,0
medium,21,Random Forest,0.2,0.8,144,1,0.65,0.67,1,1,0,0,0
medium,21,Random Forest,0.2,0.8,73,0,0.21,0.27,0,0,0,0,0
medium,21,Random Forest,0.2,0.8,37,0,0.6,0.41,1,0,1,1,0
medium,21,Random Forest,0.2,0.8,84,0,0.47,0.67,0,1,1,0,1
medium,21,Random Forest,0.2,0.8,183,1,0.66,0.6,1,1,0,0,0
medium,21,Random Forest,0.2,0.8,35,0,0.29,0.33,0,0,0,0,0
medium,21,Random Forest,0.2,0.8,123,1,0.47,0.67,0,1,1,1,0
medium,21,Random Forest,0.2,0.8,20,0,0.3,0.35,0,0,0,0,0
medium,21,Random Forest,0.2,0.8,60,0,0.3,0.43,0,0,0,0,0
medium,21,Random Forest,0.2,0.8,14,0,0.25,0.2,0,0,0,0,0
medium,21,Random Forest,0.2,0.8,119,1,0.67,0.55,1,1,0,0,0
medium,21,Random Forest,0.2,0.8,102,1,0.67,0.7,1,1,0,0,0
medium,21,Random Forest,0.2,0.8,105,1,0.77,0.69,1,1,0,0,0
medium,21,Random Forest,0.2,0.8,69,0,0.21,0.27,0,0,0,0,0
medium,21,Random Forest,0.2,0.8,53,0,0.22,0.24,0,0,0,0,0
medium,21,Random Forest,0.2,0.8,197,1,0.74,0.84,1,1,0,0,0
medium,21,Random Forest,0.2,0.8,75,0,0.71,0.55,1,1,0,0,0
medium,21,Random Forest,0.2,0.8,125,1,0.79,0.82,1,1,0,0,0
medium,21,Random Forest,0.3,0.7,91,0,0.35,0.41,0,0,0,0,0
medium,21,Random Forest,0.3,0.7,65,0,0.37,0.42,0,0,0,0,0
medium,21,Random Forest,0.3,0.7,134,1,0.66,0.67,1,1,0,0,0
medium,21,Random Forest,0.3,0.7,144,1,0.65,0.67,1,1,0,0,0
medium,21,Random Forest,0.3,0.7,37,0,0.6,0.41,1,0,1,1,0
medium,21,Random Forest,0.3,0.7,84,0,0.47,0.67,0,1,1,0,1
medium,21,Random Forest,0.3,0.7,183,1,0.66,0.6,1,1,0,0,0
medium,21,Random Forest,0.3,0.7,123,1,0.47,0.67,0,1,1,1,0
medium,21,Random Forest,0.3,0.7,119,1,0.67,0.55,1,1,0,0,0
medium,21,Random Forest,0.3,0.7,102,1,0.67,0.7,1,1,0,0,0
medium,21,Random Forest,0.4,0.6,84,0,0.47,0.67,0,1,1,0,1
medium,21,Random Forest,0.4,0.6,123,1,0.47,0.67,0,1,1,1,0
medium,21,XGBoost,0.2,0.8,91,0,0.6222578287124634,0.3878263533115387,1,0,1,1,0
medium,21,XGBoost,0.2,0.8,136,1,0.709417462348938,0.5136121511459351,1,1,0,0,0
medium,21,XGBoost,0.2,0.8,65,0,0.28194013237953186,0.07210753113031387,0,0,0,0,0
medium,21,XGBoost,0.2,0.8,134,1,0.7356328368186951,0.9450944066047668,1,1,0,0,0
medium,21,XGBoost,0.2,0.8,37,0,0.46016421914100647,0.24801747500896454,0,0,0,0,0
medium,21,XGBoost,0.2,0.8,123,1,0.7516684532165527,0.9490174055099487,1,1,0,0,0
medium,21,XGBoost,0.2,0.8,165,1,0.5719489455223083,0.8937165141105652,1,1,0,0,0
medium,21,XGBoost,0.2,0.8,75,0,0.6883816123008728,0.3266450762748718,1,0,1,1,0
medium,21,XGBoost,0.3,0.7,91,0,0.6222578287124634,0.3878263533115387,1,0,1,1,0
medium,21,XGBoost,0.3,0.7,37,0,0.46016421914100647,0.24801747500896454,0,0,0,0,0
medium,21,XGBoost,0.3,0.7,165,1,0.5719489455223083,0.8937165141105652,1,1,0,0,0
medium,21,XGBoost,0.3,0.7,75,0,0.6883816123008728,0.3266450762748718,1,0,1,1,0
medium,21,XGBoost,0.4,0.6,37,0,0.46016421914100647,0.24801747500896454,0,0,0,0,0
medium,21,XGBoost,0.4,0.6,165,1,0.5719489455223083,0.8937165141105652,1,1,0,0,0
medium,22,Logistic Regression,0.2,0.8,40,0,0.3980373353372478,0.06050296692099394,0,0,0,0,0
medium,22,Logistic Regression,0.2,0.8,15,0,0.704730245005454,0.633906660546408,1,1,0,0,0
medium,22,Logistic Regression,0.2,0.8,192,1,0.48740436927351716,0.9381030350440102,0,1,1,1,0
medium,22,Logistic Regression,0.2,0.8,197,1,0.5946280817150496,0.9808000766226422,1,1,0,0,0
medium,22,Logistic Regression,0.2,0.8,45,0,0.5651452668251132,0.8465649108068225,1,1,0,0,0
medium,22,Logistic Regression,0.2,0.8,165,1,0.7755930130821541,0.5289822021783601,1,1,0,0,0
medium,22,Logistic Regression,0.2,0.8,49,0,0.2674298045577952,0.08454888033713429,0,0,0,0,0
medium,22,Logistic Regression,0.2,0.8,76,0,0.5775980749256748,0.5934452776725269,1,1,0,0,0
medium,22,Logistic Regression,0.2,0.8,173,1,0.732217194544561,0.9563656033921198,1,1,0,0,0
medium,22,Logistic Regression,0.2,0.8,91,0,0.20881597604467025,0.04339125032261288,0,0,0,0,0
medium,22,Logistic Regression,0.2,0.8,1,0,0.563485613298103,0.47709481353064154,1,0,1,1,0
medium,22,Logistic Regression,0.2,0.8,176,1,0.734217907927992,0.4326808575865526,1,0,1,0,1
medium,22,Logistic Regression,0.2,0.8,37,0,0.5493611505944682,0.04255112030799837,1,0,1,1,0
medium,22,Logistic Regression,0.2,0.8,120,1,0.45252222989519064,0.2724552294211873,0,0,0,0,0
medium,22,Logistic Regression,0.2,0.8,29,0,0.39446263285942834,0.057225541860388134,0,0,0,0,0
medium,22,Logistic Regression,0.2,0.8,21,0,0.32427030643512617,0.09738399996637474,0,0,0,0,0
medium,22,Logistic Regression,0.2,0.8,163,1,0.7681541162041872,0.8905204820451902,1,1,0,0,0
medium,22,Logistic Regression,0.2,0.8,182,1,0.522518732777237,0.9417139366977665,1,1,0,0,0
medium,22,Logistic Regression,0.2,0.8,117,1,0.7421624746722677,0.6399996035443317,1,1,0,0,0
medium,22,Logistic Regression,0.3,0.7,40,0,0.3980373353372478,0.06050296692099394,0,0,0,0,0
medium,22,Logistic Regression,0.3,0.7,192,1,0.48740436927351716,0.9381030350440102,0,1,1,1,0
medium,22,Logistic Regression,0.3,0.7,197,1,0.5946280817150496,0.9808000766226422,1,1,0,0,0
medium,22,Logistic Regression,0.3,0.7,45,0,0.5651452668251132,0.8465649108068225,1,1,0,0,0
medium,22,Logistic Regression,0.3,0.7,76,0,0.5775980749256748,0.5934452776725269,1,1,0,0,0
medium,22,Logistic Regression,0.3,0.7,1,0,0.563485613298103,0.47709481353064154,1,0,1,1,0
medium,22,Logistic Regression,0.3,0.7,37,0,0.5493611505944682,0.04255112030799837,1,0,1,1,0
medium,22,Logistic Regression,0.3,0.7,120,1,0.45252222989519064,0.2724552294211873,0,0,0,0,0
medium,22,Logistic Regression,0.3,0.7,29,0,0.39446263285942834,0.057225541860388134,0,0,0,0,0
medium,22,Logistic Regression,0.3,0.7,21,0,0.32427030643512617,0.09738399996637474,0,0,0,0,0
medium,22,Logistic Regression,0.3,0.7,182,1,0.522518732777237,0.9417139366977665,1,1,0,0,0
medium,22,Logistic Regression,0.4,0.6,192,1,0.48740436927351716,0.9381030350440102,0,1,1,1,0
medium,22,Logistic Regression,0.4,0.6,197,1,0.5946280817150496,0.9808000766226422,1,1,0,0,0
medium,22,Logistic Regression,0.4,0.6,45,0,0.5651452668251132,0.8465649108068225,1,1,0,0,0
medium,22,Logistic Regression,0.4,0.6,76,0,0.5775980749256748,0.5934452776725269,1,1,0,0,0
medium,22,Logistic Regression,0.4,0.6,1,0,0.563485613298103,0.47709481353064154,1,0,1,1,0
medium,22,Logistic Regression,0.4,0.6,37,0,0.5493611505944682,0.04255112030799837,1,0,1,1,0
medium,22,Logistic Regression,0.4,0.6,120,1,0.45252222989519064,0.2724552294211873,0,0,0,0,0
medium,22,Logistic Regression,0.4,0.6,182,1,0.522518732777237,0.9417139366977665,1,1,0,0,0
medium,22,Random Forest,0.2,0.8,15,0,0.38,0.4,0,0,0,0,0
medium,22,Random Forest,0.2,0.8,169,1,0.75,0.9,1,1,0,0,0
medium,22,Random Forest,0.2,0.8,88,0,0.29,0.27,0,0,0,0,0
medium,22,Random Forest,0.2,0.8,64,0,0.25,0.33,0,0,0,0,0
medium,22,Random Forest,0.2,0.8,197,1,0.79,0.85,1,1,0,0,0
medium,22,Random Forest,0.2,0.8,5,0,0.4,0.42,0,0,0,0,0
medium,22,Random Forest,0.2,0.8,45,0,0.31,0.4,0,0,0,0,0
medium,22,Random Forest,0.2,0.8,165,1,0.75,0.64,1,1,0,0,0
medium,22,Random Forest,0.2,0.8,68,0,0.7,0.5,1,1,0,0,0
medium,22,Random Forest,0.2,0.8,131,1,0.74,0.62,1,1,0,0,0
medium,22,Random Forest,0.2,0.8,148,1,0.62,0.72,1,1,0,0,0
medium,22,Random Forest,0.2,0.8,173,1,0.79,0.79,1,1,0,0,0
medium,22,Random Forest,0.2,0.8,47,0,0.42,0.46,0,0,0,0,0
medium,22,Random Forest,0.2,0.8,147,1,0.73,0.8,1,1,0,0,0
medium,22,Random Forest,0.2,0.8,91,0,0.45,0.44,0,0,0,0,0
medium,22,Random Forest,0.2,0.8,1,0,0.64,0.72,1,1,0,0,0
medium,22,Random Forest,0.2,0.8,176,1,0.65,0.77,1,1,0,0,0
medium,22,Random Forest,0.2,0.8,37,0,0.68,0.38,1,0,1,1,0
medium,22,Random Forest,0.2,0.8,120,1,0.7,0.54,1,1,0,0,0
medium,22,Random Forest,0.2,0.8,177,1,0.57,0.55,1,1,0,0,0
medium,22,Random Forest,0.2,0.8,143,1,0.67,0.71,1,1,0,0,0
medium,22,Random Forest,0.2,0.8,123,1,0.58,0.69,1,1,0,0,0
medium,22,Random Forest,0.2,0.8,78,0,0.29,0.38,0,0,0,0,0
medium,22,Random Forest,0.2,0.8,128,1,0.69,0.83,1,1,0,0,0
medium,22,Random Forest,0.3,0.7,15,0,0.38,0.4,0,0,0,0,0
medium,22,Random Forest,0.3,0.7,5,0,0.4,0.42,0,0,0,0,0
medium,22,Random Forest,0.3,0.7,45,0,0.31,0.4,0,0,0,0,0
medium,22,Random Forest,0.3,0.7,148,1,0.62,0.72,1,1,0,0,0
medium,22,Random Forest,0.3,0.7,47,0,0.42,0.46,0,0,0,0,0
medium,22,Random Forest,0.3,0.7,91,0,0.45,0.44,0,0,0,0,0
medium,22,Random Forest,0.3,0.7,1,0,0.64,0.72,1,1,0,0,0
medium,22,Random Forest,0.3,0.7,176,1,0.65,0.77,1,1,0,0,0
medium,22,Random Forest,0.3,0.7,37,0,0.68,0.38,1,0,1,1,0
medium,22,Random Forest,0.3,0.7,177,1,0.57,0.55,1,1,0,0,0
medium,22,Random Forest,0.3,0.7,143,1,0.67,0.71,1,1,0,0,0
medium,22,Random Forest,0.3,0.7,123,1,0.58,0.69,1,1,0,0,0
medium,22,Random Forest,0.3,0.7,128,1,0.69,0.83,1,1,0,0,0
medium,22,Random Forest,0.4,0.6,47,0,0.42,0.46,0,0,0,0,0
medium,22,Random Forest,0.4,0.6,91,0,0.45,0.44,0,0,0,0,0
medium,22,Random Forest,0.4,0.6,177,1,0.57,0.55,1,1,0,0,0
medium,22,Random Forest,0.4,0.6,123,1,0.58,0.69,1,1,0,0,0
medium,22,XGBoost,0.2,0.8,88,0,0.2039739042520523,0.13335992395877838,0,0,0,0,0
medium,22,XGBoost,0.2,0.8,68,0,0.6896675229072571,0.35546231269836426,1,0,1,1,0
medium,22,XGBoost,0.2,0.8,131,1,0.7398410439491272,0.5213656425476074,1,1,0,0,0
medium,22,XGBoost,0.2,0.8,148,1,0.655674397945404,0.8862813711166382,1,1,0,0,0
medium,22,XGBoost,0.2,0.8,91,0,0.5497737526893616,0.32689738273620605,1,0,1,1,0
medium,22,XGBoost,0.2,0.8,176,1,0.6979737281799316,0.7585397958755493,1,1,0,0,0
medium,22,XGBoost,0.2,0.8,37,0,0.4808341860771179,0.33063751459121704,0,0,0,0,0
medium,22,XGBoost,0.2,0.8,177,1,0.7812766432762146,0.7164700031280518,1,1,0,0,0
medium,22,XGBoost,0.2,0.8,21,0,0.24219393730163574,0.1557164490222931,0,0,0,0,0
medium,22,XGBoost,0.2,0.8,123,1,0.6146245002746582,0.9548201560974121,1,1,0,0,0
medium,22,XGBoost,0.3,0.7,68,0,0.6896675229072571,0.35546231269836426,1,0,1,1,0
medium,22,XGBoost,0.3,0.7,148,1,0.655674397945404,0.8862813711166382,1,1,0,0,0
medium,22,XGBoost,0.3,0.7,91,0,0.5497737526893616,0.32689738273620605,1,0,1,1,0
medium,22,XGBoost,0.3,0.7,176,1,0.6979737281799316,0.7585397958755493,1,1,0,0,0
medium,22,XGBoost,0.3,0.7,37,0,0.4808341860771179,0.33063751459121704,0,0,0,0,0
medium,22,XGBoost,0.3,0.7,123,1,0.6146245002746582,0.9548201560974121,1,1,0,0,0
medium,22,XGBoost,0.4,0.6,91,0,0.5497737526893616,0.32689738273620605,1,0,1,1,0
medium,22,XGBoost,0.4,0.6,37,0,0.4808341860771179,0.33063751459121704,0,0,0,0,0
medium,23,Logistic Regression,0.2,0.8,192,1,0.5737111918551827,0.9617752259147276,1,1,0,0,0
medium,23,Logistic Regression,0.2,0.8,34,0,0.5852596167241225,0.04452286301612126,1,0,1,1,0
medium,23,Logistic Regression,0.2,0.8,3,0,0.33926366734033353,0.008430090898779212,0,0,0,0,0
medium,23,Logistic Regression,0.2,0.8,180,1,0.7085172574609986,0.9627205459492209,1,1,0,0,0
medium,23,Logistic Regression,0.2,0.8,171,1,0.6649475038456248,0.10002967992456038,1,0,1,0,1
medium,23,Logistic Regression,0.2,0.8,122,1,0.6539402644066776,0.9996187721762035,1,1,0,0,0
medium,23,Logistic Regression,0.2,0.8,183,1,0.2914307480361519,0.7853531469083791,0,1,1,1,0
medium,23,Logistic Regression,0.2,0.8,77,0,0.3601872493538449,0.024849797447638183,0,0,0,0,0
medium,23,Logistic Regression,0.2,0.8,97,0,0.6285427369847866,0.7211234645029595,1,1,0,0,0
medium,23,Logistic Regression,0.2,0.8,71,0,0.3143216426218517,0.11666402868020741,0,0,0,0,0
medium,23,Logistic Regression,0.2,0.8,75,0,0.7433656841484707,0.013049399889268712,1,0,1,1,0
medium,23,Logistic Regression,0.2,0.8,12,0,0.31297832097702216,0.07912908928384099,0,0,0,0,0
medium,23,Logistic Regression,0.2,0.8,8,0,0.7582007094329717,0.446371621748652,1,0,1,1,0
medium,23,Logistic Regression,0.2,0.8,84,0,0.34561180303135414,0.06180559414498198,0,0,0,0,0
medium,23,Logistic Regression,0.2,0.8,119,1,0.4098705726156591,0.26107758204760045,0,0,0,0,0
medium,23,Logistic Regression,0.2,0.8,62,0,0.21892298006465427,0.01194488574657272,0,0,0,0,0
medium,23,Logistic Regression,0.2,0.8,127,1,0.7946295186720218,0.6573292483506944,1,1,0,0,0
medium,23,Logistic Regression,0.2,0.8,73,0,0.20446965896749747,0.7262809091810059,0,1,1,0,1
medium,23,Logistic Regression,0.2,0.8,138,1,0.7864174108555568,0.9891298529712315,1,1,0,0,0
medium,23,Logistic Regression,0.2,0.8,52,0,0.3475668792427025,0.05857087117377164,0,0,0,0,0
medium,23,Logistic Regression,0.2,0.8,162,1,0.24637901926156563,0.7432433812007947,0,1,1,1,0
medium,23,Logistic Regression,0.2,0.8,181,1,0.39664436083022225,0.9710667517224241,0,1,1,1,0
medium,23,Logistic Regression,0.2,0.8,10,0,0.33825967065757856,0.27413804997016816,0,0,0,0,0
medium,23,Logistic Regression,0.2,0.8,91,0,0.3297717267388903,0.007756809163245105,0,0,0,0,0
medium,23,Logistic Regression,0.3,0.7,192,1,0.5737111918551827,0.9617752259147276,1,1,0,0,0
medium,23,Logistic Regression,0.3,0.7,34,0,0.5852596167241225,0.04452286301612126,1,0,1,1,0
medium,23,Logistic Regression,0.3,0.7,3,0,0.33926366734033353,0.008430090898779212,0,0,0,0,0
medium,23,Logistic Regression,0.3,0.7,171,1,0.6649475038456248,0.10002967992456038,1,0,1,0,1
medium,23,Logistic Regression,0.3,0.7,122,1,0.6539402644066776,0.9996187721762035,1,1,0,0,0
medium,23,Logistic Regression,0.3,0.7,77,0,0.3601872493538449,0.024849797447638183,0,0,0,0,0
medium,23,Logistic Regression,0.3,0.7,97,0,0.6285427369847866,0.7211234645029595,1,1,0,0,0
medium,23,Logistic Regression,0.3,0.7,71,0,0.3143216426218517,0.11666402868020741,0,0,0,0,0
medium,23,Logistic Regression,0.3,0.7,12,0,0.31297832097702216,0.07912908928384099,0,0,0,0,0
medium,23,Logistic Regression,0.3,0.7,84,0,0.34561180303135414,0.06180559414498198,0,0,0,0,0
medium,23,Logistic Regression,0.3,0.7,119,1,0.4098705726156591,0.26107758204760045,0,0,0,0,0
medium,23,Logistic Regression,0.3,0.7,52,0,0.3475668792427025,0.05857087117377164,0,0,0,0,0
medium,23,Logistic Regression,0.3,0.7,181,1,0.39664436083022225,0.9710667517224241,0,1,1,1,0
medium,23,Logistic Regression,0.3,0.7,10,0,0.33825967065757856,0.27413804997016816,0,0,0,0,0
medium,23,Logistic Regression,0.3,0.7,91,0,0.3297717267388903,0.007756809163245105,0,0,0,0,0
medium,23,Logistic Regression,0.4,0.6,192,1,0.5737111918551827,0.9617752259147276,1,1,0,0,0
medium,23,Logistic Regression,0.4,0.6,34,0,0.5852596167241225,0.04452286301612126,1,0,1,1,0
medium,23,Logistic Regression,0.4,0.6,119,1,0.4098705726156591,0.26107758204760045,0,0,0,0,0
medium,23,Random Forest,0.2,0.8,192,1,0.79,0.81,1,1,0,0,0
medium,23,Random Forest,0.2,0.8,34,0,0.3,0.3,0,0,0,0,0
medium,23,Random Forest,0.2,0.8,66,0,0.55,0.69,1,1,0,0,0
medium,23,Random Forest,0.2,0.8,9,0,0.51,0.56,1,1,0,0,0
medium,23,Random Forest,0.2,0.8,68,0,0.61,0.4,1,0,1,1,0
medium,23,Random Forest,0.2,0.8,122,1,0.68,0.87,1,1,0,0,0
medium,23,Random Forest,0.2,0.8,183,1,0.63,0.65,1,1,0,0,0
medium,23,Random Forest,0.2,0.8,47,0,0.37,0.52,0,1,1,0,1
medium,23,Random Forest,0.2,0.8,75,0,0.64,0.58,1,1,0,0,0
medium,23,Random Forest,0.2,0.8,74,0,0.34,0.34,0,0,0,0,0
medium,23,Random Forest,0.2,0.8,8,0,0.23,0.24,0,0,0,0,0
medium,23,Random Forest,0.2,0.8,136,1,0.79,0.59,1,1,0,0,0
medium,23,Random Forest,0.2,0.8,84,0,0.68,0.52,1,1,0,0,0
medium,23,Random Forest,0.2,0.8,59,0,0.28,0.27,0,0,0,0,0
medium,23,Random Forest,0.2,0.8,20,0,0.34,0.45,0,0,0,0,0
medium,23,Random Forest,0.2,0.8,119,1,0.69,0.68,1,1,0,0,0
medium,23,Random Forest,0.2,0.8,129,1,0.72,0.79,1,1,0,0,0
medium,23,Random Forest,0.2,0.8,177,1,0.7,0.48,1,0,1,0,1
medium,23,Random Forest,0.2,0.8,55,0,0.25,0.24,0,0,0,0,0
medium,23,Random Forest,0.2,0.8,52,0,0.29,0.21,0,0,0,0,0
medium,23,Random Forest,0.2,0.8,162,1,0.74,0.85,1,1,0,0,0
medium,23,Random Forest,0.2,0.8,14,0,0.26,0.23,0,0,0,0,0
medium,23,Random Forest,0.2,0.8,181,1,0.72,0.83,1,1,0,0,0
medium,23,Random Forest,0.2,0.8,133,1,0.78,0.81,1,1,0,0,0
medium,23,Random Forest,0.2,0.8,91,0,0.5,0.28,1,0,1,1,0
medium,23,Random Forest,0.2,0.8,49,0,0.26,0.1,0,0,0,0,0
medium,23,Random Forest,0.3,0.7,66,0,0.55,0.69,1,1,0,0,0
medium,23,Random Forest,0.3,0.7,9,0,0.51,0.56,1,1,0,0,0
medium,23,Random Forest,0.3,0.7,68,0,0.61,0.4,1,0,1,1,0
medium,23,Random Forest,0.3,0.7,122,1,0.68,0.87,1,1,0,0,0
medium,23,Random Forest,0.3,0.7,183,1,0.63,0.65,1,1,0,0,0
medium,23,Random Forest,0.3,0.7,47,0,0.37,0.52,0,1,1,0,1
medium,23,Random Forest,0.3,0.7,75,0,0.64,0.58,1,1,0,0,0
medium,23,Random Forest,0.3,0.7,74,0,0.34,0.34,0,0,0,0,0
medium,23,Random Forest,0.3,0.7,84,0,0.68,0.52,1,1,0,0,0
medium,23,Random Forest,0.3,0.7,20,0,0.34,0.45,0,0,0,0,0
medium,23,Random Forest,0.3,0.7,119,1,0.69,0.68,1,1,0,0,0
medium,23,Random Forest,0.3,0.7,91,0,0.5,0.28,1,0,1,1,0
medium,23,Random Forest,0.4,0.6,66,0,0.55,0.69,1,1,0,0,0
medium,23,Random Forest,0.4,0.6,9,0,0.51,0.56,1,1,0,0,0
medium,23,Random Forest,0.4,0.6,91,0,0.5,0.28,1,0,1,1,0
medium,23,XGBoost,0.2,0.8,68,0,0.7010906934738159,0.2651362419128418,1,0,1,1,0
medium,23,XGBoost,0.2,0.8,122,1,0.5375759601593018,0.8555920720100403,1,1,0,0,0
medium,23,XGBoost,0.2,0.8,183,1,0.689046323299408,0.42989063262939453,1,0,1,0,1
medium,23,XGBoost,0.2,0.8,47,0,0.40117359161376953,0.4885883033275604,0,0,0,0,0
medium,23,XGBoost,0.2,0.8,75,0,0.38723355531692505,0.18495820462703705,0,0,0,0,0
medium,23,XGBoost,0.2,0.8,8,0,0.3119833171367645,0.14379768073558807,0,0,0,0,0
medium,23,XGBoost,0.2,0.8,91,0,0.6329707503318787,0.34385064244270325,1,0,1,1,0
medium,23,XGBoost,0.3,0.7,122,1,0.5375759601593018,0.8555920720100403,1,1,0,0,0
medium,23,XGBoost,0.3,0.7,183,1,0.689046323299408,0.42989063262939453,1,0,1,0,1
medium,23,XGBoost,0.3,0.7,47,0,0.40117359161376953,0.4885883033275604,0,0,0,0,0
medium,23,XGBoost,0.3,0.7,75,0,0.38723355531692505,0.18495820462703705,0,0,0,0,0
medium,23,XGBoost,0.3,0.7,8,0,0.3119833171367645,0.14379768073558807,0,0,0,0,0
medium,23,XGBoost,0.3,0.7,91,0,0.6329707503318787,0.34385064244270325,1,0,1,1,0
medium,23,XGBoost,0.4,0.6,122,1,0.5375759601593018,0.8555920720100403,1,1,0,0,0
medium,23,XGBoost,0.4,0.6,47,0,0.40117359161376953,0.4885883033275604,0,0,0,0,0
medium,24,Logistic Regression,0.2,0.8,196,1,0.6453493584655089,0.6767089575696206,1,1,0,0,0
medium,24,Logistic Regression,0.2,0.8,19,0,0.34246850265718026,0.07176118965449262,0,0,0,0,0
medium,24,Logistic Regression,0.2,0.8,161,1,0.7783951696180681,0.9201733306964938,1,1,0,0,0
medium,24,Logistic Regression,0.2,0.8,91,0,0.30951694029520443,0.0273190193600585,0,0,0,0,0
medium,24,Logistic Regression,0.2,0.8,193,1,0.7215169454097293,0.6511348181809401,1,1,0,0,0
medium,24,Logistic Regression,0.2,0.8,122,1,0.6173148462951501,0.9997083397187142,1,1,0,0,0
medium,24,Logistic Regression,0.2,0.8,63,0,0.21468588828203147,0.05305812056753787,0,0,0,0,0
medium,24,Logistic Regression,0.2,0.8,192,1,0.6257649092356563,0.991871273989786,1,1,0,0,0
medium,24,Logistic Regression,0.2,0.8,75,0,0.5880379869287786,0.024297927443575233,1,0,1,1,0
medium,24,Logistic Regression,0.2,0.8,182,1,0.544875702818969,0.9651360557282141,1,1,0,0,0
medium,24,Logistic Regression,0.2,0.8,191,1,0.5902515380867757,0.9618601779844596,1,1,0,0,0
medium,24,Logistic Regression,0.2,0.8,87,0,0.7880819220445858,0.9037167229168466,1,1,0,0,0
medium,24,Logistic Regression,0.2,0.8,79,0,0.5903542186300278,0.6988913230867178,1,1,0,0,0
medium,24,Logistic Regression,0.2,0.8,45,0,0.6297049300655951,0.7942172137648559,1,1,0,0,0
medium,24,Logistic Regression,0.2,0.8,134,1,0.6255769106512731,0.9750579837028773,1,1,0,0,0
medium,24,Logistic Regression,0.2,0.8,69,0,0.582765912537832,0.9458972026626896,1,1,0,0,0
medium,24,Logistic Regression,0.2,0.8,21,0,0.4289986990204783,0.038484731546714494,0,0,0,0,0
medium,24,Logistic Regression,0.2,0.8,114,1,0.648619607985032,0.8902849268894911,1,1,0,0,0
medium,24,Logistic Regression,0.2,0.8,76,0,0.5688176949293516,0.5668880858414015,1,1,0,0,0
medium,24,Logistic Regression,0.2,0.8,180,1,0.5852394809477433,0.675916012654218,1,1,0,0,0
medium,24,Logistic Regression,0.2,0.8,8,0,0.42465308934742674,0.019795645532770686,0,0,0,0,0
medium,24,Logistic Regression,0.2,0.8,50,0,0.33957879334905694,0.23042465953548077,0,0,0,0,0
medium,24,Logistic Regression,0.2,0.8,30,0,0.3638655353485547,0.19253483493615423,0,0,0,0,0
medium,24,Logistic Regression,0.2,0.8,57,0,0.3269566377971783,0.9757734290631879,0,1,1,0,1
medium,24,Logistic Regression,0.3,0.7,196,1,0.6453493584655089,0.6767089575696206,1,1,0,0,0
medium,24,Logistic Regression,0.3,0.7,19,0,0.34246850265718026,0.07176118965449262,0,0,0,0,0
medium,24,Logistic Regression,0.3,0.7,91,0,0.30951694029520443,0.0273190193600585,0,0,0,0,0
medium,24,Logistic Regression,0.3,0.7,122,1,0.6173148462951501,0.9997083397187142,1,1,0,0,0
medium,24,Logistic Regression,0.3,0.7,192,1,0.6257649092356563,0.991871273989786,1,1,0,0,0
medium,24,Logistic Regression,0.3,0.7,75,0,0.5880379869287786,0.024297927443575233,1,0,1,1,0
medium,24,Logistic Regression,0.3,0.7,182,1,0.544875702818969,0.9651360557282141,1,1,0,0,0
medium,24,Logistic Regression,0.3,0.7,191,1,0.5902515380867757,0.9618601779844596,1,1,0,0,0
medium,24,Logistic Regression,0.3,0.7,79,0,0.5903542186300278,0.6988913230867178,1,1,0,0,0
medium,24,Logistic Regression,0.3,0.7,45,0,0.6297049300655951,0.7942172137648559,1,1,0,0,0
medium,24,Logistic Regression,0.3,0.7,134,1,0.6255769106512731,0.9750579837028773,1,1,0,0,0
medium,24,Logistic Regression,0.3,0.7,69,0,0.582765912537832,0.9458972026626896,1,1,0,0,0
medium,24,Logistic Regression,0.3,0.7,21,0,0.4289986990204783,0.038484731546714494,0,0,0,0,0
medium,24,Logistic Regression,0.3,0.7,114,1,0.648619607985032,0.8902849268894911,1,1,0,0,0
medium,24,Logistic Regression,0.3,0.7,76,0,0.5688176949293516,0.5668880858414015,1,1,0,0,0
medium,24,Logistic Regression,0.3,0.7,180,1,0.5852394809477433,0.675916012654218,1,1,0,0,0
medium,24,Logistic Regression,0.3,0.7,8,0,0.42465308934742674,0.019795645532770686,0,0,0,0,0
medium,24,Logistic Regression,0.3,0.7,50,0,0.33957879334905694,0.23042465953548077,0,0,0,0,0
medium,24,Logistic Regression,0.3,0.7,30,0,0.3638655353485547,0.19253483493615423,0,0,0,0,0
medium,24,Logistic Regression,0.3,0.7,57,0,0.3269566377971783,0.9757734290631879,0,1,1,0,1
medium,24,Logistic Regression,0.4,0.6,75,0,0.5880379869287786,0.024297927443575233,1,0,1,1,0
medium,24,Logistic Regression,0.4,0.6,182,1,0.544875702818969,0.9651360557282141,1,1,0,0,0
medium,24,Logistic Regression,0.4,0.6,191,1,0.5902515380867757,0.9618601779844596,1,1,0,0,0
medium,24,Logistic Regression,0.4,0.6,79,0,0.5903542186300278,0.6988913230867178,1,1,0,0,0
medium,24,Logistic Regression,0.4,0.6,69,0,0.582765912537832,0.9458972026626896,1,1,0,0,0
medium,24,Logistic Regression,0.4,0.6,21,0,0.4289986990204783,0.038484731546714494,0,0,0,0,0
medium,24,Logistic Regression,0.4,0.6,76,0,0.5688176949293516,0.5668880858414015,1,1,0,0,0
medium,24,Logistic Regression,0.4,0.6,180,1,0.5852394809477433,0.675916012654218,1,1,0,0,0
medium,24,Logistic Regression,0.4,0.6,8,0,0.42465308934742674,0.019795645532770686,0,0,0,0,0
medium,24,Random Forest,0.2,0.8,74,0,0.41,0.36,0,0,0,0,0
medium,24,Random Forest,0.2,0.8,177,1,0.77,0.56,1,1,0,0,0
medium,24,Random Forest,0.2,0.8,91,0,0.49,0.32,0,0,0,0,0
medium,24,Random Forest,0.2,0.8,49,0,0.23,0.11,0,0,0,0,0
medium,24,Random Forest,0.2,0.8,122,1,0.7,0.85,1,1,0,0,0
medium,24,Random Forest,0.2,0.8,123,1,0.56,0.73,1,1,0,0,0
medium,24,Random Forest,0.2,0.8,162,1,0.77,0.86,1,1,0,0,0
medium,24,Random Forest,0.2,0.8,55,0,0.27,0.26,0,0,0,0,0
medium,24,Random Forest,0.2,0.8,75,0,0.59,0.46,1,0,1,1,0
medium,24,Random Forest,0.2,0.8,87,0,0.31,0.48,0,0,0,0,0
medium,24,Random Forest,0.2,0.8,79,0,0.31,0.51,0,1,1,0,1
medium,24,Random Forest,0.2,0.8,45,0,0.32,0.38,0,0,0,0,0
medium,24,Random Forest,0.2,0.8,134,1,0.78,0.76,1,1,0,0,0
medium,24,Random Forest,0.2,0.8,43,0,0.21,0.23,0,0,0,0,0
medium,24,Random Forest,0.2,0.8,133,1,0.71,0.77,1,1,0,0,0
medium,24,Random Forest,0.2,0.8,199,1,0.73,0.71,1,1,0,0,0
medium,24,Random Forest,0.2,0.8,114,1,0.65,0.67,1,1,0,0,0
medium,24,Random Forest,0.2,0.8,9,0,0.48,0.58,0,1,1,0,1
medium,24,Random Forest,0.2,0.8,58,0,0.47,0.47,0,0,0,0,0
medium,24,Random Forest,0.3,0.7,74,0,0.41,0.36,0,0,0,0,0
medium,24,Random Forest,0.3,0.7,91,0,0.49,0.32,0,0,0,0,0
medium,24,Random Forest,0.3,0.7,123,1,0.56,0.73,1,1,0,0,0
medium,24,Random Forest,0.3,0.7,75,0,0.59,0.46,1,0,1,1,0
medium,24,Random Forest,0.3,0.7,87,0,0.31,0.48,0,0,0,0,0
medium,24,Random Forest,0.3,0.7,79,0,0.31,0.51,0,1,1,0,1
medium,24,Random Forest,0.3,0.7,45,0,0.32,0.38,0,0,0,0,0
medium,24,Random Forest,0.3,0.7,114,1,0.65,0.67,1,1,0,0,0
medium,24,Random Forest,0.3,0.7,9,0,0.48,0.58,0,1,1,0,1
medium,24,Random Forest,0.3,0.7,58,0,0.47,0.47,0,0,0,0,0
medium,24,Random Forest,0.4,0.6,74,0,0.41,0.36,0,0,0,0,0
medium,24,Random Forest,0.4,0.6,91,0,0.49,0.32,0,0,0,0,0
medium,24,Random Forest,0.4,0.6,123,1,0.56,0.73,1,1,0,0,0
medium,24,Random Forest,0.4,0.6,75,0,0.59,0.46,1,0,1,1,0
medium,24,Random Forest,0.4,0.6,9,0,0.48,0.58,0,1,1,0,1
medium,24,Random Forest,0.4,0.6,58,0,0.47,0.47,0,0,0,0,0
medium,24,XGBoost,0.2,0.8,122,1,0.762858510017395,0.9839476346969604,1,1,0,0,0
medium,24,XGBoost,0.2,0.8,75,0,0.43245643377304077,0.24853046238422394,0,0,0,0,0
medium,24,XGBoost,0.2,0.8,87,0,0.32665544748306274,0.8279396891593933,0,1,1,0,1
medium,24,XGBoost,0.2,0.8,79,0,0.3290455639362335,0.6079002022743225,0,1,1,0,1
medium,24,XGBoost,0.2,0.8,45,0,0.2506526708602905,0.218461275100708,0,0,0,0,0
medium,24,XGBoost,0.2,0.8,195,1,0.6455876231193542,0.9732611775398254,1,1,0,0,0
medium,24,XGBoost,0.2,0.8,21,0,0.2884318232536316,0.4538814425468445,0,0,0,0,0
medium,24,XGBoost,0.2,0.8,58,0,0.7883596420288086,0.8822776079177856,1,1,0,0,0
medium,24,XGBoost,0.3,0.7,75,0,0.43245643377304077,0.24853046238422394,0,0,0,0,0
medium,24,XGBoost,0.3,0.7,87,0,0.32665544748306274,0.8279396891593933,0,1,1,0,1
medium,24,XGBoost,0.3,0.7,79,0,0.3290455639362335,0.6079002022743225,0,1,1,0,1
medium,24,XGBoost,0.3,0.7,195,1,0.6455876231193542,0.9732611775398254,1,1,0,0,0
medium,24,XGBoost,0.4,0.6,75,0,0.43245643377304077,0.24853046238422394,0,0,0,0,0
medium,25,Logistic Regression,0.2,0.8,153,1,0.7921523874213844,0.9344767022698925,1,1,0,0,0
medium,25,Logistic Regression,0.2,0.8,15,0,0.7041013256725226,0.6858032768870967,1,1,0,0,0
medium,25,Logistic Regression,0.2,0.8,39,0,0.26761079124374815,0.09584792373312541,0,0,0,0,0
medium,25,Logistic Regression,0.2,0.8,71,0,0.35663624452312914,0.15319409091840588,0,0,0,0,0
medium,25,Logistic Regression,0.2,0.8,181,1,0.38456734107955837,0.9511767504111927,0,1,1,1,0
medium,25,Logistic Regression,0.2,0.8,185,1,0.49278168941678335,0.7582953060119278,0,1,1,1,0
medium,25,Logistic Regression,0.2,0.8,92,0,0.7542242703856978,0.47096588594459055,1,0,1,1,0
medium,25,Logistic Regression,0.2,0.8,182,1,0.4047890788964041,0.7871329085695148,0,1,1,1,0
medium,25,Logistic Regression,0.2,0.8,67,0,0.5544752961468272,0.24518620844178807,1,0,1,1,0
medium,25,Logistic Regression,0.2,0.8,180,1,0.3913598162791068,0.6941334571801305,0,1,1,1,0
medium,25,Logistic Regression,0.2,0.8,8,0,0.5643487825472676,0.37835036854775744,1,0,1,1,0
medium,25,Logistic Regression,0.2,0.8,192,1,0.4330657330086039,0.9088745432802109,0,1,1,1,0
medium,25,Logistic Regression,0.2,0.8,70,0,0.39824299473411257,0.5570979303042499,0,1,1,0,1
medium,25,Logistic Regression,0.2,0.8,191,1,0.5601656136045599,0.9238985868123838,1,1,0,0,0
medium,25,Logistic Regression,0.2,0.8,44,0,0.2969436383978762,0.10776648973490274,0,0,0,0,0
medium,25,Logistic Regression,0.2,0.8,52,0,0.3218837546843103,0.08147787339566592,0,0,0,0,0
medium,25,Logistic Regression,0.2,0.8,189,1,0.7727237854933634,0.987152620389741,1,1,0,0,0
medium,25,Logistic Regression,0.2,0.8,175,1,0.6568637876524069,0.788411330536676,1,1,0,0,0
medium,25,Logistic Regression,0.2,0.8,193,1,0.7427516246486533,0.5347952392267368,1,1,0,0,0
medium,25,Logistic Regression,0.2,0.8,82,0,0.5719956709015678,0.7973926931506045,1,1,0,0,0
medium,25,Logistic Regression,0.2,0.8,119,1,0.5298502934032724,0.48349194120714506,1,0,1,0,1
medium,25,Logistic Regression,0.2,0.8,21,0,0.3673899118119836,0.055422383611513415,0,0,0,0,0
medium,25,Logistic Regression,0.2,0.8,120,1,0.4116263013379447,0.11451568107006128,0,0,0,0,0
medium,25,Logistic Regression,0.2,0.8,91,0,0.203279260554443,0.06358012335297182,0,0,0,0,0
medium,25,Logistic Regression,0.2,0.8,75,0,0.5528781734659673,0.06314456742441568,1,0,1,1,0
medium,25,Logistic Regression,0.3,0.7,71,0,0.35663624452312914,0.15319409091840588,0,0,0,0,0
medium,25,Logistic Regression,0.3,0.7,181,1,0.38456734107955837,0.9511767504111927,0,1,1,1,0
medium,25,Logistic Regression,0.3,0.7,185,1,0.49278168941678335,0.7582953060119278,0,1,1,1,0
medium,25,Logistic Regression,0.3,0.7,182,1,0.4047890788964041,0.7871329085695148,0,1,1,1,0
medium,25,Logistic Regression,0.3,0.7,67,0,0.5544752961468272,0.24518620844178807,1,0,1,1,0
medium,25,Logistic Regression,0.3,0.7,180,1,0.3913598162791068,0.6941334571801305,0,1,1,1,0
medium,25,Logistic Regression,0.3,0.7,8,0,0.5643487825472676,0.37835036854775744,1,0,1,1,0
medium,25,Logistic Regression,0.3,0.7,192,1,0.4330657330086039,0.9088745432802109,0,1,1,1,0
medium,25,Logistic Regression,0.3,0.7,70,0,0.39824299473411257,0.5570979303042499,0,1,1,0,1
medium,25,Logistic Regression,0.3,0.7,191,1,0.5601656136045599,0.9238985868123838,1,1,0,0,0
medium,25,Logistic Regression,0.3,0.7,52,0,0.3218837546843103,0.08147787339566592,0,0,0,0,0
medium,25,Logistic Regression,0.3,0.7,175,1,0.6568637876524069,0.788411330536676,1,1,0,0,0
medium,25,Logistic Regression,0.3,0.7,82,0,0.5719956709015678,0.7973926931506045,1,1,0,0,0
medium,25,Logistic Regression,0.3,0.7,119,1,0.5298502934032724,0.48349194120714506,1,0,1,0,1
medium,25,Logistic Regression,0.3,0.7,21,0,0.3673899118119836,0.055422383611513415,0,0,0,0,0
medium,25,Logistic Regression,0.3,0.7,120,1,0.4116263013379447,0.11451568107006128,0,0,0,0,0
medium,25,Logistic Regression,0.3,0.7,75,0,0.5528781734659673,0.06314456742441568,1,0,1,1,0
medium,25,Logistic Regression,0.4,0.6,185,1,0.49278168941678335,0.7582953060119278,0,1,1,1,0
medium,25,Logistic Regression,0.4,0.6,182,1,0.4047890788964041,0.7871329085695148,0,1,1,1,0
medium,25,Logistic Regression,0.4,0.6,67,0,0.5544752961468272,0.24518620844178807,1,0,1,1,0
medium,25,Logistic Regression,0.4,0.6,8,0,0.5643487825472676,0.37835036854775744,1,0,1,1,0
medium,25,Logistic Regression,0.4,0.6,192,1,0.4330657330086039,0.9088745432802109,0,1,1,1,0
medium,25,Logistic Regression,0.4,0.6,191,1,0.5601656136045599,0.9238985868123838,1,1,0,0,0
medium,25,Logistic Regression,0.4,0.6,82,0,0.5719956709015678,0.7973926931506045,1,1,0,0,0
medium,25,Logistic Regression,0.4,0.6,119,1,0.5298502934032724,0.48349194120714506,1,0,1,0,1
medium,25,Logistic Regression,0.4,0.6,120,1,0.4116263013379447,0.11451568107006128,0,0,0,0,0
medium,25,Logistic Regression,0.4,0.6,75,0,0.5528781734659673,0.06314456742441568,1,0,1,1,0
medium,25,Random Forest,0.2,0.8,153,1,0.67,0.75,1,1,0,0,0
medium,25,Random Forest,0.2,0.8,47,0,0.41,0.5,0,1,1,0,1
medium,25,Random Forest,0.2,0.8,15,0,0.27,0.34,0,0,0,0,0
medium,25,Random Forest,0.2,0.8,133,1,0.78,0.82,1,1,0,0,0
medium,25,Random Forest,0.2,0.8,6,0,0.28,0.34,0,0,0,0,0
medium,25,Random Forest,0.2,0.8,68,0,0.69,0.61,1,1,0,0,0
medium,25,Random Forest,0.2,0.8,128,1,0.68,0.75,1,1,0,0,0
medium,25,Random Forest,0.2,0.8,92,0,0.45,0.36,0,0,0,0,0
medium,25,Random Forest,0.2,0.8,5,0,0.33,0.4,0,0,0,0,0
medium,25,Random Forest,0.2,0.8,159,1,0.7,0.71,1,1,0,0,0
medium,25,Random Forest,0.2,0.8,141,1,0.64,0.64,1,1,0,0,0
medium,25,Random Forest,0.2,0.8,67,0,0.25,0.26,0,0,0,0,0
medium,25,Random Forest,0.2,0.8,8,0,0.21,0.32,0,0,0,0,0
medium,25,Random Forest,0.2,0.8,199,1,0.68,0.7,1,1,0,0,0
medium,25,Random Forest,0.2,0.8,44,0,0.38,0.45,0,0,0,0,0
medium,25,Random Forest,0.2,0.8,52,0,0.25,0.29,0,0,0,0,0
medium,25,Random Forest,0.2,0.8,114,1,0.73,0.73,1,1,0,0,0
medium,25,Random Forest,0.2,0.8,72,0,0.23,0.46,0,0,0,0,0
medium,25,Random Forest,0.2,0.8,109,1,0.52,0.64,1,1,0,0,0
medium,25,Random Forest,0.2,0.8,147,1,0.65,0.67,1,1,0,0,0
medium,25,Random Forest,0.2,0.8,119,1,0.65,0.52,1,1,0,0,0
medium,25,Random Forest,0.2,0.8,21,0,0.23,0.31,0,0,0,0,0
medium,25,Random Forest,0.2,0.8,120,1,0.7,0.64,1,1,0,0,0
medium,25,Random Forest,0.2,0.8,91,0,0.47,0.36,0,0,0,0,0
medium,25,Random Forest,0.2,0.8,75,0,0.57,0.51,1,1,0,0,0
medium,25,Random Forest,0.3,0.7,153,1,0.67,0.75,1,1,0,0,0
medium,25,Random Forest,0.3,0.7,47,0,0.41,0.5,0,1,1,0,1
medium,25,Random Forest,0.3,0.7,68,0,0.69,0.61,1,1,0,0,0
medium,25,Random Forest,0.3,0.7,128,1,0.68,0.75,1,1,0,0,0
medium,25,Random Forest,0.3,0.7,92,0,0.45,0.36,0,0,0,0,0
medium,25,Random Forest,0.3,0.7,5,0,0.33,0.4,0,0,0,0,0
medium,25,Random Forest,0.3,0.7,141,1,0.64,0.64,1,1,0,0,0
medium,25,Random Forest,0.3,0.7,199,1,0.68,0.7,1,1,0,0,0
medium,25,Random Forest,0.3,0.7,44,0,0.38,0.45,0,0,0,0,0
medium,25,Random Forest,0.3,0.7,109,1,0.52,0.64,1,1,0,0,0
medium,25,Random Forest,0.3,0.7,147,1,0.65,0.67,1,1,0,0,0
medium,25,Random Forest,0.3,0.7,119,1,0.65,0.52,1,1,0,0,0
medium,25,Random Forest,0.3,0.7,91,0,0.47,0.36,0,0,0,0,0
medium,25,Random Forest,0.3,0.7,75,0,0.57,0.51,1,1,0,0,0
medium,25,Random Forest,0.4,0.6,47,0,0.41,0.5,0,1,1,0,1
medium,25,Random Forest,0.4,0.6,92,0,0.45,0.36,0,0,0,0,0
medium,25,Random Forest,0.4,0.6,109,1,0.52,0.64,1,1,0,0,0
medium,25,Random Forest,0.4,0.6,91,0,0.47,0.36,0,0,0,0,0
medium,25,Random Forest,0.4,0.6,75,0,0.57,0.51,1,1,0,0,0
medium,25,XGBoost,0.2,0.8,15,0,0.4795167148113251,0.41322124004364014,0,0,0,0,0
medium,25,XGBoost,0.2,0.8,6,0,0.5941899418830872,0.5403155088424683,1,1,0,0,0
medium,25,XGBoost,0.2,0.8,68,0,0.4827582538127899,0.3048208951950073,0,0,0,0,0
medium,25,XGBoost,0.2,0.8,181,1,0.7014499306678772,0.9127885699272156,1,1,0,0,0
medium,25,XGBoost,0.2,0.8,159,1,0.42012301087379456,0.8046859502792358,0,1,1,1,0
medium,25,XGBoost,0.2,0.8,141,1,0.759492039680481,0.6700273752212524,1,1,0,0,0
medium,25,XGBoost,0.2,0.8,67,0,0.245965838432312,0.12867873907089233,0,0,0,0,0
medium,25,XGBoost,0.2,0.8,44,0,0.6841628551483154,0.7715548276901245,1,1,0,0,0
medium,25,XGBoost,0.2,0.8,109,1,0.24188899993896484,0.6012263894081116,0,1,1,1,0
medium,25,XGBoost,0.2,0.8,119,1,0.7312407493591309,0.5346974730491638,1,1,0,0,0
medium,25,XGBoost,0.2,0.8,91,0,0.7750399112701416,0.3997255265712738,1,0,1,1,0
medium,25,XGBoost,0.2,0.8,75,0,0.4084913730621338,0.6126337051391602,0,1,1,0,1
medium,25,XGBoost,0.3,0.7,15,0,0.4795167148113251,0.41322124004364014,0,0,0,0,0
medium,25,XGBoost,0.3,0.7,6,0,0.5941899418830872,0.5403155088424683,1,1,0,0,0
medium,25,XGBoost,0.3,0.7,68,0,0.4827582538127899,0.3048208951950073,0,0,0,0,0
medium,25,XGBoost,0.3,0.7,159,1,0.42012301087379456,0.8046859502792358,0,1,1,1,0
medium,25,XGBoost,0.3,0.7,44,0,0.6841628551483154,0.7715548276901245,1,1,0,0,0
medium,25,XGBoost,0.3,0.7,75,0,0.4084913730621338,0.6126337051391602,0,1,1,0,1
medium,25,XGBoost,0.4,0.6,15,0,0.4795167148113251,0.41322124004364014,0,0,0,0,0
medium,25,XGBoost,0.4,0.6,6,0,0.5941899418830872,0.5403155088424683,1,1,0,0,0
medium,25,XGBoost,0.4,0.6,68,0,0.4827582538127899,0.3048208951950073,0,0,0,0,0
medium,25,XGBoost,0.4,0.6,159,1,0.42012301087379456,0.8046859502792358,0,1,1,1,0
medium,25,XGBoost,0.4,0.6,75,0,0.4084913730621338,0.6126337051391602,0,1,1,0,1
medium,26,Logistic Regression,0.2,0.8,197,1,0.6478448286521106,0.986755590093581,1,1,0,0,0
medium,26,Logistic Regression,0.2,0.8,45,0,0.5564278488057408,0.8574709526512984,1,1,0,0,0
medium,26,Logistic Regression,0.2,0.8,19,0,0.21484866893739962,0.06500367125677389,0,0,0,0,0
medium,26,Logistic Regression,0.2,0.8,63,0,0.3902410362431211,0.0851898949290876,0,0,0,0,0
medium,26,Logistic Regression,0.2,0.8,72,0,0.2597690797247235,0.45254633924392035,0,0,0,0,0
medium,26,Logistic Regression,0.2,0.8,193,1,0.44767009243227585,0.3340433538637034,0,0,0,0,0
medium,26,Logistic Regression,0.2,0.8,53,0,0.24107985726467446,0.019524597900542923,0,0,0,0,0
medium,26,Logistic Regression,0.2,0.8,118,1,0.5946977770700806,0.16165813181200145,1,0,1,0,1
medium,26,Logistic Regression,0.2,0.8,74,0,0.20057314672177698,0.03078380849607468,0,0,0,0,0
medium,26,Logistic Regression,0.2,0.8,185,1,0.6647691348221599,0.9332310633326204,1,1,0,0,0
medium,26,Logistic Regression,0.2,0.8,113,1,0.4040541052846726,0.888934119525592,0,1,1,1,0
medium,26,Logistic Regression,0.2,0.8,88,0,0.4709252680829119,0.6102347362620046,0,1,1,0,1
medium,26,Logistic Regression,0.2,0.8,21,0,0.28785493997447803,0.061424735950493616,0,0,0,0,0
medium,26,Logistic Regression,0.2,0.8,149,1,0.7332175408012631,0.9895339183947366,1,1,0,0,0
medium,26,Logistic Regression,0.2,0.8,163,1,0.6835882440537226,0.81745032414975,1,1,0,0,0
medium,26,Logistic Regression,0.2,0.8,117,1,0.4972619117447043,0.8609647923598844,0,1,1,1,0
medium,26,Logistic Regression,0.2,0.8,172,1,0.6656007143579415,0.8636797298162373,1,1,0,0,0
medium,26,Logistic Regression,0.2,0.8,192,1,0.35262272914013604,0.9159391352535481,0,1,1,1,0
medium,26,Logistic Regression,0.2,0.8,43,0,0.20991470323394432,0.019828951950934544,0,0,0,0,0
medium,26,Logistic Regression,0.2,0.8,56,0,0.5966081612234487,0.46020481392619367,1,0,1,1,0
medium,26,Logistic Regression,0.2,0.8,161,1,0.6994333365100914,0.8235113374853603,1,1,0,0,0
medium,26,Logistic Regression,0.2,0.8,71,0,0.33417620683275473,0.09455014616836194,0,0,0,0,0
medium,26,Logistic Regression,0.2,0.8,189,1,0.6174298368689751,0.973566202272852,1,1,0,0,0
medium,26,Logistic Regression,0.2,0.8,122,1,0.45565204377043395,0.9959737491534472,0,1,1,1,0
medium,26,Logistic Regression,0.2,0.8,78,0,0.7277783483494791,0.5333588185307062,1,1,0,0,0
medium,26,Logistic Regression,0.2,0.8,120,1,0.3051608992671274,0.27084105099134165,0,0,0,0,0
medium,26,Logistic Regression,0.2,0.8,183,1,0.31913514806933724,0.5305627279492807,0,1,1,1,0
medium,26,Logistic Regression,0.2,0.8,91,0,0.32760331024230027,0.020829907037735643,0,0,0,0,0
medium,26,Logistic Regression,0.2,0.8,180,1,0.459735110128003,0.8620291864614347,0,1,1,1,0
medium,26,Logistic Regression,0.2,0.8,171,1,0.6612586030040475,0.20933369599927712,1,0,1,0,1
medium,26,Logistic Regression,0.2,0.8,158,1,0.3246122912570802,0.7178188708283079,0,1,1,1,0
medium,26,Logistic Regression,0.3,0.7,197,1,0.6478448286521106,0.986755590093581,1,1,0,0,0
medium,26,Logistic Regression,0.3,0.7,45,0,0.5564278488057408,0.8574709526512984,1,1,0,0,0
medium,26,Logistic Regression,0.3,0.7,63,0,0.3902410362431211,0.0851898949290876,0,0,0,0,0
medium,26,Logistic Regression,0.3,0.7,193,1,0.44767009243227585,0.3340433538637034,0,0,0,0,0
medium,26,Logistic Regression,0.3,0.7,118,1,0.5946977770700806,0.16165813181200145,1,0,1,0,1
medium,26,Logistic Regression,0.3,0.7,185,1,0.6647691348221599,0.9332310633326204,1,1,0,0,0
medium,26,Logistic Regression,0.3,0.7,113,1,0.4040541052846726,0.888934119525592,0,1,1,1,0
medium,26,Logistic Regression,0.3,0.7,88,0,0.4709252680829119,0.6102347362620046,0,1,1,0,1
medium,26,Logistic Regression,0.3,0.7,163,1,0.6835882440537226,0.81745032414975,1,1,0,0,0
medium,26,Logistic Regression,0.3,0.7,117,1,0.4972619117447043,0.8609647923598844,0,1,1,1,0
medium,26,Logistic Regression,0.3,0.7,172,1,0.6656007143579415,0.8636797298162373,1,1,0,0,0
medium,26,Logistic Regression,0.3,0.7,192,1,0.35262272914013604,0.9159391352535481,0,1,1,1,0
medium,26,Logistic Regression,0.3,0.7,56,0,0.5966081612234487,0.46020481392619367,1,0,1,1,0
medium,26,Logistic Regression,0.3,0.7,161,1,0.6994333365100914,0.8235113374853603,1,1,0,0,0
medium,26,Logistic Regression,0.3,0.7,71,0,0.33417620683275473,0.09455014616836194,0,0,0,0,0
medium,26,Logistic Regression,0.3,0.7,189,1,0.6174298368689751,0.973566202272852,1,1,0,0,0
medium,26,Logistic Regression,0.3,0.7,122,1,0.45565204377043395,0.9959737491534472,0,1,1,1,0
medium,26,Logistic Regression,0.3,0.7,120,1,0.3051608992671274,0.27084105099134165,0,0,0,0,0
medium,26,Logistic Regression,0.3,0.7,183,1,0.31913514806933724,0.5305627279492807,0,1,1,1,0
medium,26,Logistic Regression,0.3,0.7,91,0,0.32760331024230027,0.020829907037735643,0,0,0,0,0
medium,26,Logistic Regression,0.3,0.7,180,1,0.459735110128003,0.8620291864614347,0,1,1,1,0
medium,26,Logistic Regression,0.3,0.7,171,1,0.6612586030040475,0.20933369599927712,1,0,1,0,1
medium,26,Logistic Regression,0.3,0.7,158,1,0.3246122912570802,0.7178188708283079,0,1,1,1,0
medium,26,Logistic Regression,0.4,0.6,45,0,0.5564278488057408,0.8574709526512984,1,1,0,0,0
medium,26,Logistic Regression,0.4,0.6,193,1,0.44767009243227585,0.3340433538637034,0,0,0,0,0
medium,26,Logistic Regression,0.4,0.6,118,1,0.5946977770700806,0.16165813181200145,1,0,1,0,1
medium,26,Logistic Regression,0.4,0.6,113,1,0.4040541052846726,0.888934119525592,0,1,1,1,0
medium,26,Logistic Regression,0.4,0.6,88,0,0.4709252680829119,0.6102347362620046,0,1,1,0,1
medium,26,Logistic Regression,0.4,0.6,117,1,0.4972619117447043,0.8609647923598844,0,1,1,1,0
medium,26,Logistic Regression,0.4,0.6,56,0,0.5966081612234487,0.46020481392619367,1,0,1,1,0
medium,26,Logistic Regression,0.4,0.6,122,1,0.45565204377043395,0.9959737491534472,0,1,1,1,0
medium,26,Logistic Regression,0.4,0.6,180,1,0.459735110128003,0.8620291864614347,0,1,1,1,0
medium,26,Random Forest,0.2,0.8,45,0,0.34,0.38,0,0,0,0,0
medium,26,Random Forest,0.2,0.8,63,0,0.25,0.17,0,0,0,0,0
medium,26,Random Forest,0.2,0.8,72,0,0.28,0.43,0,0,0,0,0
medium,26,Random Forest,0.2,0.8,193,1,0.77,0.57,1,1,0,0,0
medium,26,Random Forest,0.2,0.8,74,0,0.6,0.49,1,0,1,1,0
medium,26,Random Forest,0.2,0.8,113,1,0.65,0.78,1,1,0,0,0
medium,26,Random Forest,0.2,0.8,88,0,0.33,0.26,0,0,0,0,0
medium,26,Random Forest,0.2,0.8,21,0,0.22,0.33,0,0,0,0,0
medium,26,Random Forest,0.2,0.8,44,0,0.31,0.43,0,0,0,0,0
medium,26,Random Forest,0.2,0.8,162,1,0.69,0.81,1,1,0,0,0
medium,26,Random Forest,0.2,0.8,117,1,0.78,0.78,1,1,0,0,0
medium,26,Random Forest,0.2,0.8,43,0,0.25,0.2,0,0,0,0,0
medium,26,Random Forest,0.2,0.8,198,1,0.7,0.49,1,0,1,0,1
medium,26,Random Forest,0.2,0.8,56,0,0.51,0.44,1,0,1,1,0
medium,26,Random Forest,0.2,0.8,161,1,0.78,0.79,1,1,0,0,0
medium,26,Random Forest,0.2,0.8,189,1,0.73,0.81,1,1,0,0,0
medium,26,Random Forest,0.2,0.8,122,1,0.63,0.76,1,1,0,0,0
medium,26,Random Forest,0.2,0.8,78,0,0.24,0.27,0,0,0,0,0
medium,26,Random Forest,0.2,0.8,120,1,0.68,0.59,1,1,0,0,0
medium,26,Random Forest,0.2,0.8,183,1,0.67,0.67,1,1,0,0,0
medium,26,Random Forest,0.2,0.8,91,0,0.56,0.31,1,0,1,1,0
medium,26,Random Forest,0.2,0.8,65,0,0.44,0.34,0,0,0,0,0
medium,26,Random Forest,0.2,0.8,158,1,0.66,0.81,1,1,0,0,0
medium,26,Random Forest,0.3,0.7,45,0,0.34,0.38,0,0,0,0,0
medium,26,Random Forest,0.3,0.7,74,0,0.6,0.49,1,0,1,1,0
medium,26,Random Forest,0.3,0.7,113,1,0.65,0.78,1,1,0,0,0
medium,26,Random Forest,0.3,0.7,88,0,0.33,0.26,0,0,0,0,0
medium,26,Random Forest,0.3,0.7,44,0,0.31,0.43,0,0,0,0,0
medium,26,Random Forest,0.3,0.7,162,1,0.69,0.81,1,1,0,0,0
medium,26,Random Forest,0.3,0.7,56,0,0.51,0.44,1,0,1,1,0
medium,26,Random Forest,0.3,0.7,122,1,0.63,0.76,1,1,0,0,0
medium,26,Random Forest,0.3,0.7,120,1,0.68,0.59,1,1,0,0,0
medium,26,Random Forest,0.3,0.7,183,1,0.67,0.67,1,1,0,0,0
medium,26,Random Forest,0.3,0.7,91,0,0.56,0.31,1,0,1,1,0
medium,26,Random Forest,0.3,0.7,65,0,0.44,0.34,0,0,0,0,0
medium,26,Random Forest,0.3,0.7,158,1,0.66,0.81,1,1,0,0,0
medium,26,Random Forest,0.4,0.6,56,0,0.51,0.44,1,0,1,1,0
medium,26,Random Forest,0.4,0.6,91,0,0.56,0.31,1,0,1,1,0
medium,26,Random Forest,0.4,0.6,65,0,0.44,0.34,0,0,0,0,0
medium,26,XGBoost,0.2,0.8,45,0,0.23936718702316284,0.3953160047531128,0,0,0,0,0
medium,26,XGBoost,0.2,0.8,148,1,0.7149173021316528,0.778259813785553,1,1,0,0,0
medium,26,XGBoost,0.2,0.8,113,1,0.7628477215766907,0.9411339163780212,1,1,0,0,0
medium,26,XGBoost,0.2,0.8,44,0,0.5757681727409363,0.27099791169166565,1,0,1,1,0
medium,26,XGBoost,0.2,0.8,189,1,0.6183456182479858,0.8936722874641418,1,1,0,0,0
medium,26,XGBoost,0.2,0.8,122,1,0.5435068607330322,0.9326844811439514,1,1,0,0,0
medium,26,XGBoost,0.2,0.8,180,1,0.620083212852478,0.7537977695465088,1,1,0,0,0
medium,26,XGBoost,0.2,0.8,158,1,0.7677942514419556,0.7911118268966675,1,1,0,0,0
medium,26,XGBoost,0.3,0.7,44,0,0.5757681727409363,0.27099791169166565,1,0,1,1,0
medium,26,XGBoost,0.3,0.7,189,1,0.6183456182479858,0.8936722874641418,1,1,0,0,0
medium,26,XGBoost,0.3,0.7,122,1,0.5435068607330322,0.9326844811439514,1,1,0,0,0
medium,26,XGBoost,0.3,0.7,180,1,0.620083212852478,0.7537977695465088,1,1,0,0,0
medium,26,XGBoost,0.4,0.6,44,0,0.5757681727409363,0.27099791169166565,1,0,1,1,0
medium,26,XGBoost,0.4,0.6,122,1,0.5435068607330322,0.9326844811439514,1,1,0,0,0
medium,27,Logistic Regression,0.2,0.8,23,0,0.36783251875577566,0.6625479250417368,0,1,1,0,1
medium,27,Logistic Regression,0.2,0.8,49,0,0.3073234692809591,0.2548291697288362,0,0,0,0,0
medium,27,Logistic Regression,0.2,0.8,73,0,0.5131195066880949,0.9017001806999557,1,1,0,0,0
medium,27,Logistic Regression,0.2,0.8,70,0,0.284285578101534,0.5041163762493738,0,1,1,0,1
medium,27,Logistic Regression,0.2,0.8,126,1,0.6327041768819525,0.9914763079094653,1,1,0,0,0
medium,27,Logistic Regression,0.2,0.8,172,1,0.6231246263987762,0.8171058407945411,1,1,0,0,0
medium,27,Logistic Regression,0.2,0.8,185,1,0.7564512324842222,0.9559102980768077,1,1,0,0,0
medium,27,Logistic Regression,0.2,0.8,84,0,0.5781301695989635,0.19580907484731533,1,0,1,1,0
medium,27,Logistic Regression,0.2,0.8,82,0,0.3787006755221169,0.6596803064788201,0,1,1,0,1
medium,27,Logistic Regression,0.2,0.8,55,0,0.2864366208362778,0.7824416575207612,0,1,1,0,1
medium,27,Logistic Regression,0.2,0.8,72,0,0.28234693576076403,0.42328816770281424,0,0,0,0,0
medium,27,Logistic Regression,0.2,0.8,145,1,0.4963059097235646,0.11044026141195197,0,0,0,0,0
medium,27,Logistic Regression,0.2,0.8,173,1,0.47687253432010934,0.8921440410813334,0,1,1,1,0
medium,27,Logistic Regression,0.2,0.8,77,0,0.3062109646447731,0.03019079790124847,0,0,0,0,0
medium,27,Logistic Regression,0.2,0.8,119,1,0.521596644620414,0.40946288360156324,1,0,1,0,1
medium,27,Logistic Regression,0.2,0.8,191,1,0.5445208908147975,0.9660626472336168,1,1,0,0,0
medium,27,Logistic Regression,0.2,0.8,8,0,0.5329415763182558,0.07668132995936341,1,0,1,1,0
medium,27,Logistic Regression,0.2,0.8,114,1,0.7856811656465997,0.938774587697843,1,1,0,0,0
medium,27,Logistic Regression,0.2,0.8,163,1,0.569037216842549,0.6039479927215619,1,1,0,0,0
medium,27,Logistic Regression,0.2,0.8,116,1,0.5360666973058285,0.9045932118309989,1,1,0,0,0
medium,27,Logistic Regression,0.2,0.8,180,1,0.5748282974789193,0.862585903445843,1,1,0,0,0
medium,27,Logistic Regression,0.2,0.8,63,0,0.20411738635941468,0.09264258647935476,0,0,0,0,0
medium,27,Logistic Regression,0.2,0.8,69,0,0.6342286508405732,0.9891105264484931,1,1,0,0,0
medium,27,Logistic Regression,0.2,0.8,188,1,0.5403960110234687,0.9975741719891985,1,1,0,0,0
medium,27,Logistic Regression,0.2,0.8,36,0,0.33036007431116066,0.33873774360337466,0,0,0,0,0
medium,27,Logistic Regression,0.2,0.8,10,0,0.42171864639656753,0.30680899823737257,0,0,0,0,0
medium,27,Logistic Regression,0.2,0.8,175,1,0.7111738612005266,0.9821776372395878,1,1,0,0,0
medium,27,Logistic Regression,0.2,0.8,176,1,0.612883481245032,0.7701015711651428,1,1,0,0,0
medium,27,Logistic Regression,0.3,0.7,23,0,0.36783251875577566,0.6625479250417368,0,1,1,0,1
medium,27,Logistic Regression,0.3,0.7,49,0,0.3073234692809591,0.2548291697288362,0,0,0,0,0
medium,27,Logistic Regression,0.3,0.7,73,0,0.5131195066880949,0.9017001806999557,1,1,0,0,0
medium,27,Logistic Regression,0.3,0.7,126,1,0.6327041768819525,0.9914763079094653,1,1,0,0,0
medium,27,Logistic Regression,0.3,0.7,172,1,0.6231246263987762,0.8171058407945411,1,1,0,0,0
medium,27,Logistic Regression,0.3,0.7,84,0,0.5781301695989635,0.19580907484731533,1,0,1,1,0
medium,27,Logistic Regression,0.3,0.7,82,0,0.3787006755221169,0.6596803064788201,0,1,1,0,1
medium,27,Logistic Regression,0.3,0.7,145,1,0.4963059097235646,0.11044026141195197,0,0,0,0,0
medium,27,Logistic Regression,0.3,0.7,173,1,0.47687253432010934,0.8921440410813334,0,1,1,1,0
medium,27,Logistic Regression,0.3,0.7,77,0,0.3062109646447731,0.03019079790124847,0,0,0,0,0
medium,27,Logistic Regression,0.3,0.7,119,1,0.521596644620414,0.40946288360156324,1,0,1,0,1
medium,27,Logistic Regression,0.3,0.7,191,1,0.5445208908147975,0.9660626472336168,1,1,0,0,0
medium,27,Logistic Regression,0.3,0.7,8,0,0.5329415763182558,0.07668132995936341,1,0,1,1,0
medium,27,Logistic Regression,0.3,0.7,163,1,0.569037216842549,0.6039479927215619,1,1,0,0,0
medium,27,Logistic Regression,0.3,0.7,116,1,0.5360666973058285,0.9045932118309989,1,1,0,0,0
medium,27,Logistic Regression,0.3,0.7,180,1,0.5748282974789193,0.862585903445843,1,1,0,0,0
medium,27,Logistic Regression,0.3,0.7,69,0,0.6342286508405732,0.9891105264484931,1,1,0,0,0
medium,27,Logistic Regression,0.3,0.7,188,1,0.5403960110234687,0.9975741719891985,1,1,0,0,0
medium,27,Logistic Regression,0.3,0.7,36,0,0.33036007431116066,0.33873774360337466,0,0,0,0,0
medium,27,Logistic Regression,0.3,0.7,10,0,0.42171864639656753,0.30680899823737257,0,0,0,0,0
medium,27,Logistic Regression,0.3,0.7,176,1,0.612883481245032,0.7701015711651428,1,1,0,0,0
medium,27,Logistic Regression,0.4,0.6,73,0,0.5131195066880949,0.9017001806999557,1,1,0,0,0
medium,27,Logistic Regression,0.4,0.6,84,0,0.5781301695989635,0.19580907484731533,1,0,1,1,0
medium,27,Logistic Regression,0.4,0.6,145,1,0.4963059097235646,0.11044026141195197,0,0,0,0,0
medium,27,Logistic Regression,0.4,0.6,173,1,0.47687253432010934,0.8921440410813334,0,1,1,1,0
medium,27,Logistic Regression,0.4,0.6,119,1,0.521596644620414,0.40946288360156324,1,0,1,0,1
medium,27,Logistic Regression,0.4,0.6,191,1,0.5445208908147975,0.9660626472336168,1,1,0,0,0
medium,27,Logistic Regression,0.4,0.6,8,0,0.5329415763182558,0.07668132995936341,1,0,1,1,0
medium,27,Logistic Regression,0.4,0.6,163,1,0.569037216842549,0.6039479927215619,1,1,0,0,0
medium,27,Logistic Regression,0.4,0.6,116,1,0.5360666973058285,0.9045932118309989,1,1,0,0,0
medium,27,Logistic Regression,0.4,0.6,180,1,0.5748282974789193,0.862585903445843,1,1,0,0,0
medium,27,Logistic Regression,0.4,0.6,188,1,0.5403960110234687,0.9975741719891985,1,1,0,0,0
medium,27,Logistic Regression,0.4,0.6,10,0,0.42171864639656753,0.30680899823737257,0,0,0,0,0
medium,27,Random Forest,0.2,0.8,78,0,0.47,0.4,0,0,0,0,0
medium,27,Random Forest,0.2,0.8,49,0,0.28,0.35,0,0,0,0,0
medium,27,Random Forest,0.2,0.8,58,0,0.4,0.45,0,0,0,0,0
medium,27,Random Forest,0.2,0.8,35,0,0.37,0.28,0,0,0,0,0
medium,27,Random Forest,0.2,0.8,84,0,0.6,0.62,1,1,0,0,0
medium,27,Random Forest,0.2,0.8,55,0,0.3,0.37,0,0,0,0,0
medium,27,Random Forest,0.2,0.8,72,0,0.29,0.41,0,0,0,0,0
medium,27,Random Forest,0.2,0.8,64,0,0.37,0.29,0,0,0,0,0
medium,27,Random Forest,0.2,0.8,173,1,0.65,0.65,1,1,0,0,0
medium,27,Random Forest,0.2,0.8,119,1,0.59,0.54,1,1,0,0,0
medium,27,Random Forest,0.2,0.8,20,0,0.27,0.43,0,0,0,0,0
medium,27,Random Forest,0.2,0.8,123,1,0.53,0.69,1,1,0,0,0
medium,27,Random Forest,0.2,0.8,8,0,0.24,0.19,0,0,0,0,0
medium,27,Random Forest,0.2,0.8,114,1,0.63,0.72,1,1,0,0,0
medium,27,Random Forest,0.2,0.8,116,1,0.77,0.66,1,1,0,0,0
medium,27,Random Forest,0.2,0.8,63,0,0.26,0.21,0,0,0,0,0
medium,27,Random Forest,0.2,0.8,198,1,0.67,0.61,1,1,0,0,0
medium,27,Random Forest,0.2,0.8,164,1,0.79,0.69,1,1,0,0,0
medium,27,Random Forest,0.2,0.8,176,1,0.74,0.73,1,1,0,0,0
medium,27,Random Forest,0.3,0.7,78,0,0.47,0.4,0,0,0,0,0
medium,27,Random Forest,0.3,0.7,58,0,0.4,0.45,0,0,0,0,0
medium,27,Random Forest,0.3,0.7,35,0,0.37,0.28,0,0,0,0,0
medium,27,Random Forest,0.3,0.7,84,0,0.6,0.62,1,1,0,0,0
medium,27,Random Forest,0.3,0.7,64,0,0.37,0.29,0,0,0,0,0
medium,27,Random Forest,0.3,0.7,173,1,0.65,0.65,1,1,0,0,0
medium,27,Random Forest,0.3,0.7,119,1,0.59,0.54,1,1,0,0,0
medium,27,Random Forest,0.3,0.7,123,1,0.53,0.69,1,1,0,0,0
medium,27,Random Forest,0.3,0.7,114,1,0.63,0.72,1,1,0,0,0
medium,27,Random Forest,0.3,0.7,198,1,0.67,0.61,1,1,0,0,0
medium,27,Random Forest,0.4,0.6,78,0,0.47,0.4,0,0,0,0,0
medium,27,Random Forest,0.4,0.6,119,1,0.59,0.54,1,1,0,0,0
medium,27,Random Forest,0.4,0.6,123,1,0.53,0.69,1,1,0,0,0
medium,27,XGBoost,0.2,0.8,58,0,0.2003180831670761,0.48103541135787964,0,0,0,0,0
medium,27,XGBoost,0.2,0.8,35,0,0.47051548957824707,0.15410122275352478,0,0,0,0,0
medium,27,XGBoost,0.2,0.8,72,0,0.42053481936454773,0.4032202661037445,0,0,0,0,0
medium,27,XGBoost,0.2,0.8,64,0,0.2501375675201416,0.1859537959098816,0,0,0,0,0
medium,27,XGBoost,0.2,0.8,119,1,0.3751741051673889,0.32249197363853455,0,0,0,0,0
medium,27,XGBoost,0.2,0.8,8,0,0.21578095853328705,0.1052100658416748,0,0,0,0,0
medium,27,XGBoost,0.2,0.8,176,1,0.5820131301879883,0.787434995174408,1,1,0,0,0
medium,27,XGBoost,0.3,0.7,35,0,0.47051548957824707,0.15410122275352478,0,0,0,0,0
medium,27,XGBoost,0.3,0.7,72,0,0.42053481936454773,0.4032202661037445,0,0,0,0,0
medium,27,XGBoost,0.3,0.7,119,1,0.3751741051673889,0.32249197363853455,0,0,0,0,0
medium,27,XGBoost,0.3,0.7,176,1,0.5820131301879883,0.787434995174408,1,1,0,0,0
medium,27,XGBoost,0.4,0.6,35,0,0.47051548957824707,0.15410122275352478,0,0,0,0,0
medium,27,XGBoost,0.4,0.6,72,0,0.42053481936454773,0.4032202661037445,0,0,0,0,0
medium,27,XGBoost,0.4,0.6,176,1,0.5820131301879883,0.787434995174408,1,1,0,0,0
medium,28,Logistic Regression,0.2,0.8,12,0,0.435670542363836,0.08916852687421446,0,0,0,0,0
medium,28,Logistic Regression,0.2,0.8,117,1,0.6278749804225384,0.6103360184977578,1,1,0,0,0
medium,28,Logistic Regression,0.2,0.8,23,0,0.5671660047186277,0.8973995115086922,1,1,0,0,0
medium,28,Logistic Regression,0.2,0.8,11,0,0.2681251469008573,0.11680379357232551,0,0,0,0,0
medium,28,Logistic Regression,0.2,0.8,81,0,0.23033016544968637,0.23605532508796587,0,0,0,0,0
medium,28,Logistic Regression,0.2,0.8,148,1,0.6021794018076426,0.1355180459596347,1,0,1,0,1
medium,28,Logistic Regression,0.2,0.8,175,1,0.765940375177478,0.9855349161511822,1,1,0,0,0
medium,28,Logistic Regression,0.2,0.8,19,0,0.36218397766808746,0.22228105385015004,0,0,0,0,0
medium,28,Logistic Regression,0.2,0.8,184,1,0.7536141569094877,0.9782893118472686,1,1,0,0,0
medium,28,Logistic Regression,0.2,0.8,140,1,0.5092685456646975,0.48379629116314754,1,0,1,0,1
medium,28,Logistic Regression,0.2,0.8,20,0,0.7479511791624678,0.39972956834917023,1,0,1,1,0
medium,28,Logistic Regression,0.2,0.8,153,1,0.7736837188673573,0.7984220357919952,1,1,0,0,0
medium,28,Logistic Regression,0.2,0.8,21,0,0.49580204282185975,0.12053804617611857,0,0,0,0,0
medium,28,Logistic Regression,0.2,0.8,196,1,0.589689156161687,0.45945474560004557,1,0,1,0,1
medium,28,Logistic Regression,0.2,0.8,31,0,0.7572882162765944,0.8821482659117498,1,1,0,0,0
medium,28,Logistic Regression,0.2,0.8,15,0,0.6138011145347826,0.26030598544918654,1,0,1,1,0
medium,28,Logistic Regression,0.2,0.8,158,1,0.39990753044205035,0.7723825113591579,0,1,1,1,0
medium,28,Logistic Regression,0.2,0.8,193,1,0.7670002541164018,0.8567240964229934,1,1,0,0,0
medium,28,Logistic Regression,0.2,0.8,2,0,0.5666457181827077,0.04089101493410749,1,0,1,1,0
medium,28,Logistic Regression,0.2,0.8,70,0,0.3563981105584894,0.10298406231857626,0,0,0,0,0
medium,28,Logistic Regression,0.2,0.8,181,1,0.5241211649299569,0.9739458946420071,1,1,0,0,0
medium,28,Logistic Regression,0.2,0.8,77,0,0.3169634880213019,0.13294606409167958,0,0,0,0,0
medium,28,Logistic Regression,0.2,0.8,1,0,0.6805659508681448,0.7513146579482085,1,1,0,0,0
medium,28,Logistic Regression,0.2,0.8,50,0,0.3485974881949118,0.2993586466800859,0,0,0,0,0
medium,28,Logistic Regression,0.2,0.8,8,0,0.5876004642284455,0.07502071152676523,1,0,1,1,0
medium,28,Logistic Regression,0.2,0.8,97,0,0.7633637119911153,0.8472951692435459,1,1,0,0,0
medium,28,Logistic Regression,0.2,0.8,72,0,0.2019695995039096,0.4228681068082989,0,0,0,0,0
medium,28,Logistic Regression,0.2,0.8,30,0,0.337944176009393,0.3125413029177691,0,0,0,0,0
medium,28,Logistic Regression,0.2,0.8,149,1,0.7362726459285671,0.951804944657035,1,1,0,0,0
medium,28,Logistic Regression,0.3,0.7,12,0,0.435670542363836,0.08916852687421446,0,0,0,0,0
medium,28,Logistic Regression,0.3,0.7,117,1,0.6278749804225384,0.6103360184977578,1,1,0,0,0
medium,28,Logistic Regression,0.3,0.7,23,0,0.5671660047186277,0.8973995115086922,1,1,0,0,0
medium,28,Logistic Regression,0.3,0.7,148,1,0.6021794018076426,0.1355180459596347,1,0,1,0,1
medium,28,Logistic Regression,0.3,0.7,19,0,0.36218397766808746,0.22228105385015004,0,0,0,0,0
medium,28,Logistic Regression,0.3,0.7,140,1,0.5092685456646975,0.48379629116314754,1,0,1,0,1
medium,28,Logistic Regression,0.3,0.7,21,0,0.49580204282185975,0.12053804617611857,0,0,0,0,0
medium,28,Logistic Regression,0.3,0.7,196,1,0.589689156161687,0.45945474560004557,1,0,1,0,1
medium,28,Logistic Regression,0.3,0.7,15,0,0.6138011145347826,0.26030598544918654,1,0,1,1,0
medium,28,Logistic Regression,0.3,0.7,158,1,0.39990753044205035,0.7723825113591579,0,1,1,1,0
medium,28,Logistic Regression,0.3,0.7,2,0,0.5666457181827077,0.04089101493410749,1,0,1,1,0
medium,28,Logistic Regression,0.3,0.7,70,0,0.3563981105584894,0.10298406231857626,0,0,0,0,0
medium,28,Logistic Regression,0.3,0.7,181,1,0.5241211649299569,0.9739458946420071,1,1,0,0,0
medium,28,Logistic Regression,0.3,0.7,77,0,0.3169634880213019,0.13294606409167958,0,0,0,0,0
medium,28,Logistic Regression,0.3,0.7,1,0,0.6805659508681448,0.7513146579482085,1,1,0,0,0
medium,28,Logistic Regression,0.3,0.7,50,0,0.3485974881949118,0.2993586466800859,0,0,0,0,0
medium,28,Logistic Regression,0.3,0.7,8,0,0.5876004642284455,0.07502071152676523,1,0,1,1,0
medium,28,Logistic Regression,0.3,0.7,30,0,0.337944176009393,0.3125413029177691,0,0,0,0,0
medium,28,Logistic Regression,0.4,0.6,12,0,0.435670542363836,0.08916852687421446,0,0,0,0,0
medium,28,Logistic Regression,0.4,0.6,23,0,0.5671660047186277,0.8973995115086922,1,1,0,0,0
medium,28,Logistic Regression,0.4,0.6,140,1,0.5092685456646975,0.48379629116314754,1,0,1,0,1
medium,28,Logistic Regression,0.4,0.6,21,0,0.49580204282185975,0.12053804617611857,0,0,0,0,0
medium,28,Logistic Regression,0.4,0.6,196,1,0.589689156161687,0.45945474560004557,1,0,1,0,1
medium,28,Logistic Regression,0.4,0.6,2,0,0.5666457181827077,0.04089101493410749,1,0,1,1,0
medium,28,Logistic Regression,0.4,0.6,181,1,0.5241211649299569,0.9739458946420071,1,1,0,0,0
medium,28,Logistic Regression,0.4,0.6,8,0,0.5876004642284455,0.07502071152676523,1,0,1,1,0
medium,28,Random Forest,0.2,0.8,105,1,0.72,0.66,1,1,0,0,0
medium,28,Random Forest,0.2,0.8,143,1,0.71,0.75,1,1,0,0,0
medium,28,Random Forest,0.2,0.8,44,0,0.43,0.46,0,0,0,0,0
medium,28,Random Forest,0.2,0.8,117,1,0.75,0.77,1,1,0,0,0
medium,28,Random Forest,0.2,0.8,116,1,0.76,0.65,1,1,0,0,0
medium,28,Random Forest,0.2,0.8,107,1,0.69,0.71,1,1,0,0,0
medium,28,Random Forest,0.2,0.8,148,1,0.74,0.58,1,1,0,0,0
medium,28,Random Forest,0.2,0.8,140,1,0.49,0.58,0,1,1,1,0
medium,28,Random Forest,0.2,0.8,20,0,0.35,0.42,0,0,0,0,0
medium,28,Random Forest,0.2,0.8,153,1,0.63,0.78,1,1,0,0,0
medium,28,Random Forest,0.2,0.8,188,1,0.67,0.83,1,1,0,0,0
medium,28,Random Forest,0.2,0.8,64,0,0.33,0.41,0,0,0,0,0
medium,28,Random Forest,0.2,0.8,87,0,0.31,0.46,0,0,0,0,0
medium,28,Random Forest,0.2,0.8,196,1,0.71,0.71,1,1,0,0,0
medium,28,Random Forest,0.2,0.8,31,0,0.51,0.52,1,1,0,0,0
medium,28,Random Forest,0.2,0.8,144,1,0.75,0.63,1,1,0,0,0
medium,28,Random Forest,0.2,0.8,15,0,0.37,0.42,0,0,0,0,0
medium,28,Random Forest,0.2,0.8,158,1,0.66,0.76,1,1,0,0,0
medium,28,Random Forest,0.2,0.8,1,0,0.51,0.64,1,1,0,0,0
medium,28,Random Forest,0.2,0.8,72,0,0.29,0.54,0,1,1,0,1
medium,28,Random Forest,0.2,0.8,195,1,0.76,0.84,1,1,0,0,0
medium,28,Random Forest,0.2,0.8,102,1,0.76,0.68,1,1,0,0,0
medium,28,Random Forest,0.3,0.7,44,0,0.43,0.46,0,0,0,0,0
medium,28,Random Forest,0.3,0.7,107,1,0.69,0.71,1,1,0,0,0
medium,28,Random Forest,0.3,0.7,140,1,0.49,0.58,0,1,1,1,0
medium,28,Random Forest,0.3,0.7,20,0,0.35,0.42,0,0,0,0,0
medium,28,Random Forest,0.3,0.7,153,1,0.63,0.78,1,1,0,0,0
medium,28,Random Forest,0.3,0.7,188,1,0.67,0.83,1,1,0,0,0
medium,28,Random Forest,0.3,0.7,64,0,0.33,0.41,0,0,0,0,0
medium,28,Random Forest,0.3,0.7,87,0,0.31,0.46,0,0,0,0,0
medium,28,Random Forest,0.3,0.7,31,0,0.51,0.52,1,1,0,0,0
medium,28,Random Forest,0.3,0.7,15,0,0.37,0.42,0,0,0,0,0
medium,28,Random Forest,0.3,0.7,158,1,0.66,0.76,1,1,0,0,0
medium,28,Random Forest,0.3,0.7,1,0,0.51,0.64,1,1,0,0,0
medium,28,Random Forest,0.4,0.6,44,0,0.43,0.46,0,0,0,0,0
medium,28,Random Forest,0.4,0.6,140,1,0.49,0.58,0,1,1,1,0
medium,28,Random Forest,0.4,0.6,31,0,0.51,0.52,1,1,0,0,0
medium,28,Random Forest,0.4,0.6,1,0,0.51,0.64,1,1,0,0,0
medium,28,XGBoost,0.2,0.8,105,1,0.5962401628494263,0.5413821935653687,1,1,0,0,0
medium,28,XGBoost,0.2,0.8,116,1,0.7852184176445007,0.585972785949707,1,1,0,0,0
medium,28,XGBoost,0.2,0.8,148,1,0.6679257750511169,0.8656586408615112,1,1,0,0,0
medium,28,XGBoost,0.2,0.8,140,1,0.296516478061676,0.4899177551269531,0,0,0,0,0
medium,28,XGBoost,0.2,0.8,153,1,0.4352882504463196,0.7973116040229797,0,1,1,1,0
medium,28,XGBoost,0.2,0.8,21,0,0.29023289680480957,0.2698802947998047,0,0,0,0,0
medium,28,XGBoost,0.2,0.8,64,0,0.2816915214061737,0.2066073715686798,0,0,0,0,0
medium,28,XGBoost,0.2,0.8,87,0,0.5623987913131714,0.6725570559501648,1,1,0,0,0
medium,28,XGBoost,0.2,0.8,31,0,0.4244277775287628,0.5917492508888245,0,1,1,0,1
medium,28,XGBoost,0.2,0.8,158,1,0.6709209084510803,0.8691240549087524,1,1,0,0,0
medium,28,XGBoost,0.2,0.8,181,1,0.7988806366920471,0.9019269347190857,1,1,0,0,0
medium,28,XGBoost,0.2,0.8,1,0,0.3834187388420105,0.44346684217453003,0,0,0,0,0
medium,28,XGBoost,0.2,0.8,8,0,0.21923527121543884,0.1071176528930664,0,0,0,0,0
medium,28,XGBoost,0.2,0.8,72,0,0.2700743079185486,0.6888768672943115,0,1,1,0,1
medium,28,XGBoost,0.3,0.7,105,1,0.5962401628494263,0.5413821935653687,1,1,0,0,0
medium,28,XGBoost,0.3,0.7,148,1,0.6679257750511169,0.8656586408615112,1,1,0,0,0
medium,28,XGBoost,0.3,0.7,153,1,0.4352882504463196,0.7973116040229797,0,1,1,1,0
medium,28,XGBoost,0.3,0.7,87,0,0.5623987913131714,0.6725570559501648,1,1,0,0,0
medium,28,XGBoost,0.3,0.7,31,0,0.4244277775287628,0.5917492508888245,0,1,1,0,1
medium,28,XGBoost,0.3,0.7,158,1,0.6709209084510803,0.8691240549087524,1,1,0,0,0
medium,28,XGBoost,0.3,0.7,1,0,0.3834187388420105,0.44346684217453003,0,0,0,0,0
medium,28,XGBoost,0.4,0.6,105,1,0.5962401628494263,0.5413821935653687,1,1,0,0,0
medium,28,XGBoost,0.4,0.6,153,1,0.4352882504463196,0.7973116040229797,0,1,1,1,0
medium,28,XGBoost,0.4,0.6,87,0,0.5623987913131714,0.6725570559501648,1,1,0,0,0
medium,28,XGBoost,0.4,0.6,31,0,0.4244277775287628,0.5917492508888245,0,1,1,0,1
medium,29,Logistic Regression,0.2,0.8,196,1,0.6932011378696311,0.7691646678011067,1,1,0,0,0
medium,29,Logistic Regression,0.2,0.8,134,1,0.5537742649475663,0.9882567147458574,1,1,0,0,0
medium,29,Logistic Regression,0.2,0.8,105,1,0.6951703865721574,0.23583590399265664,1,0,1,0,1
medium,29,Logistic Regression,0.2,0.8,144,1,0.23657675802850436,0.4467742866175686,0,0,0,0,0
medium,29,Logistic Regression,0.2,0.8,69,0,0.745270139745301,0.9976936156385817,1,1,0,0,0
medium,29,Logistic Regression,0.2,0.8,54,0,0.4460751714954422,0.001905421800550785,0,0,0,0,0
medium,29,Logistic Regression,0.2,0.8,75,0,0.6233613386306973,0.21004282298114832,1,0,1,1,0
medium,29,Logistic Regression,0.2,0.8,151,1,0.5139398489263797,0.4718912324226902,1,0,1,0,1
medium,29,Logistic Regression,0.2,0.8,29,0,0.43567212685839424,0.06033690005687575,0,0,0,0,0
medium,29,Logistic Regression,0.2,0.8,194,1,0.7661988848759741,0.9712909818005261,1,1,0,0,0
medium,29,Logistic Regression,0.2,0.8,117,1,0.5738107819434838,0.8386460047174843,1,1,0,0,0
medium,29,Logistic Regression,0.2,0.8,56,0,0.6549213006381565,0.3860626845430795,1,0,1,1,0
medium,29,Logistic Regression,0.2,0.8,76,0,0.617580863134254,0.85855685260045,1,1,0,0,0
medium,29,Logistic Regression,0.2,0.8,30,0,0.5471399361011781,0.3091593533404827,1,0,1,1,0
medium,29,Logistic Regression,0.2,0.8,91,0,0.34080075794779063,0.043812144952623956,0,0,0,0,0
medium,29,Logistic Regression,0.2,0.8,85,0,0.2888480344409991,0.41899229471001276,0,0,0,0,0
medium,29,Logistic Regression,0.2,0.8,62,0,0.3012471813889452,0.006576054941335886,0,0,0,0,0
medium,29,Logistic Regression,0.2,0.8,40,0,0.5286287565741828,0.13231685389994072,1,0,1,1,0
medium,29,Logistic Regression,0.2,0.8,182,1,0.6789424152314666,0.9897951703955974,1,1,0,0,0
medium,29,Logistic Regression,0.2,0.8,176,1,0.7069516848354916,0.7174634732214773,1,1,0,0,0
medium,29,Logistic Regression,0.2,0.8,23,0,0.32807988314363906,0.8941229888092994,0,1,1,0,1
medium,29,Logistic Regression,0.2,0.8,121,1,0.6624795124210545,0.16814385972993712,1,0,1,0,1
medium,29,Logistic Regression,0.2,0.8,1,0,0.47612646208525705,0.5762066236286728,0,1,1,0,1
medium,29,Logistic Regression,0.2,0.8,58,0,0.362581964609726,0.20906743072159945,0,0,0,0,0
medium,29,Logistic Regression,0.2,0.8,116,1,0.6467078285754423,0.7183188286181234,1,1,0,0,0
medium,29,Logistic Regression,0.2,0.8,43,0,0.31776925202654216,0.03630411897301537,0,0,0,0,0
medium,29,Logistic Regression,0.2,0.8,114,1,0.7763058067163205,0.9362801617329285,1,1,0,0,0
medium,29,Logistic Regression,0.2,0.8,192,1,0.3464363077702738,0.9755157247387856,0,1,1,1,0
medium,29,Logistic Regression,0.2,0.8,55,0,0.26476847056679864,0.5868430950575971,0,1,1,0,1
medium,29,Logistic Regression,0.2,0.8,78,0,0.7877898511530651,0.28929971656423287,1,0,1,1,0
medium,29,Logistic Regression,0.2,0.8,183,1,0.25305337498587593,0.6248437458209931,0,1,1,1,0
medium,29,Logistic Regression,0.2,0.8,120,1,0.4992700298143731,0.4449296697574404,0,0,0,0,0
medium,29,Logistic Regression,0.3,0.7,196,1,0.6932011378696311,0.7691646678011067,1,1,0,0,0
medium,29,Logistic Regression,0.3,0.7,134,1,0.5537742649475663,0.9882567147458574,1,1,0,0,0
medium,29,Logistic Regression,0.3,0.7,105,1,0.6951703865721574,0.23583590399265664,1,0,1,0,1
medium,29,Logistic Regression,0.3,0.7,54,0,0.4460751714954422,0.001905421800550785,0,0,0,0,0
medium,29,Logistic Regression,0.3,0.7,75,0,0.6233613386306973,0.21004282298114832,1,0,1,1,0
medium,29,Logistic Regression,0.3,0.7,151,1,0.5139398489263797,0.4718912324226902,1,0,1,0,1
medium,29,Logistic Regression,0.3,0.7,29,0,0.43567212685839424,0.06033690005687575,0,0,0,0,0
medium,29,Logistic Regression,0.3,0.7,117,1,0.5738107819434838,0.8386460047174843,1,1,0,0,0
medium,29,Logistic Regression,0.3,0.7,56,0,0.6549213006381565,0.3860626845430795,1,0,1,1,0
medium,29,Logistic Regression,0.3,0.7,76,0,0.617580863134254,0.85855685260045,1,1,0,0,0
medium,29,Logistic Regression,0.3,0.7,30,0,0.5471399361011781,0.3091593533404827,1,0,1,1,0
medium,29,Logistic Regression,0.3,0.7,91,0,0.34080075794779063,0.043812144952623956,0,0,0,0,0
medium,29,Logistic Regression,0.3,0.7,62,0,0.3012471813889452,0.006576054941335886,0,0,0,0,0
medium,29,Logistic Regression,0.3,0.7,40,0,0.5286287565741828,0.13231685389994072,1,0,1,1,0
medium,29,Logistic Regression,0.3,0.7,182,1,0.6789424152314666,0.9897951703955974,1,1,0,0,0
medium,29,Logistic Regression,0.3,0.7,23,0,0.32807988314363906,0.8941229888092994,0,1,1,0,1
medium,29,Logistic Regression,0.3,0.7,121,1,0.6624795124210545,0.16814385972993712,1,0,1,0,1
medium,29,Logistic Regression,0.3,0.7,1,0,0.47612646208525705,0.5762066236286728,0,1,1,0,1
medium,29,Logistic Regression,0.3,0.7,58,0,0.362581964609726,0.20906743072159945,0,0,0,0,0
medium,29,Logistic Regression,0.3,0.7,116,1,0.6467078285754423,0.7183188286181234,1,1,0,0,0
medium,29,Logistic Regression,0.3,0.7,43,0,0.31776925202654216,0.03630411897301537,0,0,0,0,0
medium,29,Logistic Regression,0.3,0.7,192,1,0.3464363077702738,0.9755157247387856,0,1,1,1,0
medium,29,Logistic Regression,0.3,0.7,120,1,0.4992700298143731,0.4449296697574404,0,0,0,0,0
medium,29,Logistic Regression,0.4,0.6,134,1,0.5537742649475663,0.9882567147458574,1,1,0,0,0
medium,29,Logistic Regression,0.4,0.6,54,0,0.4460751714954422,0.001905421800550785,0,0,0,0,0
medium,29,Logistic Regression,0.4,0.6,151,1,0.5139398489263797,0.4718912324226902,1,0,1,0,1
medium,29,Logistic Regression,0.4,0.6,29,0,0.43567212685839424,0.06033690005687575,0,0,0,0,0
medium,29,Logistic Regression,0.4,0.6,117,1,0.5738107819434838,0.8386460047174843,1,1,0,0,0
medium,29,Logistic Regression,0.4,0.6,30,0,0.5471399361011781,0.3091593533404827,1,0,1,1,0
medium,29,Logistic Regression,0.4,0.6,40,0,0.5286287565741828,0.13231685389994072,1,0,1,1,0
medium,29,Logistic Regression,0.4,0.6,1,0,0.47612646208525705,0.5762066236286728,0,1,1,0,1
medium,29,Logistic Regression,0.4,0.6,120,1,0.4992700298143731,0.4449296697574404,0,0,0,0,0
medium,29,Random Forest,0.2,0.8,196,1,0.77,0.73,1,1,0,0,0
medium,29,Random Forest,0.2,0.8,134,1,0.67,0.76,1,1,0,0,0
medium,29,Random Forest,0.2,0.8,60,0,0.33,0.3,0,0,0,0,0
medium,29,Random Forest,0.2,0.8,144,1,0.79,0.73,1,1,0,0,0
medium,29,Random Forest,0.2,0.8,69,0,0.25,0.37,0,0,0,0,0
medium,29,Random Forest,0.2,0.8,102,1,0.76,0.81,1,1,0,0,0
medium,29,Random Forest,0.2,0.8,75,0,0.69,0.46,1,0,1,1,0
medium,29,Random Forest,0.2,0.8,59,0,0.31,0.23,0,0,0,0,0
medium,29,Random Forest,0.2,0.8,15,0,0.39,0.52,0,1,1,0,1
medium,29,Random Forest,0.2,0.8,140,1,0.66,0.61,1,1,0,0,0
medium,29,Random Forest,0.2,0.8,117,1,0.73,0.68,1,1,0,0,0
medium,29,Random Forest,0.2,0.8,56,0,0.41,0.5,0,1,1,0,1
medium,29,Random Forest,0.2,0.8,91,0,0.43,0.38,0,0,0,0,0
medium,29,Random Forest,0.2,0.8,176,1,0.71,0.71,1,1,0,0,0
medium,29,Random Forest,0.2,0.8,161,1,0.79,0.81,1,1,0,0,0
medium,29,Random Forest,0.2,0.8,68,0,0.75,0.62,1,1,0,0,0
medium,29,Random Forest,0.2,0.8,1,0,0.63,0.62,1,1,0,0,0
medium,29,Random Forest,0.2,0.8,165,1,0.71,0.72,1,1,0,0,0
medium,29,Random Forest,0.2,0.8,58,0,0.52,0.53,1,1,0,0,0
medium,29,Random Forest,0.2,0.8,116,1,0.75,0.71,1,1,0,0,0
medium,29,Random Forest,0.2,0.8,43,0,0.28,0.22,0,0,0,0,0
medium,29,Random Forest,0.2,0.8,114,1,0.72,0.79,1,1,0,0,0
medium,29,Random Forest,0.2,0.8,192,1,0.68,0.7,1,1,0,0,0
medium,29,Random Forest,0.2,0.8,78,0,0.26,0.38,0,0,0,0,0
medium,29,Random Forest,0.2,0.8,183,1,0.65,0.52,1,1,0,0,0
medium,29,Random Forest,0.2,0.8,120,1,0.76,0.7,1,1,0,0,0
medium,29,Random Forest,0.3,0.7,134,1,0.67,0.76,1,1,0,0,0
medium,29,Random Forest,0.3,0.7,60,0,0.33,0.3,0,0,0,0,0
medium,29,Random Forest,0.3,0.7,75,0,0.69,0.46,1,0,1,1,0
medium,29,Random Forest,0.3,0.7,59,0,0.31,0.23,0,0,0,0,0
medium,29,Random Forest,0.3,0.7,15,0,0.39,0.52,0,1,1,0,1
medium,29,Random Forest,0.3,0.7,140,1,0.66,0.61,1,1,0,0,0
medium,29,Random Forest,0.3,0.7,56,0,0.41,0.5,0,1,1,0,1
medium,29,Random Forest,0.3,0.7,91,0,0.43,0.38,0,0,0,0,0
medium,29,Random Forest,0.3,0.7,1,0,0.63,0.62,1,1,0,0,0
medium,29,Random Forest,0.3,0.7,58,0,0.52,0.53,1,1,0,0,0
medium,29,Random Forest,0.3,0.7,192,1,0.68,0.7,1,1,0,0,0
medium,29,Random Forest,0.3,0.7,183,1,0.65,0.52,1,1,0,0,0
medium,29,Random Forest,0.4,0.6,56,0,0.41,0.5,0,1,1,0,1
medium,29,Random Forest,0.4,0.6,91,0,0.43,0.38,0,0,0,0,0
medium,29,Random Forest,0.4,0.6,58,0,0.52,0.53,1,1,0,0,0
medium,29,XGBoost,0.2,0.8,134,1,0.7716330289840698,0.8976390361785889,1,1,0,0,0
medium,29,XGBoost,0.2,0.8,75,0,0.4732531011104584,0.3127596378326416,0,0,0,0,0
medium,29,XGBoost,0.2,0.8,140,1,0.6187220215797424,0.7323833703994751,1,1,0,0,0
medium,29,XGBoost,0.2,0.8,56,0,0.5335227251052856,0.38270795345306396,1,0,1,1,0
medium,29,XGBoost,0.2,0.8,91,0,0.49430179595947266,0.1727023720741272,0,0,0,0,0
medium,29,XGBoost,0.2,0.8,176,1,0.7331377863883972,0.7313270568847656,1,1,0,0,0
medium,29,XGBoost,0.2,0.8,68,0,0.6827343702316284,0.7768394947052002,1,1,0,0,0
medium,29,XGBoost,0.2,0.8,1,0,0.7657755017280579,0.648419201374054,1,1,0,0,0
medium,29,XGBoost,0.2,0.8,58,0,0.7114687561988831,0.5512335896492004,1,1,0,0,0
medium,29,XGBoost,0.2,0.8,116,1,0.6936776638031006,0.826826810836792,1,1,0,0,0
medium,29,XGBoost,0.2,0.8,78,0,0.24145592749118805,0.06900157034397125,0,0,0,0,0
medium,29,XGBoost,0.3,0.7,75,0,0.4732531011104584,0.3127596378326416,0,0,0,0,0
medium,29,XGBoost,0.3,0.7,140,1,0.6187220215797424,0.7323833703994751,1,1,0,0,0
medium,29,XGBoost,0.3,0.7,56,0,0.5335227251052856,0.38270795345306396,1,0,1,1,0
medium,29,XGBoost,0.3,0.7,91,0,0.49430179595947266,0.1727023720741272,0,0,0,0,0
medium,29,XGBoost,0.3,0.7,68,0,0.6827343702316284,0.7768394947052002,1,1,0,0,0
medium,29,XGBoost,0.3,0.7,116,1,0.6936776638031006,0.826826810836792,1,1,0,0,0
medium,29,XGBoost,0.4,0.6,75,0,0.4732531011104584,0.3127596378326416,0,0,0,0,0
medium,29,XGBoost,0.4,0.6,56,0,0.5335227251052856,0.38270795345306396,1,0,1,1,0
medium,29,XGBoost,0.4,0.6,91,0,0.49430179595947266,0.1727023720741272,0,0,0,0,0
medium,30,Logistic Regression,0.2,0.8,73,0,0.2581632444952179,0.7031188770116497,0,1,1,0,1
medium,30,Logistic Regression,0.2,0.8,180,1,0.3917252387273656,0.7833268043818844,0,1,1,1,0
medium,30,Logistic Regression,0.2,0.8,189,1,0.758136053957862,0.9916570185062092,1,1,0,0,0
medium,30,Logistic Regression,0.2,0.8,2,0,0.6778193644237918,0.04174269629940053,1,0,1,1,0
medium,30,Logistic Regression,0.2,0.8,69,0,0.7722893732868323,0.9886854251183027,1,1,0,0,0
medium,30,Logistic Regression,0.2,0.8,64,0,0.22156569097618112,0.11288406035503033,0,0,0,0,0
medium,30,Logistic Regression,0.2,0.8,79,0,0.7174186570740466,0.7022413414126327,1,1,0,0,0
medium,30,Logistic Regression,0.2,0.8,152,1,0.799865113515729,0.3041973108973934,1,0,1,0,1
medium,30,Logistic Regression,0.2,0.8,196,1,0.7848436995731545,0.8799704069877943,1,1,0,0,0
medium,30,Logistic Regression,0.2,0.8,92,0,0.5639499469985536,0.49546511965554,1,0,1,1,0
medium,30,Logistic Regression,0.2,0.8,107,1,0.28503722380942875,0.9524560652704664,0,1,1,1,0
medium,30,Logistic Regression,0.2,0.8,188,1,0.3249704581562163,0.9941527310937531,0,1,1,1,0
medium,30,Logistic Regression,0.2,0.8,76,0,0.6001639511810409,0.39432489647917285,1,0,1,1,0
medium,30,Logistic Regression,0.2,0.8,13,0,0.20885045306958205,0.0734756561823903,0,0,0,0,0
medium,30,Logistic Regression,0.2,0.8,71,0,0.5254269367932974,0.2534443478011463,1,0,1,1,0
medium,30,Logistic Regression,0.2,0.8,62,0,0.3502209735476775,0.01888186560234761,0,0,0,0,0
medium,30,Logistic Regression,0.2,0.8,118,1,0.6674218774162025,0.39823223051271966,1,0,1,0,1
medium,30,Logistic Regression,0.2,0.8,70,0,0.2385997453296159,0.20479384588666094,0,0,0,0,0
medium,30,Logistic Regression,0.2,0.8,163,1,0.733425731534747,0.7140464650510433,1,1,0,0,0
medium,30,Logistic Regression,0.2,0.8,191,1,0.5953274658365648,0.9767620888998412,1,1,0,0,0
medium,30,Logistic Regression,0.2,0.8,67,0,0.5102538515087929,0.3965464366958372,1,0,1,1,0
medium,30,Logistic Regression,0.2,0.8,117,1,0.5794702640304397,0.8217656852556199,1,1,0,0,0
medium,30,Logistic Regression,0.2,0.8,21,0,0.6072463987128447,0.1313573572677317,1,0,1,1,0
medium,30,Logistic Regression,0.2,0.8,158,1,0.3441304360487422,0.811234998460188,0,1,1,1,0
medium,30,Logistic Regression,0.2,0.8,75,0,0.6317947147715122,0.08622717538040135,1,0,1,1,0
medium,30,Logistic Regression,0.2,0.8,97,0,0.7302833683968747,0.7224590171160391,1,1,0,0,0
medium,30,Logistic Regression,0.2,0.8,56,0,0.7039281366087115,0.1167338839558743,1,0,1,1,0
medium,30,Logistic Regression,0.3,0.7,180,1,0.3917252387273656,0.7833268043818844,0,1,1,1,0
medium,30,Logistic Regression,0.3,0.7,2,0,0.6778193644237918,0.04174269629940053,1,0,1,1,0
medium,30,Logistic Regression,0.3,0.7,92,0,0.5639499469985536,0.49546511965554,1,0,1,1,0
medium,30,Logistic Regression,0.3,0.7,188,1,0.3249704581562163,0.9941527310937531,0,1,1,1,0
medium,30,Logistic Regression,0.3,0.7,76,0,0.6001639511810409,0.39432489647917285,1,0,1,1,0
medium,30,Logistic Regression,0.3,0.7,71,0,0.5254269367932974,0.2534443478011463,1,0,1,1,0
medium,30,Logistic Regression,0.3,0.7,62,0,0.3502209735476775,0.01888186560234761,0,0,0,0,0
medium,30,Logistic Regression,0.3,0.7,118,1,0.6674218774162025,0.39823223051271966,1,0,1,0,1
medium,30,Logistic Regression,0.3,0.7,191,1,0.5953274658365648,0.9767620888998412,1,1,0,0,0
medium,30,Logistic Regression,0.3,0.7,67,0,0.5102538515087929,0.3965464366958372,1,0,1,1,0
medium,30,Logistic Regression,0.3,0.7,117,1,0.5794702640304397,0.8217656852556199,1,1,0,0,0
medium,30,Logistic Regression,0.3,0.7,21,0,0.6072463987128447,0.1313573572677317,1,0,1,1,0
medium,30,Logistic Regression,0.3,0.7,158,1,0.3441304360487422,0.811234998460188,0,1,1,1,0
medium,30,Logistic Regression,0.3,0.7,75,0,0.6317947147715122,0.08622717538040135,1,0,1,1,0
medium,30,Logistic Regression,0.4,0.6,92,0,0.5639499469985536,0.49546511965554,1,0,1,1,0
medium,30,Logistic Regression,0.4,0.6,71,0,0.5254269367932974,0.2534443478011463,1,0,1,1,0
medium,30,Logistic Regression,0.4,0.6,191,1,0.5953274658365648,0.9767620888998412,1,1,0,0,0
medium,30,Logistic Regression,0.4,0.6,67,0,0.5102538515087929,0.3965464366958372,1,0,1,1,0
medium,30,Logistic Regression,0.4,0.6,117,1,0.5794702640304397,0.8217656852556199,1,1,0,0,0
medium,30,Random Forest,0.2,0.8,105,1,0.75,0.76,1,1,0,0,0
medium,30,Random Forest,0.2,0.8,189,1,0.77,0.84,1,1,0,0,0
medium,30,Random Forest,0.2,0.8,64,0,0.25,0.29,0,0,0,0,0
medium,30,Random Forest,0.2,0.8,65,0,0.49,0.34,0,0,0,0,0
medium,30,Random Forest,0.2,0.8,59,0,0.3,0.35,0,0,0,0,0
medium,30,Random Forest,0.2,0.8,156,1,0.74,0.73,1,1,0,0,0
medium,30,Random Forest,0.2,0.8,164,1,0.76,0.71,1,1,0,0,0
medium,30,Random Forest,0.2,0.8,79,0,0.39,0.54,0,1,1,0,1
medium,30,Random Forest,0.2,0.8,5,0,0.54,0.4,1,0,1,1,0
medium,30,Random Forest,0.2,0.8,179,1,0.78,0.67,1,1,0,0,0
medium,30,Random Forest,0.2,0.8,9,0,0.55,0.62,1,1,0,0,0
medium,30,Random Forest,0.2,0.8,92,0,0.4,0.32,0,0,0,0,0
medium,30,Random Forest,0.2,0.8,74,0,0.38,0.38,0,0,0,0,0
medium,30,Random Forest,0.2,0.8,107,1,0.7,0.77,1,1,0,0,0
medium,30,Random Forest,0.2,0.8,188,1,0.76,0.81,1,1,0,0,0
medium,30,Random Forest,0.2,0.8,150,1,0.78,0.85,1,1,0,0,0
medium,30,Random Forest,0.2,0.8,87,0,0.37,0.38,0,0,0,0,0
medium,30,Random Forest,0.2,0.8,195,1,0.7,0.77,1,1,0,0,0
medium,30,Random Forest,0.2,0.8,140,1,0.67,0.66,1,1,0,0,0
medium,30,Random Forest,0.2,0.8,198,1,0.61,0.6,1,1,0,0,0
medium,30,Random Forest,0.2,0.8,153,1,0.61,0.73,1,1,0,0,0
medium,30,Random Forest,0.2,0.8,67,0,0.25,0.27,0,0,0,0,0
medium,30,Random Forest,0.2,0.8,127,1,0.79,0.64,1,1,0,0,0
medium,30,Random Forest,0.2,0.8,161,1,0.76,0.8,1,1,0,0,0
medium,30,Random Forest,0.2,0.8,117,1,0.73,0.81,1,1,0,0,0
medium,30,Random Forest,0.2,0.8,21,0,0.22,0.32,0,0,0,0,0
medium,30,Random Forest,0.2,0.8,158,1,0.56,0.75,1,1,0,0,0
medium,30,Random Forest,0.2,0.8,75,0,0.64,0.53,1,1,0,0,0
medium,30,Random Forest,0.2,0.8,56,0,0.36,0.48,0,0,0,0,0
medium,30,Random Forest,0.2,0.8,154,1,0.74,0.72,1,1,0,0,0
medium,30,Random Forest,0.3,0.7,65,0,0.49,0.34,0,0,0,0,0
medium,30,Random Forest,0.3,0.7,79,0,0.39,0.54,0,1,1,0,1
medium,30,Random Forest,0.3,0.7,5,0,0.54,0.4,1,0,1,1,0
medium,30,Random Forest,0.3,0.7,9,0,0.55,0.62,1,1,0,0,0
medium,30,Random Forest,0.3,0.7,92,0,0.4,0.32,0,0,0,0,0
medium,30,Random Forest,0.3,0.7,74,0,0.38,0.38,0,0,0,0,0
medium,30,Random Forest,0.3,0.7,87,0,0.37,0.38,0,0,0,0,0
medium,30,Random Forest,0.3,0.7,140,1,0.67,0.66,1,1,0,0,0
medium,30,Random Forest,0.3,0.7,198,1,0.61,0.6,1,1,0,0,0
medium,30,Random Forest,0.3,0.7,153,1,0.61,0.73,1,1,0,0,0
medium,30,Random Forest,0.3,0.7,158,1,0.56,0.75,1,1,0,0,0
medium,30,Random Forest,0.3,0.7,75,0,0.64,0.53,1,1,0,0,0
medium,30,Random Forest,0.3,0.7,56,0,0.36,0.48,0,0,0,0,0
medium,30,Random Forest,0.4,0.6,65,0,0.49,0.34,0,0,0,0,0
medium,30,Random Forest,0.4,0.6,5,0,0.54,0.4,1,0,1,1,0
medium,30,Random Forest,0.4,0.6,9,0,0.55,0.62,1,1,0,0,0
medium,30,Random Forest,0.4,0.6,158,1,0.56,0.75,1,1,0,0,0
medium,30,XGBoost,0.2,0.8,189,1,0.7353814244270325,0.9378464818000793,1,1,0,0,0
medium,30,XGBoost,0.2,0.8,64,0,0.2900075912475586,0.10155356675386429,0,0,0,0,0
medium,30,XGBoost,0.2,0.8,65,0,0.7216249108314514,0.46252545714378357,1,0,1,1,0
medium,30,XGBoost,0.2,0.8,79,0,0.3729715049266815,0.6173245906829834,0,1,1,0,1
medium,30,XGBoost,0.2,0.8,5,0,0.5279374122619629,0.1861422210931778,1,0,1,1,0
medium,30,XGBoost,0.2,0.8,87,0,0.5328360199928284,0.5509541630744934,1,1,0,0,0
medium,30,XGBoost,0.2,0.8,140,1,0.7853270769119263,0.7131224870681763,1,1,0,0,0
medium,30,XGBoost,0.2,0.8,153,1,0.5822173357009888,0.9218863248825073,1,1,0,0,0
medium,30,XGBoost,0.2,0.8,21,0,0.22434750199317932,0.26767459511756897,0,0,0,0,0
medium,30,XGBoost,0.2,0.8,158,1,0.7707406878471375,0.9615292549133301,1,1,0,0,0
medium,30,XGBoost,0.2,0.8,75,0,0.4582492411136627,0.25649717450141907,0,0,0,0,0
medium,30,XGBoost,0.2,0.8,56,0,0.5167257785797119,0.5403687953948975,1,1,0,0,0
medium,30,XGBoost,0.3,0.7,79,0,0.3729715049266815,0.6173245906829834,0,1,1,0,1
medium,30,XGBoost,0.3,0.7,5,0,0.5279374122619629,0.1861422210931778,1,0,1,1,0
medium,30,XGBoost,0.3,0.7,87,0,0.5328360199928284,0.5509541630744934,1,1,0,0,0
medium,30,XGBoost,0.3,0.7,153,1,0.5822173357009888,0.9218863248825073,1,1,0,0,0
medium,30,XGBoost,0.3,0.7,75,0,0.4582492411136627,0.25649717450141907,0,0,0,0,0
medium,30,XGBoost,0.3,0.7,56,0,0.5167257785797119,0.5403687953948975,1,1,0,0,0
medium,30,XGBoost,0.4,0.6,5,0,0.5279374122619629,0.1861422210931778,1,0,1,1,0
medium,30,XGBoost,0.4,0.6,87,0,0.5328360199928284,0.5509541630744934,1,1,0,0,0
medium,30,XGBoost,0.4,0.6,153,1,0.5822173357009888,0.9218863248825073,1,1,0,0,0
medium,30,XGBoost,0.4,0.6,75,0,0.4582492411136627,0.25649717450141907,0,0,0,0,0
medium,30,XGBoost,0.4,0.6,56,0,0.5167257785797119,0.5403687953948975,1,1,0,0,0
strong,1,Logistic Regression,0.2,0.8,107,1,0.36351758436638776,0.921142037075426,0,1,1,1,0
strong,1,Logistic Regression,0.2,0.8,2,0,0.23882447813083238,0.0030879360049475817,0,0,0,0,0
strong,1,Logistic Regression,0.2,0.8,1,0,0.49585931537947825,0.2524995489750593,0,0,0,0,0
strong,1,Logistic Regression,0.2,0.8,84,0,0.25182991793722403,0.12630546671800022,0,0,0,0,0
strong,1,Logistic Regression,0.2,0.8,52,0,0.2487272654338791,0.021785637036902936,0,0,0,0,0
strong,1,Logistic Regression,0.2,0.8,79,0,0.23121863387044336,0.4892224889923935,0,0,0,0,0
strong,1,Logistic Regression,0.2,0.8,87,0,0.7174646223306881,0.8814724960960456,1,1,0,0,0
strong,1,Logistic Regression,0.2,0.8,75,0,0.5611244106149597,0.008012787209369095,1,0,1,1,0
strong,1,Logistic Regression,0.2,0.8,37,0,0.31431718920076956,0.06450265090565087,0,0,0,0,0
strong,1,Logistic Regression,0.2,0.8,92,0,0.41054819309339535,0.07052440029501147,0,0,0,0,0
strong,1,Logistic Regression,0.2,0.8,21,0,0.33506224961824577,0.0389262416477831,0,0,0,0,0
strong,1,Logistic Regression,0.2,0.8,147,1,0.39045276290592035,0.47913226409845233,0,0,0,0,0
strong,1,Logistic Regression,0.3,0.7,107,1,0.36351758436638776,0.921142037075426,0,1,1,1,0
strong,1,Logistic Regression,0.3,0.7,1,0,0.49585931537947825,0.2524995489750593,0,0,0,0,0
strong,1,Logistic Regression,0.3,0.7,75,0,0.5611244106149597,0.008012787209369095,1,0,1,1,0
strong,1,Logistic Regression,0.3,0.7,37,0,0.31431718920076956,0.06450265090565087,0,0,0,0,0
strong,1,Logistic Regression,0.3,0.7,92,0,0.41054819309339535,0.07052440029501147,0,0,0,0,0
strong,1,Logistic Regression,0.3,0.7,21,0,0.33506224961824577,0.0389262416477831,0,0,0,0,0
strong,1,Logistic Regression,0.3,0.7,147,1,0.39045276290592035,0.47913226409845233,0,0,0,0,0
strong,1,Logistic Regression,0.4,0.6,1,0,0.49585931537947825,0.2524995489750593,0,0,0,0,0
strong,1,Logistic Regression,0.4,0.6,75,0,0.5611244106149597,0.008012787209369095,1,0,1,1,0
strong,1,Logistic Regression,0.4,0.6,92,0,0.41054819309339535,0.07052440029501147,0,0,0,0,0
strong,1,Random Forest,0.2,0.8,107,1,0.6,0.61,1,1,0,0,0
strong,1,Random Forest,0.2,0.8,133,1,0.74,0.74,1,1,0,0,0
strong,1,Random Forest,0.2,0.8,113,1,0.74,0.75,1,1,0,0,0
strong,1,Random Forest,0.2,0.8,91,0,0.47,0.38,0,0,0,0,0
strong,1,Random Forest,0.2,0.8,177,1,0.6,0.46,1,0,1,0,1
strong,1,Random Forest,0.2,0.8,114,1,0.78,0.73,1,1,0,0,0
strong,1,Random Forest,0.2,0.8,140,1,0.69,0.53,1,1,0,0,0
strong,1,Random Forest,0.2,0.8,63,0,0.22,0.2,0,0,0,0,0
strong,1,Random Forest,0.2,0.8,196,1,0.71,0.76,1,1,0,0,0
strong,1,Random Forest,0.2,0.8,1,0,0.63,0.46,1,0,1,1,0
strong,1,Random Forest,0.2,0.8,84,0,0.47,0.62,0,1,1,0,1
strong,1,Random Forest,0.2,0.8,79,0,0.41,0.48,0,0,0,0,0
strong,1,Random Forest,0.2,0.8,87,0,0.38,0.4,0,0,0,0,0
strong,1,Random Forest,0.2,0.8,75,0,0.54,0.42,1,0,1,1,0
strong,1,Random Forest,0.2,0.8,37,0,0.54,0.32,1,0,1,1,0
strong,1,Random Forest,0.2,0.8,92,0,0.22,0.3,0,0,0,0,0
strong,1,Random Forest,0.2,0.8,21,0,0.24,0.21,0,0,0,0,0
strong,1,Random Forest,0.2,0.8,41,0,0.23,0.26,0,0,0,0,0
strong,1,Random Forest,0.2,0.8,147,1,0.78,0.79,1,1,0,0,0
strong,1,Random Forest,0.2,0.8,58,0,0.45,0.4,0,0,0,0,0
strong,1,Random Forest,0.3,0.7,107,1,0.6,0.61,1,1,0,0,0
strong,1,Random Forest,0.3,0.7,91,0,0.47,0.38,0,0,0,0,0
strong,1,Random Forest,0.3,0.7,177,1,0.6,0.46,1,0,1,0,1
strong,1,Random Forest,0.3,0.7,140,1,0.69,0.53,1,1,0,0,0
strong,1,Random Forest,0.3,0.7,1,0,0.63,0.46,1,0,1,1,0
strong,1,Random Forest,0.3,0.7,84,0,0.47,0.62,0,1,1,0,1
strong,1,Random Forest,0.3,0.7,79,0,0.41,0.48,0,0,0,0,0
strong,1,Random Forest,0.3,0.7,87,0,0.38,0.4,0,0,0,0,0
strong,1,Random Forest,0.3,0.7,75,0,0.54,0.42,1,0,1,1,0
strong,1,Random Forest,0.3,0.7,37,0,0.54,0.32,1,0,1,1,0
strong,1,Random Forest,0.3,0.7,58,0,0.45,0.4,0,0,0,0,0
strong,1,Random Forest,0.4,0.6,91,0,0.47,0.38,0,0,0,0,0
strong,1,Random Forest,0.4,0.6,84,0,0.47,0.62,0,1,1,0,1
strong,1,Random Forest,0.4,0.6,79,0,0.41,0.48,0,0,0,0,0
strong,1,Random Forest,0.4,0.6,75,0,0.54,0.42,1,0,1,1,0
strong,1,Random Forest,0.4,0.6,37,0,0.54,0.32,1,0,1,1,0
strong,1,Random Forest,0.4,0.6,58,0,0.45,0.4,0,0,0,0,0
strong,1,XGBoost,0.2,0.8,63,0,0.3987637758255005,0.12723562121391296,0,0,0,0,0
strong,1,XGBoost,0.2,0.8,79,0,0.6230728030204773,0.7109693884849548,1,1,0,0,0
strong,1,XGBoost,0.2,0.8,87,0,0.3118022680282593,0.38921183347702026,0,0,0,0,0
strong,1,XGBoost,0.2,0.8,75,0,0.2822517156600952,0.16627001762390137,0,0,0,0,0
strong,1,XGBoost,0.2,0.8,37,0,0.2309551239013672,0.1561543494462967,0,0,0,0,0
strong,1,XGBoost,0.2,0.8,21,0,0.25129494071006775,0.12997373938560486,0,0,0,0,0
strong,1,XGBoost,0.2,0.8,58,0,0.6987577676773071,0.9226524829864502,1,1,0,0,0
strong,1,XGBoost,0.3,0.7,63,0,0.3987637758255005,0.12723562121391296,0,0,0,0,0
strong,1,XGBoost,0.3,0.7,79,0,0.6230728030204773,0.7109693884849548,1,1,0,0,0
strong,1,XGBoost,0.3,0.7,87,0,0.3118022680282593,0.38921183347702026,0,0,0,0,0
strong,1,XGBoost,0.3,0.7,58,0,0.6987577676773071,0.9226524829864502,1,1,0,0,0
strong,2,Logistic Regression,0.2,0.8,47,0,0.7532071405276918,0.7811693630593138,1,1,0,0,0
strong,2,Logistic Regression,0.2,0.8,181,1,0.6470780110199909,0.990356493247855,1,1,0,0,0
strong,2,Logistic Regression,0.2,0.8,54,0,0.4150771846309751,0.031034973502915602,0,0,0,0,0
strong,2,Logistic Regression,0.2,0.8,191,1,0.7933635132776006,0.9868424923305731,1,1,0,0,0
strong,2,Logistic Regression,0.2,0.8,29,0,0.22913459533933653,0.02332660295341741,0,0,0,0,0
strong,2,Logistic Regression,0.2,0.8,92,0,0.4945430017259067,0.34010216258899334,0,0,0,0,0
strong,2,Logistic Regression,0.2,0.8,122,1,0.7234146648958106,0.9974074942449945,1,1,0,0,0
strong,2,Logistic Regression,0.2,0.8,8,0,0.3394009334334917,0.14026193570261003,0,0,0,0,0
strong,2,Logistic Regression,0.2,0.8,66,0,0.5089933933658247,0.856480170243062,1,1,0,0,0
strong,2,Logistic Regression,0.2,0.8,120,1,0.7297962570444464,0.5868789918688625,1,1,0,0,0
strong,2,Logistic Regression,0.2,0.8,15,0,0.4738898106165998,0.348134292166902,0,0,0,0,0
strong,2,Logistic Regression,0.3,0.7,181,1,0.6470780110199909,0.990356493247855,1,1,0,0,0
strong,2,Logistic Regression,0.3,0.7,54,0,0.4150771846309751,0.031034973502915602,0,0,0,0,0
strong,2,Logistic Regression,0.3,0.7,92,0,0.4945430017259067,0.34010216258899334,0,0,0,0,0
strong,2,Logistic Regression,0.3,0.7,8,0,0.3394009334334917,0.14026193570261003,0,0,0,0,0
strong,2,Logistic Regression,0.3,0.7,66,0,0.5089933933658247,0.856480170243062,1,1,0,0,0
strong,2,Logistic Regression,0.3,0.7,15,0,0.4738898106165998,0.348134292166902,0,0,0,0,0
strong,2,Logistic Regression,0.4,0.6,54,0,0.4150771846309751,0.031034973502915602,0,0,0,0,0
strong,2,Logistic Regression,0.4,0.6,92,0,0.4945430017259067,0.34010216258899334,0,0,0,0,0
strong,2,Logistic Regression,0.4,0.6,66,0,0.5089933933658247,0.856480170243062,1,1,0,0,0
strong,2,Logistic Regression,0.4,0.6,15,0,0.4738898106165998,0.348134292166902,0,0,0,0,0
strong,2,Random Forest,0.2,0.8,47,0,0.33,0.48,0,0,0,0,0
strong,2,Random Forest,0.2,0.8,116,1,0.78,0.74,1,1,0,0,0
strong,2,Random Forest,0.2,0.8,154,1,0.76,0.83,1,1,0,0,0
strong,2,Random Forest,0.2,0.8,181,1,0.68,0.78,1,1,0,0,0
strong,2,Random Forest,0.2,0.8,22,0,0.24,0.26,0,0,0,0,0
strong,2,Random Forest,0.2,0.8,54,0,0.29,0.28,0,0,0,0,0
strong,2,Random Forest,0.2,0.8,189,1,0.65,0.69,1,1,0,0,0
strong,2,Random Forest,0.2,0.8,16,0,0.41,0.59,0,1,1,0,1
strong,2,Random Forest,0.2,0.8,123,1,0.55,0.57,1,1,0,0,0
strong,2,Random Forest,0.2,0.8,163,1,0.71,0.73,1,1,0,0,0
strong,2,Random Forest,0.2,0.8,188,1,0.76,0.87,1,1,0,0,0
strong,2,Random Forest,0.2,0.8,92,0,0.29,0.36,0,0,0,0,0
strong,2,Random Forest,0.2,0.8,128,1,0.68,0.71,1,1,0,0,0
strong,2,Random Forest,0.2,0.8,172,1,0.74,0.72,1,1,0,0,0
strong,2,Random Forest,0.2,0.8,190,1,0.64,0.74,1,1,0,0,0
strong,2,Random Forest,0.2,0.8,136,1,0.73,0.56,1,1,0,0,0
strong,2,Random Forest,0.2,0.8,21,0,0.22,0.31,0,0,0,0,0
strong,2,Random Forest,0.2,0.8,8,0,0.23,0.25,0,0,0,0,0
strong,2,Random Forest,0.2,0.8,109,1,0.51,0.51,1,1,0,0,0
strong,2,Random Forest,0.2,0.8,148,1,0.7,0.77,1,1,0,0,0
strong,2,Random Forest,0.2,0.8,88,0,0.28,0.38,0,0,0,0,0
strong,2,Random Forest,0.2,0.8,120,1,0.67,0.55,1,1,0,0,0
strong,2,Random Forest,0.2,0.8,68,0,0.55,0.49,1,0,1,1,0
strong,2,Random Forest,0.3,0.7,47,0,0.33,0.48,0,0,0,0,0
strong,2,Random Forest,0.3,0.7,181,1,0.68,0.78,1,1,0,0,0
strong,2,Random Forest,0.3,0.7,189,1,0.65,0.69,1,1,0,0,0
strong,2,Random Forest,0.3,0.7,16,0,0.41,0.59,0,1,1,0,1
strong,2,Random Forest,0.3,0.7,123,1,0.55,0.57,1,1,0,0,0
strong,2,Random Forest,0.3,0.7,128,1,0.68,0.71,1,1,0,0,0
strong,2,Random Forest,0.3,0.7,190,1,0.64,0.74,1,1,0,0,0
strong,2,Random Forest,0.3,0.7,109,1,0.51,0.51,1,1,0,0,0
strong,2,Random Forest,0.3,0.7,120,1,0.67,0.55,1,1,0,0,0
strong,2,Random Forest,0.3,0.7,68,0,0.55,0.49,1,0,1,1,0
strong,2,Random Forest,0.4,0.6,16,0,0.41,0.59,0,1,1,0,1
strong,2,Random Forest,0.4,0.6,123,1,0.55,0.57,1,1,0,0,0
strong,2,Random Forest,0.4,0.6,109,1,0.51,0.51,1,1,0,0,0
strong,2,Random Forest,0.4,0.6,68,0,0.55,0.49,1,0,1,1,0
strong,2,XGBoost,0.2,0.8,47,0,0.5340350270271301,0.9161989092826843,1,1,0,0,0
strong,2,XGBoost,0.2,0.8,181,1,0.6927907466888428,0.9421923756599426,1,1,0,0,0
strong,2,XGBoost,0.2,0.8,16,0,0.4853920340538025,0.823586106300354,0,1,1,0,1
strong,2,XGBoost,0.2,0.8,123,1,0.7534210681915283,0.937770426273346,1,1,0,0,0
strong,2,XGBoost,0.2,0.8,88,0,0.36859339475631714,0.7554612755775452,0,1,1,0,1
strong,2,XGBoost,0.2,0.8,120,1,0.7548131942749023,0.706302285194397,1,1,0,0,0
strong,2,XGBoost,0.2,0.8,68,0,0.6074644923210144,0.5010102987289429,1,1,0,0,0
strong,2,XGBoost,0.3,0.7,47,0,0.5340350270271301,0.9161989092826843,1,1,0,0,0
strong,2,XGBoost,0.3,0.7,181,1,0.6927907466888428,0.9421923756599426,1,1,0,0,0
strong,2,XGBoost,0.3,0.7,16,0,0.4853920340538025,0.823586106300354,0,1,1,0,1
strong,2,XGBoost,0.3,0.7,88,0,0.36859339475631714,0.7554612755775452,0,1,1,0,1
strong,2,XGBoost,0.3,0.7,68,0,0.6074644923210144,0.5010102987289429,1,1,0,0,0
strong,2,XGBoost,0.4,0.6,47,0,0.5340350270271301,0.9161989092826843,1,1,0,0,0
strong,2,XGBoost,0.4,0.6,16,0,0.4853920340538025,0.823586106300354,0,1,1,0,1
strong,3,Logistic Regression,0.2,0.8,78,0,0.7540884887039786,0.2521439557370186,1,0,1,1,0
strong,3,Logistic Regression,0.2,0.8,120,1,0.6012874221501434,0.4220781456492185,1,0,1,0,1
strong,3,Logistic Regression,0.2,0.8,69,0,0.553370413347781,0.9907430393863131,1,1,0,0,0
strong,3,Logistic Regression,0.2,0.8,31,0,0.4299275057486085,0.450062240908492,0,0,0,0,0
strong,3,Logistic Regression,0.2,0.8,15,0,0.7941715965874846,0.9406188516420897,1,1,0,0,0
strong,3,Logistic Regression,0.2,0.8,183,1,0.2934008437527271,0.7191350556273922,0,1,1,1,0
strong,3,Logistic Regression,0.2,0.8,54,0,0.536952622296105,0.002152663750104151,1,0,1,1,0
strong,3,Logistic Regression,0.2,0.8,181,1,0.7018798852403967,0.9838069449719754,1,1,0,0,0
strong,3,Logistic Regression,0.2,0.8,79,0,0.5340130288948396,0.5220146864748195,1,1,0,0,0
strong,3,Logistic Regression,0.3,0.7,120,1,0.6012874221501434,0.4220781456492185,1,0,1,0,1
strong,3,Logistic Regression,0.3,0.7,69,0,0.553370413347781,0.9907430393863131,1,1,0,0,0
strong,3,Logistic Regression,0.3,0.7,31,0,0.4299275057486085,0.450062240908492,0,0,0,0,0
strong,3,Logistic Regression,0.3,0.7,54,0,0.536952622296105,0.002152663750104151,1,0,1,1,0
strong,3,Logistic Regression,0.3,0.7,79,0,0.5340130288948396,0.5220146864748195,1,1,0,0,0
strong,3,Logistic Regression,0.4,0.6,69,0,0.553370413347781,0.9907430393863131,1,1,0,0,0
strong,3,Logistic Regression,0.4,0.6,31,0,0.4299275057486085,0.450062240908492,0,0,0,0,0
strong,3,Logistic Regression,0.4,0.6,54,0,0.536952622296105,0.002152663750104151,1,0,1,1,0
strong,3,Logistic Regression,0.4,0.6,79,0,0.5340130288948396,0.5220146864748195,1,1,0,0,0
strong,3,Random Forest,0.2,0.8,78,0,0.36,0.3,0,0,0,0,0
strong,3,Random Forest,0.2,0.8,120,1,0.76,0.7,1,1,0,0,0
strong,3,Random Forest,0.2,0.8,173,1,0.76,0.76,1,1,0,0,0
strong,3,Random Forest,0.2,0.8,31,0,0.39,0.56,0,1,1,0,1
strong,3,Random Forest,0.2,0.8,183,1,0.77,0.72,1,1,0,0,0
strong,3,Random Forest,0.2,0.8,123,1,0.59,0.8,1,1,0,0,0
strong,3,Random Forest,0.2,0.8,192,1,0.76,0.76,1,1,0,0,0
strong,3,Random Forest,0.2,0.8,66,0,0.29,0.33,0,0,0,0,0
strong,3,Random Forest,0.2,0.8,79,0,0.46,0.5,0,1,1,0,1
strong,3,Random Forest,0.3,0.7,78,0,0.36,0.3,0,0,0,0,0
strong,3,Random Forest,0.3,0.7,31,0,0.39,0.56,0,1,1,0,1
strong,3,Random Forest,0.3,0.7,123,1,0.59,0.8,1,1,0,0,0
strong,3,Random Forest,0.3,0.7,79,0,0.46,0.5,0,1,1,0,1
strong,3,Random Forest,0.4,0.6,123,1,0.59,0.8,1,1,0,0,0
strong,3,Random Forest,0.4,0.6,79,0,0.46,0.5,0,1,1,0,1
strong,3,XGBoost,0.2,0.8,31,0,0.2802847623825073,0.24864564836025238,0,0,0,0,0
strong,3,XGBoost,0.2,0.8,123,1,0.7534278035163879,0.8771604299545288,1,1,0,0,0
strong,3,XGBoost,0.2,0.8,66,0,0.3798926770687103,0.4898768365383148,0,0,0,0,0
strong,3,XGBoost,0.2,0.8,79,0,0.7900185585021973,0.823659360408783,1,1,0,0,0
strong,3,XGBoost,0.3,0.7,66,0,0.3798926770687103,0.4898768365383148,0,0,0,0,0
strong,4,Logistic Regression,0.2,0.8,66,0,0.7677244109301674,0.9773242860229108,1,1,0,0,0
strong,4,Logistic Regression,0.2,0.8,145,1,0.7593282014910453,0.5801263348373821,1,1,0,0,0
strong,4,Logistic Regression,0.2,0.8,54,0,0.5495571672752261,0.01688791625258535,1,0,1,1,0
strong,4,Logistic Regression,0.2,0.8,79,0,0.6187146600174404,0.4401100293946131,1,0,1,1,0
strong,4,Logistic Regression,0.2,0.8,31,0,0.3965668591131031,0.05813626275144746,0,0,0,0,0
strong,4,Logistic Regression,0.2,0.8,2,0,0.2896505895468715,0.0004985387327983367,0,0,0,0,0
strong,4,Logistic Regression,0.2,0.8,117,1,0.5700420126397159,0.8630024458094951,1,1,0,0,0
strong,4,Logistic Regression,0.2,0.8,141,1,0.3914572747250496,0.06707848101309687,0,0,0,0,0
strong,4,Logistic Regression,0.2,0.8,56,0,0.3507736181279618,0.06765991323095812,0,0,0,0,0
strong,4,Logistic Regression,0.2,0.8,92,0,0.5070608018789102,0.7287502756911695,1,1,0,0,0
strong,4,Logistic Regression,0.2,0.8,37,0,0.515133461478744,0.014321742483003257,1,0,1,1,0
strong,4,Logistic Regression,0.2,0.8,136,1,0.6165453261383281,0.13074807457385568,1,0,1,0,1
strong,4,Logistic Regression,0.3,0.7,54,0,0.5495571672752261,0.01688791625258535,1,0,1,1,0
strong,4,Logistic Regression,0.3,0.7,79,0,0.6187146600174404,0.4401100293946131,1,0,1,1,0
strong,4,Logistic Regression,0.3,0.7,31,0,0.3965668591131031,0.05813626275144746,0,0,0,0,0
strong,4,Logistic Regression,0.3,0.7,117,1,0.5700420126397159,0.8630024458094951,1,1,0,0,0
strong,4,Logistic Regression,0.3,0.7,141,1,0.3914572747250496,0.06707848101309687,0,0,0,0,0
strong,4,Logistic Regression,0.3,0.7,56,0,0.3507736181279618,0.06765991323095812,0,0,0,0,0
strong,4,Logistic Regression,0.3,0.7,92,0,0.5070608018789102,0.7287502756911695,1,1,0,0,0
strong,4,Logistic Regression,0.3,0.7,37,0,0.515133461478744,0.014321742483003257,1,0,1,1,0
strong,4,Logistic Regression,0.3,0.7,136,1,0.6165453261383281,0.13074807457385568,1,0,1,0,1
strong,4,Logistic Regression,0.4,0.6,54,0,0.5495571672752261,0.01688791625258535,1,0,1,1,0
strong,4,Logistic Regression,0.4,0.6,117,1,0.5700420126397159,0.8630024458094951,1,1,0,0,0
strong,4,Logistic Regression,0.4,0.6,92,0,0.5070608018789102,0.7287502756911695,1,1,0,0,0
strong,4,Logistic Regression,0.4,0.6,37,0,0.515133461478744,0.014321742483003257,1,0,1,1,0
strong,4,Random Forest,0.2,0.8,66,0,0.21,0.35,0,0,0,0,0
strong,4,Random Forest,0.2,0.8,54,0,0.22,0.21,0,0,0,0,0
strong,4,Random Forest,0.2,0.8,79,0,0.46,0.52,0,1,1,0,1
strong,4,Random Forest,0.2,0.8,31,0,0.7,0.65,1,1,0,0,0
strong,4,Random Forest,0.2,0.8,199,1,0.76,0.75,1,1,0,0,0
strong,4,Random Forest,0.2,0.8,117,1,0.76,0.81,1,1,0,0,0
strong,4,Random Forest,0.2,0.8,82,0,0.21,0.13,0,0,0,0,0
strong,4,Random Forest,0.2,0.8,58,0,0.46,0.5,0,1,1,0,1
strong,4,Random Forest,0.2,0.8,91,0,0.49,0.49,0,0,0,0,0
strong,4,Random Forest,0.2,0.8,141,1,0.66,0.51,1,1,0,0,0
strong,4,Random Forest,0.2,0.8,105,1,0.76,0.72,1,1,0,0,0
strong,4,Random Forest,0.2,0.8,109,1,0.61,0.65,1,1,0,0,0
strong,4,Random Forest,0.2,0.8,92,0,0.29,0.35,0,0,0,0,0
strong,4,Random Forest,0.2,0.8,49,0,0.22,0.23,0,0,0,0,0
strong,4,Random Forest,0.2,0.8,37,0,0.57,0.46,1,0,1,1,0
strong,4,Random Forest,0.2,0.8,140,1,0.63,0.57,1,1,0,0,0
strong,4,Random Forest,0.2,0.8,64,0,0.28,0.37,0,0,0,0,0
strong,4,Random Forest,0.2,0.8,88,0,0.35,0.39,0,0,0,0,0
strong,4,Random Forest,0.2,0.8,161,1,0.79,0.85,1,1,0,0,0
strong,4,Random Forest,0.2,0.8,9,0,0.4,0.42,0,0,0,0,0
strong,4,Random Forest,0.2,0.8,133,1,0.78,0.82,1,1,0,0,0
strong,4,Random Forest,0.2,0.8,144,1,0.79,0.79,1,1,0,0,0
strong,4,Random Forest,0.2,0.8,136,1,0.67,0.57,1,1,0,0,0
strong,4,Random Forest,0.3,0.7,79,0,0.46,0.52,0,1,1,0,1
strong,4,Random Forest,0.3,0.7,58,0,0.46,0.5,0,1,1,0,1
strong,4,Random Forest,0.3,0.7,91,0,0.49,0.49,0,0,0,0,0
strong,4,Random Forest,0.3,0.7,141,1,0.66,0.51,1,1,0,0,0
strong,4,Random Forest,0.3,0.7,109,1,0.61,0.65,1,1,0,0,0
strong,4,Random Forest,0.3,0.7,37,0,0.57,0.46,1,0,1,1,0
strong,4,Random Forest,0.3,0.7,140,1,0.63,0.57,1,1,0,0,0
strong,4,Random Forest,0.3,0.7,88,0,0.35,0.39,0,0,0,0,0
strong,4,Random Forest,0.3,0.7,9,0,0.4,0.42,0,0,0,0,0
strong,4,Random Forest,0.3,0.7,136,1,0.67,0.57,1,1,0,0,0
strong,4,Random Forest,0.4,0.6,79,0,0.46,0.52,0,1,1,0,1
strong,4,Random Forest,0.4,0.6,58,0,0.46,0.5,0,1,1,0,1
strong,4,Random Forest,0.4,0.6,91,0,0.49,0.49,0,0,0,0,0
strong,4,Random Forest,0.4,0.6,37,0,0.57,0.46,1,0,1,1,0
strong,4,XGBoost,0.2,0.8,79,0,0.6196012496948242,0.8066942095756531,1,1,0,0,0
strong,4,XGBoost,0.2,0.8,31,0,0.6777693629264832,0.8074736595153809,1,1,0,0,0
strong,4,XGBoost,0.2,0.8,109,1,0.7130807042121887,0.9318351149559021,1,1,0,0,0
strong,4,XGBoost,0.2,0.8,37,0,0.5792994499206543,0.4235827922821045,1,0,1,1,0
strong,4,XGBoost,0.2,0.8,140,1,0.778902530670166,0.7076228857040405,1,1,0,0,0
strong,4,XGBoost,0.2,0.8,64,0,0.6453865766525269,0.2740110456943512,1,0,1,1,0
strong,4,XGBoost,0.2,0.8,88,0,0.6312947273254395,0.40869027376174927,1,0,1,1,0
strong,4,XGBoost,0.3,0.7,79,0,0.6196012496948242,0.8066942095756531,1,1,0,0,0
strong,4,XGBoost,0.3,0.7,31,0,0.6777693629264832,0.8074736595153809,1,1,0,0,0
strong,4,XGBoost,0.3,0.7,37,0,0.5792994499206543,0.4235827922821045,1,0,1,1,0
strong,4,XGBoost,0.3,0.7,64,0,0.6453865766525269,0.2740110456943512,1,0,1,1,0
strong,4,XGBoost,0.3,0.7,88,0,0.6312947273254395,0.40869027376174927,1,0,1,1,0
strong,4,XGBoost,0.4,0.6,37,0,0.5792994499206543,0.4235827922821045,1,0,1,1,0
strong,5,Logistic Regression,0.2,0.8,79,0,0.35676408856433395,0.8452791221121,0,1,1,0,1
strong,5,Logistic Regression,0.2,0.8,76,0,0.4082767640246605,0.2749203773405616,0,0,0,0,0
strong,5,Logistic Regression,0.2,0.8,183,1,0.4642710690030241,0.7547204648316729,0,1,1,1,0
strong,5,Logistic Regression,0.2,0.8,37,0,0.3346346151536719,0.04202099380597981,0,0,0,0,0
strong,5,Logistic Regression,0.2,0.8,188,1,0.5257022909462196,0.9949998166560441,1,1,0,0,0
strong,5,Logistic Regression,0.2,0.8,97,0,0.6710653119781823,0.8618162774053926,1,1,0,0,0
strong,5,Logistic Regression,0.2,0.8,158,1,0.5467295704677247,0.9711874845421175,1,1,0,0,0
strong,5,Logistic Regression,0.3,0.7,79,0,0.35676408856433395,0.8452791221121,0,1,1,0,1
strong,5,Logistic Regression,0.3,0.7,76,0,0.4082767640246605,0.2749203773405616,0,0,0,0,0
strong,5,Logistic Regression,0.3,0.7,183,1,0.4642710690030241,0.7547204648316729,0,1,1,1,0
strong,5,Logistic Regression,0.3,0.7,37,0,0.3346346151536719,0.04202099380597981,0,0,0,0,0
strong,5,Logistic Regression,0.3,0.7,188,1,0.5257022909462196,0.9949998166560441,1,1,0,0,0
strong,5,Logistic Regression,0.3,0.7,97,0,0.6710653119781823,0.8618162774053926,1,1,0,0,0
strong,5,Logistic Regression,0.3,0.7,158,1,0.5467295704677247,0.9711874845421175,1,1,0,0,0
strong,5,Logistic Regression,0.4,0.6,76,0,0.4082767640246605,0.2749203773405616,0,0,0,0,0
strong,5,Logistic Regression,0.4,0.6,183,1,0.4642710690030241,0.7547204648316729,0,1,1,1,0
strong,5,Logistic Regression,0.4,0.6,188,1,0.5257022909462196,0.9949998166560441,1,1,0,0,0
strong,5,Logistic Regression,0.4,0.6,158,1,0.5467295704677247,0.9711874845421175,1,1,0,0,0
strong,5,Random Forest,0.2,0.8,88,0,0.25,0.34,0,0,0,0,0
strong,5,Random Forest,0.2,0.8,52,0,0.23,0.12,0,0,0,0,0
strong,5,Random Forest,0.2,0.8,79,0,0.58,0.63,1,1,0,0,0
strong,5,Random Forest,0.2,0.8,58,0,0.41,0.37,0,0,0,0,0
strong,5,Random Forest,0.2,0.8,59,0,0.21,0.13,0,0,0,0,0
strong,5,Random Forest,0.2,0.8,177,1,0.6,0.42,1,0,1,0,1
strong,5,Random Forest,0.2,0.8,183,1,0.79,0.65,1,1,0,0,0
strong,5,Random Forest,0.2,0.8,37,0,0.63,0.41,1,0,1,1,0
strong,5,Random Forest,0.2,0.8,188,1,0.72,0.86,1,1,0,0,0
strong,5,Random Forest,0.2,0.8,87,0,0.33,0.31,0,0,0,0,0
strong,5,Random Forest,0.2,0.8,199,1,0.79,0.8,1,1,0,0,0
strong,5,Random Forest,0.2,0.8,47,0,0.55,0.64,1,1,0,0,0
strong,5,Random Forest,0.3,0.7,79,0,0.58,0.63,1,1,0,0,0
strong,5,Random Forest,0.3,0.7,58,0,0.41,0.37,0,0,0,0,0
strong,5,Random Forest,0.3,0.7,177,1,0.6,0.42,1,0,1,0,1
strong,5,Random Forest,0.3,0.7,37,0,0.63,0.41,1,0,1,1,0
strong,5,Random Forest,0.3,0.7,87,0,0.33,0.31,0,0,0,0,0
strong,5,Random Forest,0.3,0.7,47,0,0.55,0.64,1,1,0,0,0
strong,5,Random Forest,0.4,0.6,79,0,0.58,0.63,1,1,0,0,0
strong,5,Random Forest,0.4,0.6,58,0,0.41,0.37,0,0,0,0,0
strong,5,Random Forest,0.4,0.6,47,0,0.55,0.64,1,1,0,0,0
strong,5,XGBoost,0.2,0.8,88,0,0.5889943242073059,0.7837640643119812,1,1,0,0,0
strong,5,XGBoost,0.2,0.8,177,1,0.423979789018631,0.1980666220188141,0,0,0,0,0
strong,5,XGBoost,0.2,0.8,37,0,0.4317884147167206,0.24501150846481323,0,0,0,0,0
strong,5,XGBoost,0.2,0.8,87,0,0.27247610688209534,0.2948860228061676,0,0,0,0,0
strong,5,XGBoost,0.3,0.7,88,0,0.5889943242073059,0.7837640643119812,1,1,0,0,0
strong,5,XGBoost,0.3,0.7,177,1,0.423979789018631,0.1980666220188141,0,0,0,0,0
strong,5,XGBoost,0.3,0.7,37,0,0.4317884147167206,0.24501150846481323,0,0,0,0,0
strong,5,XGBoost,0.4,0.6,88,0,0.5889943242073059,0.7837640643119812,1,1,0,0,0
strong,5,XGBoost,0.4,0.6,177,1,0.423979789018631,0.1980666220188141,0,0,0,0,0
strong,5,XGBoost,0.4,0.6,37,0,0.4317884147167206,0.24501150846481323,0,0,0,0,0
strong,6,Logistic Regression,0.2,0.8,159,1,0.2729495725350761,0.8749606853728509,0,1,1,1,0
strong,6,Logistic Regression,0.2,0.8,192,1,0.41141694708588983,0.9945675031229608,0,1,1,1,0
strong,6,Logistic Regression,0.2,0.8,183,1,0.35296881956774123,0.8182549616936194,0,1,1,1,0
strong,6,Logistic Regression,0.2,0.8,120,1,0.6248820023139185,0.4338721006937358,1,0,1,0,1
strong,6,Logistic Regression,0.2,0.8,69,0,0.5684567669416126,0.8071319617564555,1,1,0,0,0
strong,6,Logistic Regression,0.2,0.8,79,0,0.40023746632369817,0.7268155548615925,0,1,1,0,1
strong,6,Logistic Regression,0.2,0.8,97,0,0.6829625386250731,0.35181890213178885,1,0,1,1,0
strong,6,Logistic Regression,0.2,0.8,188,1,0.6525565042317321,0.9984525634794674,1,1,0,0,0
strong,6,Logistic Regression,0.2,0.8,147,1,0.3786464641121544,0.510260408341492,0,1,1,1,0
strong,6,Logistic Regression,0.2,0.8,78,0,0.7565144002492723,0.12393657651575428,1,0,1,1,0
strong,6,Logistic Regression,0.3,0.7,192,1,0.41141694708588983,0.9945675031229608,0,1,1,1,0
strong,6,Logistic Regression,0.3,0.7,183,1,0.35296881956774123,0.8182549616936194,0,1,1,1,0
strong,6,Logistic Regression,0.3,0.7,120,1,0.6248820023139185,0.4338721006937358,1,0,1,0,1
strong,6,Logistic Regression,0.3,0.7,69,0,0.5684567669416126,0.8071319617564555,1,1,0,0,0
strong,6,Logistic Regression,0.3,0.7,79,0,0.40023746632369817,0.7268155548615925,0,1,1,0,1
strong,6,Logistic Regression,0.3,0.7,97,0,0.6829625386250731,0.35181890213178885,1,0,1,1,0
strong,6,Logistic Regression,0.3,0.7,188,1,0.6525565042317321,0.9984525634794674,1,1,0,0,0
strong,6,Logistic Regression,0.3,0.7,147,1,0.3786464641121544,0.510260408341492,0,1,1,1,0
strong,6,Logistic Regression,0.4,0.6,192,1,0.41141694708588983,0.9945675031229608,0,1,1,1,0
strong,6,Logistic Regression,0.4,0.6,69,0,0.5684567669416126,0.8071319617564555,1,1,0,0,0
strong,6,Logistic Regression,0.4,0.6,79,0,0.40023746632369817,0.7268155548615925,0,1,1,0,1
strong,6,Random Forest,0.2,0.8,159,1,0.5,0.58,1,1,0,0,0
strong,6,Random Forest,0.2,0.8,68,0,0.52,0.44,1,0,1,1,0
strong,6,Random Forest,0.2,0.8,177,1,0.57,0.47,1,0,1,0,1
strong,6,Random Forest,0.2,0.8,37,0,0.51,0.35,1,0,1,1,0
strong,6,Random Forest,0.2,0.8,192,1,0.57,0.62,1,1,0,0,0
strong,6,Random Forest,0.2,0.8,58,0,0.37,0.41,0,0,0,0,0
strong,6,Random Forest,0.2,0.8,148,1,0.61,0.66,1,1,0,0,0
strong,6,Random Forest,0.2,0.8,114,1,0.76,0.63,1,1,0,0,0
strong,6,Random Forest,0.2,0.8,120,1,0.78,0.61,1,1,0,0,0
strong,6,Random Forest,0.2,0.8,69,0,0.21,0.31,0,0,0,0,0
strong,6,Random Forest,0.2,0.8,79,0,0.5,0.52,1,1,0,0,0
strong,6,Random Forest,0.2,0.8,97,0,0.21,0.11,0,0,0,0,0
strong,6,Random Forest,0.2,0.8,34,0,0.36,0.29,0,0,0,0,0
strong,6,Random Forest,0.2,0.8,165,1,0.62,0.59,1,1,0,0,0
strong,6,Random Forest,0.2,0.8,188,1,0.68,0.73,1,1,0,0,0
strong,6,Random Forest,0.2,0.8,56,0,0.25,0.25,0,0,0,0,0
strong,6,Random Forest,0.2,0.8,78,0,0.35,0.33,0,0,0,0,0
strong,6,Random Forest,0.3,0.7,159,1,0.5,0.58,1,1,0,0,0
strong,6,Random Forest,0.3,0.7,68,0,0.52,0.44,1,0,1,1,0
strong,6,Random Forest,0.3,0.7,177,1,0.57,0.47,1,0,1,0,1
strong,6,Random Forest,0.3,0.7,37,0,0.51,0.35,1,0,1,1,0
strong,6,Random Forest,0.3,0.7,192,1,0.57,0.62,1,1,0,0,0
strong,6,Random Forest,0.3,0.7,58,0,0.37,0.41,0,0,0,0,0
strong,6,Random Forest,0.3,0.7,148,1,0.61,0.66,1,1,0,0,0
strong,6,Random Forest,0.3,0.7,79,0,0.5,0.52,1,1,0,0,0
strong,6,Random Forest,0.3,0.7,34,0,0.36,0.29,0,0,0,0,0
strong,6,Random Forest,0.3,0.7,165,1,0.62,0.59,1,1,0,0,0
strong,6,Random Forest,0.3,0.7,188,1,0.68,0.73,1,1,0,0,0
strong,6,Random Forest,0.3,0.7,78,0,0.35,0.33,0,0,0,0,0
strong,6,Random Forest,0.4,0.6,159,1,0.5,0.58,1,1,0,0,0
strong,6,Random Forest,0.4,0.6,68,0,0.52,0.44,1,0,1,1,0
strong,6,Random Forest,0.4,0.6,177,1,0.57,0.47,1,0,1,0,1
strong,6,Random Forest,0.4,0.6,37,0,0.51,0.35,1,0,1,1,0
strong,6,Random Forest,0.4,0.6,192,1,0.57,0.62,1,1,0,0,0
strong,6,Random Forest,0.4,0.6,79,0,0.5,0.52,1,1,0,0,0
strong,6,XGBoost,0.2,0.8,159,1,0.6131126880645752,0.5884982347488403,1,1,0,0,0
strong,6,XGBoost,0.2,0.8,68,0,0.5261874794960022,0.7215891480445862,1,1,0,0,0
strong,6,XGBoost,0.2,0.8,177,1,0.7297972440719604,0.34120887517929077,1,0,1,0,1
strong,6,XGBoost,0.2,0.8,79,0,0.7604424357414246,0.9471480250358582,1,1,0,0,0
strong,6,XGBoost,0.2,0.8,34,0,0.31698402762413025,0.06392011046409607,0,0,0,0,0
strong,6,XGBoost,0.2,0.8,165,1,0.7908591032028198,0.9393653869628906,1,1,0,0,0
strong,6,XGBoost,0.2,0.8,56,0,0.21168355643749237,0.17904698848724365,0,0,0,0,0
strong,6,XGBoost,0.3,0.7,159,1,0.6131126880645752,0.5884982347488403,1,1,0,0,0
strong,6,XGBoost,0.3,0.7,68,0,0.5261874794960022,0.7215891480445862,1,1,0,0,0
strong,6,XGBoost,0.3,0.7,34,0,0.31698402762413025,0.06392011046409607,0,0,0,0,0
strong,6,XGBoost,0.4,0.6,68,0,0.5261874794960022,0.7215891480445862,1,1,0,0,0
strong,7,Logistic Regression,0.2,0.8,181,1,0.6276642588764574,0.9761756909303976,1,1,0,0,0
strong,7,Logistic Regression,0.2,0.8,40,0,0.2664906108373314,0.045970103278507736,0,0,0,0,0
strong,7,Logistic Regression,0.2,0.8,79,0,0.48400436309656647,0.35098438830679357,0,0,0,0,0
strong,7,Logistic Regression,0.2,0.8,59,0,0.7187863364528004,0.2573609706480654,1,0,1,1,0
strong,7,Logistic Regression,0.2,0.8,180,1,0.6192355297966187,0.7465199703166213,1,1,0,0,0
strong,7,Logistic Regression,0.2,0.8,97,0,0.5195619072652515,0.27106837097509673,1,0,1,1,0
strong,7,Logistic Regression,0.2,0.8,20,0,0.6366464769299341,0.5707887626281071,1,1,0,0,0
strong,7,Logistic Regression,0.2,0.8,159,1,0.5940685624224205,0.8783206078025604,1,1,0,0,0
strong,7,Logistic Regression,0.2,0.8,35,0,0.7535552591922676,0.39891833369073687,1,0,1,1,0
strong,7,Logistic Regression,0.2,0.8,34,0,0.29670985547912904,0.048005757049162955,0,0,0,0,0
strong,7,Logistic Regression,0.2,0.8,92,0,0.3960129157921975,0.736948962710543,0,1,1,0,1
strong,7,Logistic Regression,0.2,0.8,9,0,0.7854566061897628,0.9015159422162418,1,1,0,0,0
strong,7,Logistic Regression,0.2,0.8,78,0,0.3025021603742712,0.040202158258900146,0,0,0,0,0
strong,7,Logistic Regression,0.3,0.7,181,1,0.6276642588764574,0.9761756909303976,1,1,0,0,0
strong,7,Logistic Regression,0.3,0.7,79,0,0.48400436309656647,0.35098438830679357,0,0,0,0,0
strong,7,Logistic Regression,0.3,0.7,180,1,0.6192355297966187,0.7465199703166213,1,1,0,0,0
strong,7,Logistic Regression,0.3,0.7,97,0,0.5195619072652515,0.27106837097509673,1,0,1,1,0
strong,7,Logistic Regression,0.3,0.7,20,0,0.6366464769299341,0.5707887626281071,1,1,0,0,0
strong,7,Logistic Regression,0.3,0.7,159,1,0.5940685624224205,0.8783206078025604,1,1,0,0,0
strong,7,Logistic Regression,0.3,0.7,92,0,0.3960129157921975,0.736948962710543,0,1,1,0,1
strong,7,Logistic Regression,0.3,0.7,78,0,0.3025021603742712,0.040202158258900146,0,0,0,0,0
strong,7,Logistic Regression,0.4,0.6,79,0,0.48400436309656647,0.35098438830679357,0,0,0,0,0
strong,7,Logistic Regression,0.4,0.6,97,0,0.5195619072652515,0.27106837097509673,1,0,1,1,0
strong,7,Logistic Regression,0.4,0.6,159,1,0.5940685624224205,0.8783206078025604,1,1,0,0,0
strong,7,Random Forest,0.2,0.8,144,1,0.63,0.61,1,1,0,0,0
strong,7,Random Forest,0.2,0.8,67,0,0.34,0.32,0,0,0,0,0
strong,7,Random Forest,0.2,0.8,178,1,0.74,0.75,1,1,0,0,0
strong,7,Random Forest,0.2,0.8,131,1,0.73,0.73,1,1,0,0,0
strong,7,Random Forest,0.2,0.8,128,1,0.68,0.69,1,1,0,0,0
strong,7,Random Forest,0.2,0.8,79,0,0.53,0.43,1,0,1,1,0
strong,7,Random Forest,0.2,0.8,59,0,0.22,0.29,0,0,0,0,0
strong,7,Random Forest,0.2,0.8,110,1,0.74,0.86,1,1,0,0,0
strong,7,Random Forest,0.2,0.8,180,1,0.74,0.78,1,1,0,0,0
strong,7,Random Forest,0.2,0.8,20,0,0.35,0.32,0,0,0,0,0
strong,7,Random Forest,0.2,0.8,65,0,0.46,0.39,0,0,0,0,0
strong,7,Random Forest,0.2,0.8,159,1,0.76,0.74,1,1,0,0,0
strong,7,Random Forest,0.2,0.8,173,1,0.68,0.66,1,1,0,0,0
strong,7,Random Forest,0.2,0.8,81,0,0.22,0.21,0,0,0,0,0
strong,7,Random Forest,0.2,0.8,35,0,0.37,0.31,0,0,0,0,0
strong,7,Random Forest,0.2,0.8,1,0,0.58,0.46,1,0,1,1,0
strong,7,Random Forest,0.2,0.8,162,1,0.63,0.81,1,1,0,0,0
strong,7,Random Forest,0.2,0.8,64,0,0.23,0.23,0,0,0,0,0
strong,7,Random Forest,0.2,0.8,34,0,0.34,0.34,0,0,0,0,0
strong,7,Random Forest,0.2,0.8,13,0,0.24,0.31,0,0,0,0,0
strong,7,Random Forest,0.2,0.8,109,1,0.41,0.49,0,0,0,0,0
strong,7,Random Forest,0.2,0.8,120,1,0.78,0.71,1,1,0,0,0
strong,7,Random Forest,0.2,0.8,189,1,0.78,0.78,1,1,0,0,0
strong,7,Random Forest,0.2,0.8,151,1,0.74,0.81,1,1,0,0,0
strong,7,Random Forest,0.2,0.8,92,0,0.38,0.34,0,0,0,0,0
strong,7,Random Forest,0.2,0.8,9,0,0.5,0.5,1,1,0,0,0
strong,7,Random Forest,0.2,0.8,5,0,0.28,0.29,0,0,0,0,0
strong,7,Random Forest,0.2,0.8,78,0,0.33,0.36,0,0,0,0,0
strong,7,Random Forest,0.3,0.7,144,1,0.63,0.61,1,1,0,0,0
strong,7,Random Forest,0.3,0.7,67,0,0.34,0.32,0,0,0,0,0
strong,7,Random Forest,0.3,0.7,128,1,0.68,0.69,1,1,0,0,0
strong,7,Random Forest,0.3,0.7,79,0,0.53,0.43,1,0,1,1,0
strong,7,Random Forest,0.3,0.7,20,0,0.35,0.32,0,0,0,0,0
strong,7,Random Forest,0.3,0.7,65,0,0.46,0.39,0,0,0,0,0
strong,7,Random Forest,0.3,0.7,173,1,0.68,0.66,1,1,0,0,0
strong,7,Random Forest,0.3,0.7,35,0,0.37,0.31,0,0,0,0,0
strong,7,Random Forest,0.3,0.7,1,0,0.58,0.46,1,0,1,1,0
strong,7,Random Forest,0.3,0.7,162,1,0.63,0.81,1,1,0,0,0
strong,7,Random Forest,0.3,0.7,34,0,0.34,0.34,0,0,0,0,0
strong,7,Random Forest,0.3,0.7,109,1,0.41,0.49,0,0,0,0,0
strong,7,Random Forest,0.3,0.7,92,0,0.38,0.34,0,0,0,0,0
strong,7,Random Forest,0.3,0.7,9,0,0.5,0.5,1,1,0,0,0
strong,7,Random Forest,0.3,0.7,78,0,0.33,0.36,0,0,0,0,0
strong,7,Random Forest,0.4,0.6,79,0,0.53,0.43,1,0,1,1,0
strong,7,Random Forest,0.4,0.6,65,0,0.46,0.39,0,0,0,0,0
strong,7,Random Forest,0.4,0.6,1,0,0.58,0.46,1,0,1,1,0
strong,7,Random Forest,0.4,0.6,109,1,0.41,0.49,0,0,0,0,0
strong,7,Random Forest,0.4,0.6,9,0,0.5,0.5,1,1,0,0,0
strong,7,XGBoost,0.2,0.8,79,0,0.6110071539878845,0.8139599561691284,1,1,0,0,0
strong,7,XGBoost,0.2,0.8,35,0,0.2797762453556061,0.11989299952983856,0,0,0,0,0
strong,7,XGBoost,0.2,0.8,1,0,0.3513874113559723,0.6971395611763,0,1,1,0,1
strong,7,XGBoost,0.2,0.8,162,1,0.7671524286270142,0.9403179883956909,1,1,0,0,0
strong,7,XGBoost,0.2,0.8,34,0,0.31389176845550537,0.26421183347702026,0,0,0,0,0
strong,7,XGBoost,0.3,0.7,79,0,0.6110071539878845,0.8139599561691284,1,1,0,0,0
strong,7,XGBoost,0.3,0.7,1,0,0.3513874113559723,0.6971395611763,0,1,1,0,1
strong,7,XGBoost,0.3,0.7,34,0,0.31389176845550537,0.26421183347702026,0,0,0,0,0
strong,8,Logistic Regression,0.2,0.8,76,0,0.32431577272222334,0.4611015368650606,0,0,0,0,0
strong,8,Logistic Regression,0.2,0.8,68,0,0.6883810991759979,0.8350500040591873,1,1,0,0,0
strong,8,Logistic Regression,0.2,0.8,181,1,0.5255693198225162,0.996354132941698,1,1,0,0,0
strong,8,Logistic Regression,0.2,0.8,69,0,0.6104271845385026,0.975409907028728,1,1,0,0,0
strong,8,Logistic Regression,0.2,0.8,92,0,0.4861010672567694,0.3797631649227873,0,0,0,0,0
strong,8,Logistic Regression,0.2,0.8,183,1,0.2553632290391788,0.435199861164293,0,0,0,0,0
strong,8,Logistic Regression,0.2,0.8,120,1,0.4884988800701469,0.37841376439155583,0,0,0,0,0
strong,8,Logistic Regression,0.3,0.7,76,0,0.32431577272222334,0.4611015368650606,0,0,0,0,0
strong,8,Logistic Regression,0.3,0.7,68,0,0.6883810991759979,0.8350500040591873,1,1,0,0,0
strong,8,Logistic Regression,0.3,0.7,181,1,0.5255693198225162,0.996354132941698,1,1,0,0,0
strong,8,Logistic Regression,0.3,0.7,69,0,0.6104271845385026,0.975409907028728,1,1,0,0,0
strong,8,Logistic Regression,0.3,0.7,92,0,0.4861010672567694,0.3797631649227873,0,0,0,0,0
strong,8,Logistic Regression,0.3,0.7,120,1,0.4884988800701469,0.37841376439155583,0,0,0,0,0
strong,8,Logistic Regression,0.4,0.6,181,1,0.5255693198225162,0.996354132941698,1,1,0,0,0
strong,8,Logistic Regression,0.4,0.6,92,0,0.4861010672567694,0.3797631649227873,0,0,0,0,0
strong,8,Logistic Regression,0.4,0.6,120,1,0.4884988800701469,0.37841376439155583,0,0,0,0,0
strong,8,Random Forest,0.2,0.8,84,0,0.55,0.51,1,1,0,0,0
strong,8,Random Forest,0.2,0.8,9,0,0.27,0.4,0,0,0,0,0
strong,8,Random Forest,0.2,0.8,199,1,0.78,0.82,1,1,0,0,0
strong,8,Random Forest,0.2,0.8,123,1,0.47,0.67,0,1,1,1,0
strong,8,Random Forest,0.2,0.8,34,0,0.21,0.4,0,0,0,0,0
strong,8,Random Forest,0.2,0.8,190,1,0.69,0.61,1,1,0,0,0
strong,8,Random Forest,0.2,0.8,68,0,0.57,0.33,1,0,1,1,0
strong,8,Random Forest,0.2,0.8,181,1,0.78,0.84,1,1,0,0,0
strong,8,Random Forest,0.2,0.8,177,1,0.52,0.38,1,0,1,0,1
strong,8,Random Forest,0.2,0.8,192,1,0.75,0.74,1,1,0,0,0
strong,8,Random Forest,0.2,0.8,140,1,0.47,0.53,0,1,1,1,0
strong,8,Random Forest,0.2,0.8,148,1,0.78,0.7,1,1,0,0,0
strong,8,Random Forest,0.2,0.8,16,0,0.52,0.53,1,1,0,0,0
strong,8,Random Forest,0.2,0.8,92,0,0.26,0.18,0,0,0,0,0
strong,8,Random Forest,0.2,0.8,120,1,0.73,0.66,1,1,0,0,0
strong,8,Random Forest,0.2,0.8,198,1,0.57,0.54,1,1,0,0,0
strong,8,Random Forest,0.2,0.8,189,1,0.72,0.84,1,1,0,0,0
strong,8,Random Forest,0.3,0.7,84,0,0.55,0.51,1,1,0,0,0
strong,8,Random Forest,0.3,0.7,123,1,0.47,0.67,0,1,1,1,0
strong,8,Random Forest,0.3,0.7,190,1,0.69,0.61,1,1,0,0,0
strong,8,Random Forest,0.3,0.7,68,0,0.57,0.33,1,0,1,1,0
strong,8,Random Forest,0.3,0.7,177,1,0.52,0.38,1,0,1,0,1
strong,8,Random Forest,0.3,0.7,140,1,0.47,0.53,0,1,1,1,0
strong,8,Random Forest,0.3,0.7,16,0,0.52,0.53,1,1,0,0,0
strong,8,Random Forest,0.3,0.7,198,1,0.57,0.54,1,1,0,0,0
strong,8,Random Forest,0.4,0.6,84,0,0.55,0.51,1,1,0,0,0
strong,8,Random Forest,0.4,0.6,123,1,0.47,0.67,0,1,1,1,0
strong,8,Random Forest,0.4,0.6,68,0,0.57,0.33,1,0,1,1,0
strong,8,Random Forest,0.4,0.6,177,1,0.52,0.38,1,0,1,0,1
strong,8,Random Forest,0.4,0.6,140,1,0.47,0.53,0,1,1,1,0
strong,8,Random Forest,0.4,0.6,16,0,0.52,0.53,1,1,0,0,0
strong,8,Random Forest,0.4,0.6,198,1,0.57,0.54,1,1,0,0,0
strong,8,XGBoost,0.2,0.8,123,1,0.48398974537849426,0.7753738760948181,0,1,1,1,0
strong,8,XGBoost,0.2,0.8,190,1,0.6173804402351379,0.568838894367218,1,1,0,0,0
strong,8,XGBoost,0.2,0.8,68,0,0.7838743925094604,0.5405349731445312,1,1,0,0,0
strong,8,XGBoost,0.2,0.8,181,1,0.6882578730583191,0.845162570476532,1,1,0,0,0
strong,8,XGBoost,0.2,0.8,140,1,0.23987847566604614,0.3984212577342987,0,0,0,0,0
strong,8,XGBoost,0.2,0.8,16,0,0.7886436581611633,0.4457665979862213,1,0,1,1,0
strong,8,XGBoost,0.2,0.8,198,1,0.3671095371246338,0.36838576197624207,0,0,0,0,0
strong,8,XGBoost,0.2,0.8,189,1,0.6319211721420288,0.7759404182434082,1,1,0,0,0
strong,8,XGBoost,0.3,0.7,123,1,0.48398974537849426,0.7753738760948181,0,1,1,1,0
strong,8,XGBoost,0.3,0.7,190,1,0.6173804402351379,0.568838894367218,1,1,0,0,0
strong,8,XGBoost,0.3,0.7,181,1,0.6882578730583191,0.845162570476532,1,1,0,0,0
strong,8,XGBoost,0.3,0.7,198,1,0.3671095371246338,0.36838576197624207,0,0,0,0,0
strong,8,XGBoost,0.3,0.7,189,1,0.6319211721420288,0.7759404182434082,1,1,0,0,0
strong,8,XGBoost,0.4,0.6,123,1,0.48398974537849426,0.7753738760948181,0,1,1,1,0
strong,9,Logistic Regression,0.2,0.8,66,0,0.6760311652828234,0.9649594052456211,1,1,0,0,0
strong,9,Logistic Regression,0.2,0.8,68,0,0.753946579150196,0.8971297452509983,1,1,0,0,0
strong,9,Logistic Regression,0.2,0.8,87,0,0.4624769672660499,0.33481150620698785,0,0,0,0,0
strong,9,Logistic Regression,0.2,0.8,158,1,0.7322148016179229,0.9569001287721198,1,1,0,0,0
strong,9,Logistic Regression,0.2,0.8,54,0,0.313301969325704,0.004326142000610243,0,0,0,0,0
strong,9,Logistic Regression,0.2,0.8,15,0,0.5889340756262798,0.05993178215550116,1,0,1,1,0
strong,9,Logistic Regression,0.2,0.8,144,1,0.37640999875843667,0.3287245208119802,0,0,0,0,0
strong,9,Logistic Regression,0.2,0.8,92,0,0.5502913310420361,0.054520690201467645,1,0,1,1,0
strong,9,Logistic Regression,0.2,0.8,120,1,0.7195710378251738,0.8600544576684503,1,1,0,0,0
strong,9,Logistic Regression,0.2,0.8,145,1,0.7475857321627913,0.22794495602216033,1,0,1,0,1
strong,9,Logistic Regression,0.2,0.8,8,0,0.45887890415650956,0.15709331639018706,0,0,0,0,0
strong,9,Logistic Regression,0.2,0.8,1,0,0.41556418475971735,0.49957498013939144,0,0,0,0,0
strong,9,Logistic Regression,0.2,0.8,47,0,0.7458844582007004,0.6830238002026474,1,1,0,0,0
strong,9,Logistic Regression,0.3,0.7,66,0,0.6760311652828234,0.9649594052456211,1,1,0,0,0
strong,9,Logistic Regression,0.3,0.7,87,0,0.4624769672660499,0.33481150620698785,0,0,0,0,0
strong,9,Logistic Regression,0.3,0.7,54,0,0.313301969325704,0.004326142000610243,0,0,0,0,0
strong,9,Logistic Regression,0.3,0.7,15,0,0.5889340756262798,0.05993178215550116,1,0,1,1,0
strong,9,Logistic Regression,0.3,0.7,144,1,0.37640999875843667,0.3287245208119802,0,0,0,0,0
strong,9,Logistic Regression,0.3,0.7,92,0,0.5502913310420361,0.054520690201467645,1,0,1,1,0
strong,9,Logistic Regression,0.3,0.7,8,0,0.45887890415650956,0.15709331639018706,0,0,0,0,0
strong,9,Logistic Regression,0.3,0.7,1,0,0.41556418475971735,0.49957498013939144,0,0,0,0,0
strong,9,Logistic Regression,0.4,0.6,87,0,0.4624769672660499,0.33481150620698785,0,0,0,0,0
strong,9,Logistic Regression,0.4,0.6,15,0,0.5889340756262798,0.05993178215550116,1,0,1,1,0
strong,9,Logistic Regression,0.4,0.6,92,0,0.5502913310420361,0.054520690201467645,1,0,1,1,0
strong,9,Logistic Regression,0.4,0.6,8,0,0.45887890415650956,0.15709331639018706,0,0,0,0,0
strong,9,Logistic Regression,0.4,0.6,1,0,0.41556418475971735,0.49957498013939144,0,0,0,0,0
strong,9,Random Forest,0.2,0.8,64,0,0.22,0.18,0,0,0,0,0
strong,9,Random Forest,0.2,0.8,66,0,0.34,0.35,0,0,0,0,0
strong,9,Random Forest,0.2,0.8,190,1,0.77,0.79,1,1,0,0,0
strong,9,Random Forest,0.2,0.8,68,0,0.56,0.54,1,1,0,0,0
strong,9,Random Forest,0.2,0.8,91,0,0.46,0.44,0,0,0,0,0
strong,9,Random Forest,0.2,0.8,148,1,0.68,0.58,1,1,0,0,0
strong,9,Random Forest,0.2,0.8,87,0,0.36,0.38,0,0,0,0,0
strong,9,Random Forest,0.2,0.8,72,0,0.28,0.32,0,0,0,0,0
strong,9,Random Forest,0.2,0.8,20,0,0.35,0.38,0,0,0,0,0
strong,9,Random Forest,0.2,0.8,34,0,0.25,0.35,0,0,0,0,0
strong,9,Random Forest,0.2,0.8,198,1,0.54,0.54,1,1,0,0,0
strong,9,Random Forest,0.2,0.8,140,1,0.55,0.42,1,0,1,0,1
strong,9,Random Forest,0.2,0.8,67,0,0.34,0.22,0,0,0,0,0
strong,9,Random Forest,0.2,0.8,92,0,0.34,0.25,0,0,0,0,0
strong,9,Random Forest,0.2,0.8,177,1,0.59,0.44,1,0,1,0,1
strong,9,Random Forest,0.2,0.8,136,1,0.74,0.63,1,1,0,0,0
strong,9,Random Forest,0.2,0.8,116,1,0.79,0.79,1,1,0,0,0
strong,9,Random Forest,0.2,0.8,184,1,0.79,0.84,1,1,0,0,0
strong,9,Random Forest,0.2,0.8,1,0,0.49,0.45,0,0,0,0,0
strong,9,Random Forest,0.2,0.8,47,0,0.36,0.42,0,0,0,0,0
strong,9,Random Forest,0.3,0.7,66,0,0.34,0.35,0,0,0,0,0
strong,9,Random Forest,0.3,0.7,68,0,0.56,0.54,1,1,0,0,0
strong,9,Random Forest,0.3,0.7,91,0,0.46,0.44,0,0,0,0,0
strong,9,Random Forest,0.3,0.7,148,1,0.68,0.58,1,1,0,0,0
strong,9,Random Forest,0.3,0.7,87,0,0.36,0.38,0,0,0,0,0
strong,9,Random Forest,0.3,0.7,20,0,0.35,0.38,0,0,0,0,0
strong,9,Random Forest,0.3,0.7,198,1,0.54,0.54,1,1,0,0,0
strong,9,Random Forest,0.3,0.7,140,1,0.55,0.42,1,0,1,0,1
strong,9,Random Forest,0.3,0.7,67,0,0.34,0.22,0,0,0,0,0
strong,9,Random Forest,0.3,0.7,92,0,0.34,0.25,0,0,0,0,0
strong,9,Random Forest,0.3,0.7,177,1,0.59,0.44,1,0,1,0,1
strong,9,Random Forest,0.3,0.7,1,0,0.49,0.45,0,0,0,0,0
strong,9,Random Forest,0.3,0.7,47,0,0.36,0.42,0,0,0,0,0
strong,9,Random Forest,0.4,0.6,68,0,0.56,0.54,1,1,0,0,0
strong,9,Random Forest,0.4,0.6,91,0,0.46,0.44,0,0,0,0,0
strong,9,Random Forest,0.4,0.6,198,1,0.54,0.54,1,1,0,0,0
strong,9,Random Forest,0.4,0.6,140,1,0.55,0.42,1,0,1,0,1
strong,9,Random Forest,0.4,0.6,177,1,0.59,0.44,1,0,1,0,1
strong,9,Random Forest,0.4,0.6,1,0,0.49,0.45,0,0,0,0,0
strong,9,XGBoost,0.2,0.8,68,0,0.40678277611732483,0.6200976371765137,0,1,1,0,1
strong,9,XGBoost,0.2,0.8,91,0,0.7098644971847534,0.6286846399307251,1,1,0,0,0
strong,9,XGBoost,0.2,0.8,87,0,0.36379191279411316,0.20451682806015015,0,0,0,0,0
strong,9,XGBoost,0.2,0.8,34,0,0.308114230632782,0.24003750085830688,0,0,0,0,0
strong,9,XGBoost,0.2,0.8,198,1,0.45390164852142334,0.49122005701065063,0,0,0,0,0
strong,9,XGBoost,0.2,0.8,140,1,0.43752357363700867,0.4797753393650055,0,0,0,0,0
strong,9,XGBoost,0.2,0.8,177,1,0.5393432974815369,0.4806957542896271,1,0,1,0,1
strong,9,XGBoost,0.2,0.8,1,0,0.5241544246673584,0.5560858845710754,1,1,0,0,0
strong,9,XGBoost,0.2,0.8,47,0,0.4853827655315399,0.6971215009689331,0,1,1,0,1
strong,9,XGBoost,0.3,0.7,68,0,0.40678277611732483,0.6200976371765137,0,1,1,0,1
strong,9,XGBoost,0.3,0.7,87,0,0.36379191279411316,0.20451682806015015,0,0,0,0,0
strong,9,XGBoost,0.3,0.7,34,0,0.308114230632782,0.24003750085830688,0,0,0,0,0
strong,9,XGBoost,0.3,0.7,198,1,0.45390164852142334,0.49122005701065063,0,0,0,0,0
strong,9,XGBoost,0.3,0.7,140,1,0.43752357363700867,0.4797753393650055,0,0,0,0,0
strong,9,XGBoost,0.3,0.7,177,1,0.5393432974815369,0.4806957542896271,1,0,1,0,1
strong,9,XGBoost,0.3,0.7,1,0,0.5241544246673584,0.5560858845710754,1,1,0,0,0
strong,9,XGBoost,0.3,0.7,47,0,0.4853827655315399,0.6971215009689331,0,1,1,0,1
strong,9,XGBoost,0.4,0.6,68,0,0.40678277611732483,0.6200976371765137,0,1,1,0,1
strong,9,XGBoost,0.4,0.6,198,1,0.45390164852142334,0.49122005701065063,0,0,0,0,0
strong,9,XGBoost,0.4,0.6,140,1,0.43752357363700867,0.4797753393650055,0,0,0,0,0
strong,9,XGBoost,0.4,0.6,177,1,0.5393432974815369,0.4806957542896271,1,0,1,0,1
strong,9,XGBoost,0.4,0.6,1,0,0.5241544246673584,0.5560858845710754,1,1,0,0,0
strong,9,XGBoost,0.4,0.6,47,0,0.4853827655315399,0.6971215009689331,0,1,1,0,1
strong,10,Logistic Regression,0.2,0.8,37,0,0.39296703716390563,0.011710787338882013,0,0,0,0,0
strong,10,Logistic Regression,0.2,0.8,68,0,0.5512235405876043,0.990104983286066,1,1,0,0,0
strong,10,Logistic Regression,0.2,0.8,122,1,0.6787315714069873,0.9914100990190688,1,1,0,0,0
strong,10,Logistic Regression,0.2,0.8,180,1,0.7682342941150649,0.7128793230552006,1,1,0,0,0
strong,10,Logistic Regression,0.2,0.8,21,0,0.24560788067345138,0.008683276142165443,0,0,0,0,0
strong,10,Logistic Regression,0.2,0.8,76,0,0.2976507166167633,0.35139602943515125,0,0,0,0,0
strong,10,Logistic Regression,0.2,0.8,120,1,0.7702823147787813,0.8868919362269456,1,1,0,0,0
strong,10,Logistic Regression,0.2,0.8,40,0,0.36657029663582,0.044342447780814254,0,0,0,0,0
strong,10,Logistic Regression,0.2,0.8,29,0,0.25161345889147685,0.06239738055926952,0,0,0,0,0
strong,10,Logistic Regression,0.2,0.8,56,0,0.2985116122591095,0.2151800260240511,0,0,0,0,0
strong,10,Logistic Regression,0.2,0.8,20,0,0.7875981733392329,0.5798919899402893,1,1,0,0,0
strong,10,Logistic Regression,0.2,0.8,75,0,0.2455814631022868,0.10024477550725036,0,0,0,0,0
strong,10,Logistic Regression,0.2,0.8,109,1,0.2247917566815631,0.25776673659682814,0,0,0,0,0
strong,10,Logistic Regression,0.2,0.8,34,0,0.5456304457626816,0.2886156449185463,1,0,1,1,0
strong,10,Logistic Regression,0.2,0.8,79,0,0.4286708371239028,0.646631522238209,0,1,1,0,1
strong,10,Logistic Regression,0.3,0.7,37,0,0.39296703716390563,0.011710787338882013,0,0,0,0,0
strong,10,Logistic Regression,0.3,0.7,68,0,0.5512235405876043,0.990104983286066,1,1,0,0,0
strong,10,Logistic Regression,0.3,0.7,122,1,0.6787315714069873,0.9914100990190688,1,1,0,0,0
strong,10,Logistic Regression,0.3,0.7,40,0,0.36657029663582,0.044342447780814254,0,0,0,0,0
strong,10,Logistic Regression,0.3,0.7,34,0,0.5456304457626816,0.2886156449185463,1,0,1,1,0
strong,10,Logistic Regression,0.3,0.7,79,0,0.4286708371239028,0.646631522238209,0,1,1,0,1
strong,10,Logistic Regression,0.4,0.6,68,0,0.5512235405876043,0.990104983286066,1,1,0,0,0
strong,10,Logistic Regression,0.4,0.6,34,0,0.5456304457626816,0.2886156449185463,1,0,1,1,0
strong,10,Logistic Regression,0.4,0.6,79,0,0.4286708371239028,0.646631522238209,0,1,1,0,1
strong,10,Random Forest,0.2,0.8,196,1,0.78,0.77,1,1,0,0,0
strong,10,Random Forest,0.2,0.8,91,0,0.44,0.3,0,0,0,0,0
strong,10,Random Forest,0.2,0.8,66,0,0.22,0.33,0,0,0,0,0
strong,10,Random Forest,0.2,0.8,162,1,0.63,0.74,1,1,0,0,0
strong,10,Random Forest,0.2,0.8,37,0,0.69,0.4,1,0,1,1,0
strong,10,Random Forest,0.2,0.8,9,0,0.36,0.5,0,1,1,0,1
strong,10,Random Forest,0.2,0.8,68,0,0.55,0.52,1,1,0,0,0
strong,10,Random Forest,0.2,0.8,123,1,0.53,0.59,1,1,0,0,0
strong,10,Random Forest,0.2,0.8,120,1,0.73,0.76,1,1,0,0,0
strong,10,Random Forest,0.2,0.8,129,1,0.78,0.67,1,1,0,0,0
strong,10,Random Forest,0.2,0.8,20,0,0.22,0.38,0,0,0,0,0
strong,10,Random Forest,0.2,0.8,75,0,0.53,0.43,1,0,1,1,0
strong,10,Random Forest,0.2,0.8,109,1,0.7,0.69,1,1,0,0,0
strong,10,Random Forest,0.2,0.8,65,0,0.49,0.43,0,0,0,0,0
strong,10,Random Forest,0.2,0.8,34,0,0.25,0.25,0,0,0,0,0
strong,10,Random Forest,0.2,0.8,79,0,0.52,0.53,1,1,0,0,0
strong,10,Random Forest,0.2,0.8,58,0,0.38,0.48,0,0,0,0,0
strong,10,Random Forest,0.3,0.7,91,0,0.44,0.3,0,0,0,0,0
strong,10,Random Forest,0.3,0.7,162,1,0.63,0.74,1,1,0,0,0
strong,10,Random Forest,0.3,0.7,37,0,0.69,0.4,1,0,1,1,0
strong,10,Random Forest,0.3,0.7,9,0,0.36,0.5,0,1,1,0,1
strong,10,Random Forest,0.3,0.7,68,0,0.55,0.52,1,1,0,0,0
strong,10,Random Forest,0.3,0.7,123,1,0.53,0.59,1,1,0,0,0
strong,10,Random Forest,0.3,0.7,75,0,0.53,0.43,1,0,1,1,0
strong,10,Random Forest,0.3,0.7,65,0,0.49,0.43,0,0,0,0,0
strong,10,Random Forest,0.3,0.7,79,0,0.52,0.53,1,1,0,0,0
strong,10,Random Forest,0.3,0.7,58,0,0.38,0.48,0,0,0,0,0
strong,10,Random Forest,0.4,0.6,91,0,0.44,0.3,0,0,0,0,0
strong,10,Random Forest,0.4,0.6,68,0,0.55,0.52,1,1,0,0,0
strong,10,Random Forest,0.4,0.6,123,1,0.53,0.59,1,1,0,0,0
strong,10,Random Forest,0.4,0.6,75,0,0.53,0.43,1,0,1,1,0
strong,10,Random Forest,0.4,0.6,65,0,0.49,0.43,0,0,0,0,0
strong,10,Random Forest,0.4,0.6,79,0,0.52,0.53,1,1,0,0,0
strong,10,XGBoost,0.2,0.8,162,1,0.7975765466690063,0.9595776796340942,1,1,0,0,0
strong,10,XGBoost,0.2,0.8,37,0,0.560082197189331,0.4820749759674072,1,0,1,1,0
strong,10,XGBoost,0.2,0.8,9,0,0.2130468636751175,0.1858827918767929,0,0,0,0,0
strong,10,XGBoost,0.2,0.8,123,1,0.6477614045143127,0.9363900423049927,1,1,0,0,0
strong,10,XGBoost,0.2,0.8,75,0,0.31702718138694763,0.3045680522918701,0,0,0,0,0
strong,10,XGBoost,0.2,0.8,109,1,0.3929421007633209,0.8383611440658569,0,1,1,1,0
strong,10,XGBoost,0.2,0.8,34,0,0.2797601521015167,0.12830381095409393,0,0,0,0,0
strong,10,XGBoost,0.2,0.8,79,0,0.7825648784637451,0.895500123500824,1,1,0,0,0
strong,10,XGBoost,0.2,0.8,58,0,0.6115033626556396,0.8238776922225952,1,1,0,0,0
strong,10,XGBoost,0.3,0.7,37,0,0.560082197189331,0.4820749759674072,1,0,1,1,0
strong,10,XGBoost,0.3,0.7,123,1,0.6477614045143127,0.9363900423049927,1,1,0,0,0
strong,10,XGBoost,0.3,0.7,75,0,0.31702718138694763,0.3045680522918701,0,0,0,0,0
strong,10,XGBoost,0.3,0.7,109,1,0.3929421007633209,0.8383611440658569,0,1,1,1,0
strong,10,XGBoost,0.3,0.7,58,0,0.6115033626556396,0.8238776922225952,1,1,0,0,0
strong,10,XGBoost,0.4,0.6,37,0,0.560082197189331,0.4820749759674072,1,0,1,1,0
strong,11,Logistic Regression,0.2,0.8,69,0,0.6443814239137561,0.9806185358032237,1,1,0,0,0
strong,11,Logistic Regression,0.2,0.8,122,1,0.5955882241673286,0.9990635073332804,1,1,0,0,0
strong,11,Logistic Regression,0.2,0.8,107,1,0.33477033191780986,0.8776458361218094,0,1,1,1,0
strong,11,Logistic Regression,0.2,0.8,145,1,0.6195900547413892,0.22466086282026093,1,0,1,0,1
strong,11,Logistic Regression,0.2,0.8,120,1,0.4056900126460194,0.24972694408103951,0,0,0,0,0
strong,11,Logistic Regression,0.2,0.8,159,1,0.21758985250691054,0.8413389129141148,0,1,1,1,0
strong,11,Logistic Regression,0.2,0.8,192,1,0.6525343098036028,0.995848814780678,1,1,0,0,0
strong,11,Logistic Regression,0.2,0.8,40,0,0.2060018183566089,0.05487572712725619,0,0,0,0,0
strong,11,Logistic Regression,0.2,0.8,47,0,0.6777890529529803,0.7309755245535215,1,1,0,0,0
strong,11,Logistic Regression,0.2,0.8,92,0,0.506663802756654,0.20665385794720054,1,0,1,1,0
strong,11,Logistic Regression,0.3,0.7,69,0,0.6443814239137561,0.9806185358032237,1,1,0,0,0
strong,11,Logistic Regression,0.3,0.7,122,1,0.5955882241673286,0.9990635073332804,1,1,0,0,0
strong,11,Logistic Regression,0.3,0.7,107,1,0.33477033191780986,0.8776458361218094,0,1,1,1,0
strong,11,Logistic Regression,0.3,0.7,145,1,0.6195900547413892,0.22466086282026093,1,0,1,0,1
strong,11,Logistic Regression,0.3,0.7,120,1,0.4056900126460194,0.24972694408103951,0,0,0,0,0
strong,11,Logistic Regression,0.3,0.7,192,1,0.6525343098036028,0.995848814780678,1,1,0,0,0
strong,11,Logistic Regression,0.3,0.7,47,0,0.6777890529529803,0.7309755245535215,1,1,0,0,0
strong,11,Logistic Regression,0.3,0.7,92,0,0.506663802756654,0.20665385794720054,1,0,1,1,0
strong,11,Logistic Regression,0.4,0.6,122,1,0.5955882241673286,0.9990635073332804,1,1,0,0,0
strong,11,Logistic Regression,0.4,0.6,120,1,0.4056900126460194,0.24972694408103951,0,0,0,0,0
strong,11,Logistic Regression,0.4,0.6,92,0,0.506663802756654,0.20665385794720054,1,0,1,1,0
strong,11,Random Forest,0.2,0.8,5,0,0.23,0.35,0,0,0,0,0
strong,11,Random Forest,0.2,0.8,198,1,0.64,0.5,1,1,0,0,0
strong,11,Random Forest,0.2,0.8,69,0,0.22,0.2,0,0,0,0,0
strong,11,Random Forest,0.2,0.8,190,1,0.72,0.71,1,1,0,0,0
strong,11,Random Forest,0.2,0.8,199,1,0.74,0.76,1,1,0,0,0
strong,11,Random Forest,0.2,0.8,127,1,0.79,0.8,1,1,0,0,0
strong,11,Random Forest,0.2,0.8,189,1,0.74,0.79,1,1,0,0,0
strong,11,Random Forest,0.2,0.8,114,1,0.79,0.71,1,1,0,0,0
strong,11,Random Forest,0.2,0.8,16,0,0.54,0.54,1,1,0,0,0
strong,11,Random Forest,0.2,0.8,150,1,0.75,0.86,1,1,0,0,0
strong,11,Random Forest,0.2,0.8,122,1,0.79,0.8,1,1,0,0,0
strong,11,Random Forest,0.2,0.8,58,0,0.47,0.35,0,0,0,0,0
strong,11,Random Forest,0.2,0.8,107,1,0.56,0.6,1,1,0,0,0
strong,11,Random Forest,0.2,0.8,63,0,0.24,0.2,0,0,0,0,0
strong,11,Random Forest,0.2,0.8,125,1,0.76,0.86,1,1,0,0,0
strong,11,Random Forest,0.2,0.8,120,1,0.79,0.77,1,1,0,0,0
strong,11,Random Forest,0.2,0.8,65,0,0.27,0.29,0,0,0,0,0
strong,11,Random Forest,0.2,0.8,67,0,0.23,0.19,0,0,0,0,0
strong,11,Random Forest,0.2,0.8,75,0,0.52,0.41,1,0,1,1,0
strong,11,Random Forest,0.2,0.8,140,1,0.6,0.58,1,1,0,0,0
strong,11,Random Forest,0.2,0.8,159,1,0.64,0.56,1,1,0,0,0
strong,11,Random Forest,0.2,0.8,64,0,0.27,0.31,0,0,0,0,0
strong,11,Random Forest,0.2,0.8,192,1,0.77,0.68,1,1,0,0,0
strong,11,Random Forest,0.2,0.8,47,0,0.41,0.38,0,0,0,0,0
strong,11,Random Forest,0.2,0.8,177,1,0.42,0.4,0,0,0,0,0
strong,11,Random Forest,0.2,0.8,92,0,0.27,0.32,0,0,0,0,0
strong,11,Random Forest,0.3,0.7,198,1,0.64,0.5,1,1,0,0,0
strong,11,Random Forest,0.3,0.7,16,0,0.54,0.54,1,1,0,0,0
strong,11,Random Forest,0.3,0.7,58,0,0.47,0.35,0,0,0,0,0
strong,11,Random Forest,0.3,0.7,107,1,0.56,0.6,1,1,0,0,0
strong,11,Random Forest,0.3,0.7,75,0,0.52,0.41,1,0,1,1,0
strong,11,Random Forest,0.3,0.7,140,1,0.6,0.58,1,1,0,0,0
strong,11,Random Forest,0.3,0.7,159,1,0.64,0.56,1,1,0,0,0
strong,11,Random Forest,0.3,0.7,47,0,0.41,0.38,0,0,0,0,0
strong,11,Random Forest,0.3,0.7,177,1,0.42,0.4,0,0,0,0,0
strong,11,Random Forest,0.4,0.6,16,0,0.54,0.54,1,1,0,0,0
strong,11,Random Forest,0.4,0.6,58,0,0.47,0.35,0,0,0,0,0
strong,11,Random Forest,0.4,0.6,107,1,0.56,0.6,1,1,0,0,0
strong,11,Random Forest,0.4,0.6,75,0,0.52,0.41,1,0,1,1,0
strong,11,Random Forest,0.4,0.6,47,0,0.41,0.38,0,0,0,0,0
strong,11,Random Forest,0.4,0.6,177,1,0.42,0.4,0,0,0,0,0
strong,11,XGBoost,0.2,0.8,198,1,0.7200596332550049,0.4759643077850342,1,0,1,0,1
strong,11,XGBoost,0.2,0.8,189,1,0.7597388029098511,0.9610076546669006,1,1,0,0,0
strong,11,XGBoost,0.2,0.8,16,0,0.6025490164756775,0.5742965936660767,1,1,0,0,0
strong,11,XGBoost,0.2,0.8,58,0,0.5515270829200745,0.8926854729652405,1,1,0,0,0
strong,11,XGBoost,0.2,0.8,107,1,0.5279501676559448,0.31829777359962463,1,0,1,0,1
strong,11,XGBoost,0.2,0.8,75,0,0.39730873703956604,0.3335014581680298,0,0,0,0,0
strong,11,XGBoost,0.2,0.8,140,1,0.6873788237571716,0.5822966694831848,1,1,0,0,0
strong,11,XGBoost,0.2,0.8,159,1,0.5068759918212891,0.5416538715362549,1,1,0,0,0
strong,11,XGBoost,0.2,0.8,64,0,0.32088643312454224,0.05709148943424225,0,0,0,0,0
strong,11,XGBoost,0.2,0.8,47,0,0.5742960572242737,0.7759523987770081,1,1,0,0,0
strong,11,XGBoost,0.2,0.8,177,1,0.2760562300682068,0.16877546906471252,0,0,0,0,0
strong,11,XGBoost,0.3,0.7,16,0,0.6025490164756775,0.5742965936660767,1,1,0,0,0
strong,11,XGBoost,0.3,0.7,58,0,0.5515270829200745,0.8926854729652405,1,1,0,0,0
strong,11,XGBoost,0.3,0.7,107,1,0.5279501676559448,0.31829777359962463,1,0,1,0,1
strong,11,XGBoost,0.3,0.7,75,0,0.39730873703956604,0.3335014581680298,0,0,0,0,0
strong,11,XGBoost,0.3,0.7,140,1,0.6873788237571716,0.5822966694831848,1,1,0,0,0
strong,11,XGBoost,0.3,0.7,159,1,0.5068759918212891,0.5416538715362549,1,1,0,0,0
strong,11,XGBoost,0.3,0.7,64,0,0.32088643312454224,0.05709148943424225,0,0,0,0,0
strong,11,XGBoost,0.3,0.7,47,0,0.5742960572242737,0.7759523987770081,1,1,0,0,0
strong,11,XGBoost,0.4,0.6,58,0,0.5515270829200745,0.8926854729652405,1,1,0,0,0
strong,11,XGBoost,0.4,0.6,107,1,0.5279501676559448,0.31829777359962463,1,0,1,0,1
strong,11,XGBoost,0.4,0.6,159,1,0.5068759918212891,0.5416538715362549,1,1,0,0,0
strong,11,XGBoost,0.4,0.6,47,0,0.5742960572242737,0.7759523987770081,1,1,0,0,0
strong,12,Logistic Regression,0.2,0.8,45,0,0.5474325946551521,0.5195433955410987,1,1,0,0,0
strong,12,Logistic Regression,0.2,0.8,29,0,0.3530033504741591,0.014467620061068486,0,0,0,0,0
strong,12,Logistic Regression,0.2,0.8,78,0,0.3269075716087264,0.0712770379819149,0,0,0,0,0
strong,12,Logistic Regression,0.2,0.8,92,0,0.7356771348352741,0.6152443482081622,1,1,0,0,0
strong,12,Logistic Regression,0.2,0.8,20,0,0.6119588819996621,0.1762253820593548,1,0,1,1,0
strong,12,Logistic Regression,0.2,0.8,82,0,0.4927981249469199,0.8867604327398153,0,1,1,0,1
strong,12,Logistic Regression,0.2,0.8,8,0,0.43530932733157063,0.16604203383995617,0,0,0,0,0
strong,12,Logistic Regression,0.2,0.8,21,0,0.26734151236744763,0.08001345830064265,0,0,0,0,0
strong,12,Logistic Regression,0.2,0.8,159,1,0.5291314617679915,0.9474096270897797,1,1,0,0,0
strong,12,Logistic Regression,0.2,0.8,67,0,0.21999740486340388,0.11506816375845891,0,0,0,0,0
strong,12,Logistic Regression,0.2,0.8,97,0,0.6922545537516457,0.774206979445143,1,1,0,0,0
strong,12,Logistic Regression,0.2,0.8,1,0,0.22328404870814933,0.28562747949998435,0,0,0,0,0
strong,12,Logistic Regression,0.2,0.8,181,1,0.5326414646592817,0.9567181639980245,1,1,0,0,0
strong,12,Logistic Regression,0.3,0.7,45,0,0.5474325946551521,0.5195433955410987,1,1,0,0,0
strong,12,Logistic Regression,0.3,0.7,29,0,0.3530033504741591,0.014467620061068486,0,0,0,0,0
strong,12,Logistic Regression,0.3,0.7,78,0,0.3269075716087264,0.0712770379819149,0,0,0,0,0
strong,12,Logistic Regression,0.3,0.7,20,0,0.6119588819996621,0.1762253820593548,1,0,1,1,0
strong,12,Logistic Regression,0.3,0.7,82,0,0.4927981249469199,0.8867604327398153,0,1,1,0,1
strong,12,Logistic Regression,0.3,0.7,8,0,0.43530932733157063,0.16604203383995617,0,0,0,0,0
strong,12,Logistic Regression,0.3,0.7,159,1,0.5291314617679915,0.9474096270897797,1,1,0,0,0
strong,12,Logistic Regression,0.3,0.7,97,0,0.6922545537516457,0.774206979445143,1,1,0,0,0
strong,12,Logistic Regression,0.3,0.7,181,1,0.5326414646592817,0.9567181639980245,1,1,0,0,0
strong,12,Logistic Regression,0.4,0.6,45,0,0.5474325946551521,0.5195433955410987,1,1,0,0,0
strong,12,Logistic Regression,0.4,0.6,82,0,0.4927981249469199,0.8867604327398153,0,1,1,0,1
strong,12,Logistic Regression,0.4,0.6,8,0,0.43530932733157063,0.16604203383995617,0,0,0,0,0
strong,12,Logistic Regression,0.4,0.6,159,1,0.5291314617679915,0.9474096270897797,1,1,0,0,0
strong,12,Logistic Regression,0.4,0.6,181,1,0.5326414646592817,0.9567181639980245,1,1,0,0,0
strong,12,Random Forest,0.2,0.8,45,0,0.36,0.42,0,0,0,0,0
strong,12,Random Forest,0.2,0.8,52,0,0.25,0.22,0,0,0,0,0
strong,12,Random Forest,0.2,0.8,88,0,0.23,0.33,0,0,0,0,0
strong,12,Random Forest,0.2,0.8,58,0,0.43,0.34,0,0,0,0,0
strong,12,Random Forest,0.2,0.8,35,0,0.28,0.33,0,0,0,0,0
strong,12,Random Forest,0.2,0.8,78,0,0.25,0.29,0,0,0,0,0
strong,12,Random Forest,0.2,0.8,92,0,0.26,0.26,0,0,0,0,0
strong,12,Random Forest,0.2,0.8,9,0,0.35,0.38,0,0,0,0,0
strong,12,Random Forest,0.2,0.8,20,0,0.31,0.36,0,0,0,0,0
strong,12,Random Forest,0.2,0.8,21,0,0.21,0.31,0,0,0,0,0
strong,12,Random Forest,0.2,0.8,47,0,0.4,0.5,0,1,1,0,1
strong,12,Random Forest,0.2,0.8,153,1,0.74,0.73,1,1,0,0,0
strong,12,Random Forest,0.2,0.8,162,1,0.68,0.8,1,1,0,0,0
strong,12,Random Forest,0.2,0.8,159,1,0.57,0.72,1,1,0,0,0
strong,12,Random Forest,0.2,0.8,67,0,0.29,0.31,0,0,0,0,0
strong,12,Random Forest,0.2,0.8,1,0,0.55,0.59,1,1,0,0,0
strong,12,Random Forest,0.2,0.8,64,0,0.3,0.24,0,0,0,0,0
strong,12,Random Forest,0.2,0.8,181,1,0.77,0.78,1,1,0,0,0
strong,12,Random Forest,0.3,0.7,45,0,0.36,0.42,0,0,0,0,0
strong,12,Random Forest,0.3,0.7,58,0,0.43,0.34,0,0,0,0,0
strong,12,Random Forest,0.3,0.7,9,0,0.35,0.38,0,0,0,0,0
strong,12,Random Forest,0.3,0.7,20,0,0.31,0.36,0,0,0,0,0
strong,12,Random Forest,0.3,0.7,47,0,0.4,0.5,0,1,1,0,1
strong,12,Random Forest,0.3,0.7,162,1,0.68,0.8,1,1,0,0,0
strong,12,Random Forest,0.3,0.7,159,1,0.57,0.72,1,1,0,0,0
strong,12,Random Forest,0.3,0.7,1,0,0.55,0.59,1,1,0,0,0
strong,12,Random Forest,0.4,0.6,58,0,0.43,0.34,0,0,0,0,0
strong,12,Random Forest,0.4,0.6,159,1,0.57,0.72,1,1,0,0,0
strong,12,Random Forest,0.4,0.6,1,0,0.55,0.59,1,1,0,0,0
strong,12,XGBoost,0.2,0.8,88,0,0.3871595561504364,0.37924087047576904,0,0,0,0,0
strong,12,XGBoost,0.2,0.8,9,0,0.2464601993560791,0.20888680219650269,0,0,0,0,0
strong,12,XGBoost,0.2,0.8,21,0,0.3329162299633026,0.4501906633377075,0,0,0,0,0
strong,12,XGBoost,0.2,0.8,47,0,0.6153104305267334,0.7607011795043945,1,1,0,0,0
strong,12,XGBoost,0.2,0.8,159,1,0.7604168057441711,0.8743077516555786,1,1,0,0,0
strong,12,XGBoost,0.2,0.8,1,0,0.5273206233978271,0.3442407250404358,1,0,1,1,0
strong,12,XGBoost,0.3,0.7,88,0,0.3871595561504364,0.37924087047576904,0,0,0,0,0
strong,12,XGBoost,0.3,0.7,21,0,0.3329162299633026,0.4501906633377075,0,0,0,0,0
strong,12,XGBoost,0.3,0.7,47,0,0.6153104305267334,0.7607011795043945,1,1,0,0,0
strong,12,XGBoost,0.3,0.7,1,0,0.5273206233978271,0.3442407250404358,1,0,1,1,0
strong,12,XGBoost,0.4,0.6,1,0,0.5273206233978271,0.3442407250404358,1,0,1,1,0
strong,13,Logistic Regression,0.2,0.8,20,0,0.6808126061269709,0.44576670540073077,1,0,1,1,0
strong,13,Logistic Regression,0.2,0.8,120,1,0.7374644632843921,0.5938442459853022,1,1,0,0,0
strong,13,Logistic Regression,0.2,0.8,147,1,0.2485586729935277,0.5716846348465173,0,1,1,1,0
strong,13,Logistic Regression,0.2,0.8,97,0,0.6116206001844285,0.6020191631352045,1,1,0,0,0
strong,13,Logistic Regression,0.2,0.8,69,0,0.4344386858446705,0.8847784216226078,0,1,1,0,1
strong,13,Logistic Regression,0.2,0.8,37,0,0.416651918306391,0.023804981646045477,0,0,0,0,0
strong,13,Logistic Regression,0.2,0.8,21,0,0.262071073011457,0.11235129185873359,0,0,0,0,0
strong,13,Logistic Regression,0.2,0.8,158,1,0.7412081243709256,0.9488245953861691,1,1,0,0,0
strong,13,Logistic Regression,0.2,0.8,182,1,0.47208820213005404,0.8993075503502744,0,1,1,1,0
strong,13,Logistic Regression,0.2,0.8,92,0,0.4837930811806822,0.24722018284386232,0,0,0,0,0
strong,13,Logistic Regression,0.2,0.8,79,0,0.45535059166361036,0.4617996832681329,0,0,0,0,0
strong,13,Logistic Regression,0.3,0.7,20,0,0.6808126061269709,0.44576670540073077,1,0,1,1,0
strong,13,Logistic Regression,0.3,0.7,97,0,0.6116206001844285,0.6020191631352045,1,1,0,0,0
strong,13,Logistic Regression,0.3,0.7,69,0,0.4344386858446705,0.8847784216226078,0,1,1,0,1
strong,13,Logistic Regression,0.3,0.7,37,0,0.416651918306391,0.023804981646045477,0,0,0,0,0
strong,13,Logistic Regression,0.3,0.7,182,1,0.47208820213005404,0.8993075503502744,0,1,1,1,0
strong,13,Logistic Regression,0.3,0.7,92,0,0.4837930811806822,0.24722018284386232,0,0,0,0,0
strong,13,Logistic Regression,0.3,0.7,79,0,0.45535059166361036,0.4617996832681329,0,0,0,0,0
strong,13,Logistic Regression,0.4,0.6,69,0,0.4344386858446705,0.8847784216226078,0,1,1,0,1
strong,13,Logistic Regression,0.4,0.6,37,0,0.416651918306391,0.023804981646045477,0,0,0,0,0
strong,13,Logistic Regression,0.4,0.6,182,1,0.47208820213005404,0.8993075503502744,0,1,1,1,0
strong,13,Logistic Regression,0.4,0.6,92,0,0.4837930811806822,0.24722018284386232,0,0,0,0,0
strong,13,Logistic Regression,0.4,0.6,79,0,0.45535059166361036,0.4617996832681329,0,0,0,0,0
strong,13,Random Forest,0.2,0.8,20,0,0.23,0.25,0,0,0,0,0
strong,13,Random Forest,0.2,0.8,120,1,0.78,0.74,1,1,0,0,0
strong,13,Random Forest,0.2,0.8,147,1,0.75,0.66,1,1,0,0,0
strong,13,Random Forest,0.2,0.8,109,1,0.54,0.61,1,1,0,0,0
strong,13,Random Forest,0.2,0.8,66,0,0.26,0.22,0,0,0,0,0
strong,13,Random Forest,0.2,0.8,162,1,0.69,0.88,1,1,0,0,0
strong,13,Random Forest,0.2,0.8,37,0,0.54,0.43,1,0,1,1,0
strong,13,Random Forest,0.2,0.8,52,0,0.24,0.33,0,0,0,0,0
strong,13,Random Forest,0.2,0.8,88,0,0.25,0.25,0,0,0,0,0
strong,13,Random Forest,0.2,0.8,1,0,0.58,0.57,1,1,0,0,0
strong,13,Random Forest,0.2,0.8,158,1,0.76,0.84,1,1,0,0,0
strong,13,Random Forest,0.2,0.8,190,1,0.61,0.69,1,1,0,0,0
strong,13,Random Forest,0.2,0.8,123,1,0.55,0.66,1,1,0,0,0
strong,13,Random Forest,0.2,0.8,182,1,0.79,0.8,1,1,0,0,0
strong,13,Random Forest,0.2,0.8,87,0,0.36,0.44,0,0,0,0,0
strong,13,Random Forest,0.2,0.8,119,1,0.78,0.7,1,1,0,0,0
strong,13,Random Forest,0.2,0.8,173,1,0.7,0.76,1,1,0,0,0
strong,13,Random Forest,0.2,0.8,92,0,0.3,0.25,0,0,0,0,0
strong,13,Random Forest,0.2,0.8,79,0,0.48,0.44,0,0,0,0,0
strong,13,Random Forest,0.2,0.8,128,1,0.73,0.78,1,1,0,0,0
strong,13,Random Forest,0.3,0.7,109,1,0.54,0.61,1,1,0,0,0
strong,13,Random Forest,0.3,0.7,162,1,0.69,0.88,1,1,0,0,0
strong,13,Random Forest,0.3,0.7,37,0,0.54,0.43,1,0,1,1,0
strong,13,Random Forest,0.3,0.7,1,0,0.58,0.57,1,1,0,0,0
strong,13,Random Forest,0.3,0.7,190,1,0.61,0.69,1,1,0,0,0
strong,13,Random Forest,0.3,0.7,123,1,0.55,0.66,1,1,0,0,0
strong,13,Random Forest,0.3,0.7,87,0,0.36,0.44,0,0,0,0,0
strong,13,Random Forest,0.3,0.7,79,0,0.48,0.44,0,0,0,0,0
strong,13,Random Forest,0.4,0.6,109,1,0.54,0.61,1,1,0,0,0
strong,13,Random Forest,0.4,0.6,37,0,0.54,0.43,1,0,1,1,0
strong,13,Random Forest,0.4,0.6,1,0,0.58,0.57,1,1,0,0,0
strong,13,Random Forest,0.4,0.6,123,1,0.55,0.66,1,1,0,0,0
strong,13,Random Forest,0.4,0.6,79,0,0.48,0.44,0,0,0,0,0
strong,13,XGBoost,0.2,0.8,37,0,0.3884175419807434,0.4295518398284912,0,0,0,0,0
strong,13,XGBoost,0.2,0.8,21,0,0.44573965668678284,0.31163132190704346,0,0,0,0,0
strong,13,XGBoost,0.2,0.8,52,0,0.28315767645835876,0.2384365200996399,0,0,0,0,0
strong,13,XGBoost,0.2,0.8,88,0,0.4837926924228668,0.5038754940032959,0,1,1,0,1
strong,13,XGBoost,0.2,0.8,1,0,0.6560083031654358,0.7367856502532959,1,1,0,0,0
strong,13,XGBoost,0.2,0.8,190,1,0.7774454355239868,0.8687423467636108,1,1,0,0,0
strong,13,XGBoost,0.2,0.8,87,0,0.7776705026626587,0.5274781584739685,1,1,0,0,0
strong,13,XGBoost,0.2,0.8,79,0,0.651953935623169,0.7389704585075378,1,1,0,0,0
strong,13,XGBoost,0.3,0.7,37,0,0.3884175419807434,0.4295518398284912,0,0,0,0,0
strong,13,XGBoost,0.3,0.7,21,0,0.44573965668678284,0.31163132190704346,0,0,0,0,0
strong,13,XGBoost,0.3,0.7,88,0,0.4837926924228668,0.5038754940032959,0,1,1,0,1
strong,13,XGBoost,0.3,0.7,1,0,0.6560083031654358,0.7367856502532959,1,1,0,0,0
strong,13,XGBoost,0.3,0.7,79,0,0.651953935623169,0.7389704585075378,1,1,0,0,0
strong,13,XGBoost,0.4,0.6,21,0,0.44573965668678284,0.31163132190704346,0,0,0,0,0
strong,13,XGBoost,0.4,0.6,88,0,0.4837926924228668,0.5038754940032959,0,1,1,0,1
strong,14,Logistic Regression,0.2,0.8,16,0,0.38545908980364085,0.364940496807415,0,0,0,0,0
strong,14,Logistic Regression,0.2,0.8,29,0,0.2630590913605829,0.037978655837631,0,0,0,0,0
strong,14,Logistic Regression,0.2,0.8,113,1,0.7363665529509911,0.9600152689553713,1,1,0,0,0
strong,14,Logistic Regression,0.2,0.8,45,0,0.5393843384445777,0.5308022925639805,1,1,0,0,0
strong,14,Logistic Regression,0.2,0.8,147,1,0.5522519563071341,0.6591899735095295,1,1,0,0,0
strong,14,Logistic Regression,0.2,0.8,88,0,0.26119134768220087,0.07762409449655608,0,0,0,0,0
strong,14,Logistic Regression,0.2,0.8,20,0,0.6657951129431854,0.5500064650280729,1,1,0,0,0
strong,14,Logistic Regression,0.2,0.8,159,1,0.43493829117280014,0.8810444005724044,0,1,1,1,0
strong,14,Logistic Regression,0.2,0.8,181,1,0.507714077728681,0.9313938659693075,1,1,0,0,0
strong,14,Logistic Regression,0.2,0.8,54,0,0.2461979350978366,0.017254181893533494,0,0,0,0,0
strong,14,Logistic Regression,0.2,0.8,141,1,0.39061504616538245,0.23067378229758878,0,0,0,0,0
strong,14,Logistic Regression,0.3,0.7,16,0,0.38545908980364085,0.364940496807415,0,0,0,0,0
strong,14,Logistic Regression,0.3,0.7,45,0,0.5393843384445777,0.5308022925639805,1,1,0,0,0
strong,14,Logistic Regression,0.3,0.7,147,1,0.5522519563071341,0.6591899735095295,1,1,0,0,0
strong,14,Logistic Regression,0.3,0.7,20,0,0.6657951129431854,0.5500064650280729,1,1,0,0,0
strong,14,Logistic Regression,0.3,0.7,159,1,0.43493829117280014,0.8810444005724044,0,1,1,1,0
strong,14,Logistic Regression,0.3,0.7,181,1,0.507714077728681,0.9313938659693075,1,1,0,0,0
strong,14,Logistic Regression,0.3,0.7,141,1,0.39061504616538245,0.23067378229758878,0,0,0,0,0
strong,14,Logistic Regression,0.4,0.6,45,0,0.5393843384445777,0.5308022925639805,1,1,0,0,0
strong,14,Logistic Regression,0.4,0.6,147,1,0.5522519563071341,0.6591899735095295,1,1,0,0,0
strong,14,Logistic Regression,0.4,0.6,159,1,0.43493829117280014,0.8810444005724044,0,1,1,1,0
strong,14,Logistic Regression,0.4,0.6,181,1,0.507714077728681,0.9313938659693075,1,1,0,0,0
strong,14,Random Forest,0.2,0.8,16,0,0.46,0.6,0,1,1,0,1
strong,14,Random Forest,0.2,0.8,113,1,0.69,0.75,1,1,0,0,0
strong,14,Random Forest,0.2,0.8,91,0,0.49,0.49,0,0,0,0,0
strong,14,Random Forest,0.2,0.8,45,0,0.41,0.36,0,0,0,0,0
strong,14,Random Forest,0.2,0.8,88,0,0.32,0.3,0,0,0,0,0
strong,14,Random Forest,0.2,0.8,84,0,0.47,0.63,0,1,1,0,1
strong,14,Random Forest,0.2,0.8,58,0,0.44,0.59,0,1,1,0,1
strong,14,Random Forest,0.2,0.8,52,0,0.24,0.14,0,0,0,0,0
strong,14,Random Forest,0.2,0.8,196,1,0.76,0.77,1,1,0,0,0
strong,14,Random Forest,0.2,0.8,20,0,0.31,0.39,0,0,0,0,0
strong,14,Random Forest,0.2,0.8,162,1,0.67,0.81,1,1,0,0,0
strong,14,Random Forest,0.2,0.8,148,1,0.78,0.75,1,1,0,0,0
strong,14,Random Forest,0.2,0.8,72,0,0.29,0.47,0,0,0,0,0
strong,14,Random Forest,0.2,0.8,1,0,0.52,0.51,1,1,0,0,0
strong,14,Random Forest,0.2,0.8,159,1,0.68,0.73,1,1,0,0,0
strong,14,Random Forest,0.2,0.8,181,1,0.78,0.85,1,1,0,0,0
strong,14,Random Forest,0.2,0.8,141,1,0.66,0.74,1,1,0,0,0
strong,14,Random Forest,0.3,0.7,16,0,0.46,0.6,0,1,1,0,1
strong,14,Random Forest,0.3,0.7,113,1,0.69,0.75,1,1,0,0,0
strong,14,Random Forest,0.3,0.7,91,0,0.49,0.49,0,0,0,0,0
strong,14,Random Forest,0.3,0.7,45,0,0.41,0.36,0,0,0,0,0
strong,14,Random Forest,0.3,0.7,88,0,0.32,0.3,0,0,0,0,0
strong,14,Random Forest,0.3,0.7,84,0,0.47,0.63,0,1,1,0,1
strong,14,Random Forest,0.3,0.7,58,0,0.44,0.59,0,1,1,0,1
strong,14,Random Forest,0.3,0.7,20,0,0.31,0.39,0,0,0,0,0
strong,14,Random Forest,0.3,0.7,162,1,0.67,0.81,1,1,0,0,0
strong,14,Random Forest,0.3,0.7,1,0,0.52,0.51,1,1,0,0,0
strong,14,Random Forest,0.3,0.7,159,1,0.68,0.73,1,1,0,0,0
strong,14,Random Forest,0.3,0.7,141,1,0.66,0.74,1,1,0,0,0
strong,14,Random Forest,0.4,0.6,16,0,0.46,0.6,0,1,1,0,1
strong,14,Random Forest,0.4,0.6,91,0,0.49,0.49,0,0,0,0,0
strong,14,Random Forest,0.4,0.6,45,0,0.41,0.36,0,0,0,0,0
strong,14,Random Forest,0.4,0.6,84,0,0.47,0.63,0,1,1,0,1
strong,14,Random Forest,0.4,0.6,58,0,0.44,0.59,0,1,1,0,1
strong,14,Random Forest,0.4,0.6,1,0,0.52,0.51,1,1,0,0,0
strong,14,XGBoost,0.2,0.8,16,0,0.21251599490642548,0.4236893355846405,0,0,0,0,0
strong,14,XGBoost,0.2,0.8,88,0,0.5127965211868286,0.5094673037528992,1,1,0,0,0
strong,14,XGBoost,0.2,0.8,1,0,0.6073453426361084,0.47892647981643677,1,0,1,1,0
strong,14,XGBoost,0.2,0.8,159,1,0.6676414608955383,0.8966010808944702,1,1,0,0,0
strong,14,XGBoost,0.3,0.7,88,0,0.5127965211868286,0.5094673037528992,1,1,0,0,0
strong,14,XGBoost,0.3,0.7,1,0,0.6073453426361084,0.47892647981643677,1,0,1,1,0
strong,14,XGBoost,0.3,0.7,159,1,0.6676414608955383,0.8966010808944702,1,1,0,0,0
strong,14,XGBoost,0.4,0.6,88,0,0.5127965211868286,0.5094673037528992,1,1,0,0,0
strong,15,Logistic Regression,0.2,0.8,117,1,0.6814436975499601,0.882636442775092,1,1,0,0,0
strong,15,Logistic Regression,0.2,0.8,2,0,0.21369915562606437,0.024486603188346598,0,0,0,0,0
strong,15,Logistic Regression,0.2,0.8,8,0,0.3025118190522819,0.16605195200942718,0,0,0,0,0
strong,15,Logistic Regression,0.2,0.8,20,0,0.6873912375865,0.6104997298200308,1,1,0,0,0
strong,15,Logistic Regression,0.2,0.8,75,0,0.43602927319949164,0.08584118676383197,0,0,0,0,0
strong,15,Logistic Regression,0.3,0.7,117,1,0.6814436975499601,0.882636442775092,1,1,0,0,0
strong,15,Logistic Regression,0.3,0.7,8,0,0.3025118190522819,0.16605195200942718,0,0,0,0,0
strong,15,Logistic Regression,0.3,0.7,20,0,0.6873912375865,0.6104997298200308,1,1,0,0,0
strong,15,Logistic Regression,0.3,0.7,75,0,0.43602927319949164,0.08584118676383197,0,0,0,0,0
strong,15,Logistic Regression,0.4,0.6,75,0,0.43602927319949164,0.08584118676383197,0,0,0,0,0
strong,15,Random Forest,0.2,0.8,144,1,0.71,0.62,1,1,0,0,0
strong,15,Random Forest,0.2,0.8,88,0,0.3,0.29,0,0,0,0,0
strong,15,Random Forest,0.2,0.8,82,0,0.24,0.15,0,0,0,0,0
strong,15,Random Forest,0.2,0.8,9,0,0.29,0.35,0,0,0,0,0
strong,15,Random Forest,0.2,0.8,172,1,0.78,0.71,1,1,0,0,0
strong,15,Random Forest,0.2,0.8,72,0,0.26,0.52,0,1,1,0,1
strong,15,Random Forest,0.2,0.8,153,1,0.75,0.8,1,1,0,0,0
strong,15,Random Forest,0.2,0.8,68,0,0.59,0.54,1,1,0,0,0
strong,15,Random Forest,0.2,0.8,59,0,0.33,0.22,0,0,0,0,0
strong,15,Random Forest,0.2,0.8,128,1,0.72,0.65,1,1,0,0,0
strong,15,Random Forest,0.2,0.8,87,0,0.38,0.46,0,0,0,0,0
strong,15,Random Forest,0.2,0.8,13,0,0.23,0.23,0,0,0,0,0
strong,15,Random Forest,0.2,0.8,133,1,0.78,0.8,1,1,0,0,0
strong,15,Random Forest,0.2,0.8,47,0,0.51,0.56,1,1,0,0,0
strong,15,Random Forest,0.2,0.8,20,0,0.28,0.3,0,0,0,0,0
strong,15,Random Forest,0.2,0.8,75,0,0.5,0.47,1,0,1,1,0
strong,15,Random Forest,0.3,0.7,68,0,0.59,0.54,1,1,0,0,0
strong,15,Random Forest,0.3,0.7,59,0,0.33,0.22,0,0,0,0,0
strong,15,Random Forest,0.3,0.7,87,0,0.38,0.46,0,0,0,0,0
strong,15,Random Forest,0.3,0.7,47,0,0.51,0.56,1,1,0,0,0
strong,15,Random Forest,0.3,0.7,75,0,0.5,0.47,1,0,1,1,0
strong,15,Random Forest,0.4,0.6,68,0,0.59,0.54,1,1,0,0,0
strong,15,Random Forest,0.4,0.6,47,0,0.51,0.56,1,1,0,0,0
strong,15,Random Forest,0.4,0.6,75,0,0.5,0.47,1,0,1,1,0
strong,15,XGBoost,0.2,0.8,88,0,0.21013310551643372,0.5546257495880127,0,1,1,0,1
strong,15,XGBoost,0.2,0.8,68,0,0.6497319936752319,0.3226737976074219,1,0,1,1,0
strong,15,XGBoost,0.2,0.8,87,0,0.438800185918808,0.5177082419395447,0,1,1,0,1
strong,15,XGBoost,0.2,0.8,47,0,0.7048850059509277,0.8489106297492981,1,1,0,0,0
strong,15,XGBoost,0.2,0.8,75,0,0.4590322971343994,0.4419385492801666,0,0,0,0,0
strong,15,XGBoost,0.3,0.7,68,0,0.6497319936752319,0.3226737976074219,1,0,1,1,0
strong,15,XGBoost,0.3,0.7,87,0,0.438800185918808,0.5177082419395447,0,1,1,0,1
strong,15,XGBoost,0.3,0.7,75,0,0.4590322971343994,0.4419385492801666,0,0,0,0,0
strong,15,XGBoost,0.4,0.6,87,0,0.438800185918808,0.5177082419395447,0,1,1,0,1
strong,15,XGBoost,0.4,0.6,75,0,0.4590322971343994,0.4419385492801666,0,0,0,0,0
strong,16,Logistic Regression,0.2,0.8,188,1,0.5495667861537448,0.9574341840806524,1,1,0,0,0
strong,16,Logistic Regression,0.2,0.8,159,1,0.49259971948872733,0.8455906535991752,0,1,1,1,0
strong,16,Logistic Regression,0.2,0.8,151,1,0.7643090892345787,0.48624127538404466,1,0,1,0,1
strong,16,Logistic Regression,0.2,0.8,180,1,0.7947739930076005,0.6919577495919977,1,1,0,0,0
strong,16,Logistic Regression,0.2,0.8,87,0,0.72506630322168,0.6839814523531722,1,1,0,0,0
strong,16,Logistic Regression,0.2,0.8,76,0,0.4690517131820224,0.6127126296752481,0,1,1,0,1
strong,16,Logistic Regression,0.2,0.8,183,1,0.35343784738779116,0.9084749282931841,0,1,1,1,0
strong,16,Logistic Regression,0.2,0.8,173,1,0.7985866277597723,0.9185405691140116,1,1,0,0,0
strong,16,Logistic Regression,0.2,0.8,181,1,0.7788819636866121,0.992082076385758,1,1,0,0,0
strong,16,Logistic Regression,0.2,0.8,8,0,0.27795553737560574,0.037117251559613255,0,0,0,0,0
strong,16,Logistic Regression,0.3,0.7,188,1,0.5495667861537448,0.9574341840806524,1,1,0,0,0
strong,16,Logistic Regression,0.3,0.7,159,1,0.49259971948872733,0.8455906535991752,0,1,1,1,0
strong,16,Logistic Regression,0.3,0.7,76,0,0.4690517131820224,0.6127126296752481,0,1,1,0,1
strong,16,Logistic Regression,0.3,0.7,183,1,0.35343784738779116,0.9084749282931841,0,1,1,1,0
strong,16,Logistic Regression,0.4,0.6,188,1,0.5495667861537448,0.9574341840806524,1,1,0,0,0
strong,16,Logistic Regression,0.4,0.6,159,1,0.49259971948872733,0.8455906535991752,0,1,1,1,0
strong,16,Logistic Regression,0.4,0.6,76,0,0.4690517131820224,0.6127126296752481,0,1,1,0,1
strong,16,Random Forest,0.2,0.8,159,1,0.63,0.67,1,1,0,0,0
strong,16,Random Forest,0.2,0.8,177,1,0.49,0.44,0,0,0,0,0
strong,16,Random Forest,0.2,0.8,54,0,0.34,0.26,0,0,0,0,0
strong,16,Random Forest,0.2,0.8,87,0,0.33,0.49,0,0,0,0,0
strong,16,Random Forest,0.2,0.8,197,1,0.78,0.84,1,1,0,0,0
strong,16,Random Forest,0.2,0.8,140,1,0.51,0.56,1,1,0,0,0
strong,16,Random Forest,0.2,0.8,163,1,0.75,0.81,1,1,0,0,0
strong,16,Random Forest,0.2,0.8,96,0,0.22,0.28,0,0,0,0,0
strong,16,Random Forest,0.2,0.8,133,1,0.79,0.79,1,1,0,0,0
strong,16,Random Forest,0.2,0.8,91,0,0.34,0.43,0,0,0,0,0
strong,16,Random Forest,0.2,0.8,183,1,0.75,0.69,1,1,0,0,0
strong,16,Random Forest,0.2,0.8,19,0,0.25,0.11,0,0,0,0,0
strong,16,Random Forest,0.2,0.8,173,1,0.62,0.8,1,1,0,0,0
strong,16,Random Forest,0.2,0.8,181,1,0.76,0.86,1,1,0,0,0
strong,16,Random Forest,0.2,0.8,8,0,0.21,0.28,0,0,0,0,0
strong,16,Random Forest,0.2,0.8,109,1,0.52,0.73,1,1,0,0,0
strong,16,Random Forest,0.3,0.7,159,1,0.63,0.67,1,1,0,0,0
strong,16,Random Forest,0.3,0.7,177,1,0.49,0.44,0,0,0,0,0
strong,16,Random Forest,0.3,0.7,54,0,0.34,0.26,0,0,0,0,0
strong,16,Random Forest,0.3,0.7,87,0,0.33,0.49,0,0,0,0,0
strong,16,Random Forest,0.3,0.7,140,1,0.51,0.56,1,1,0,0,0
strong,16,Random Forest,0.3,0.7,91,0,0.34,0.43,0,0,0,0,0
strong,16,Random Forest,0.3,0.7,173,1,0.62,0.8,1,1,0,0,0
strong,16,Random Forest,0.3,0.7,109,1,0.52,0.73,1,1,0,0,0
strong,16,Random Forest,0.4,0.6,177,1,0.49,0.44,0,0,0,0,0
strong,16,Random Forest,0.4,0.6,140,1,0.51,0.56,1,1,0,0,0
strong,16,Random Forest,0.4,0.6,109,1,0.52,0.73,1,1,0,0,0
strong,16,XGBoost,0.2,0.8,159,1,0.6580325961112976,0.8377344608306885,1,1,0,0,0
strong,16,XGBoost,0.2,0.8,177,1,0.4360303282737732,0.2246759980916977,0,0,0,0,0
strong,16,XGBoost,0.2,0.8,87,0,0.7240614891052246,0.5468229055404663,1,1,0,0,0
strong,16,XGBoost,0.2,0.8,140,1,0.4935665726661682,0.6061298251152039,0,1,1,1,0
strong,16,XGBoost,0.2,0.8,91,0,0.739553689956665,0.310447096824646,1,0,1,1,0
strong,16,XGBoost,0.2,0.8,109,1,0.35787275433540344,0.626965343952179,0,1,1,1,0
strong,16,XGBoost,0.3,0.7,159,1,0.6580325961112976,0.8377344608306885,1,1,0,0,0
strong,16,XGBoost,0.3,0.7,177,1,0.4360303282737732,0.2246759980916977,0,0,0,0,0
strong,16,XGBoost,0.3,0.7,140,1,0.4935665726661682,0.6061298251152039,0,1,1,1,0
strong,16,XGBoost,0.3,0.7,109,1,0.35787275433540344,0.626965343952179,0,1,1,1,0
strong,16,XGBoost,0.4,0.6,177,1,0.4360303282737732,0.2246759980916977,0,0,0,0,0
strong,16,XGBoost,0.4,0.6,140,1,0.4935665726661682,0.6061298251152039,0,1,1,1,0
strong,17,Logistic Regression,0.2,0.8,107,1,0.25508314901112517,0.9416115927358071,0,1,1,1,0
strong,17,Logistic Regression,0.2,0.8,78,0,0.5817067425810815,0.1970922168511803,1,0,1,1,0
strong,17,Logistic Regression,0.2,0.8,97,0,0.6893771817537621,0.8138521293846265,1,1,0,0,0
strong,17,Logistic Regression,0.2,0.8,180,1,0.7186331271687023,0.6513366580941516,1,1,0,0,0
strong,17,Logistic Regression,0.2,0.8,151,1,0.7510502013718711,0.9796132863650227,1,1,0,0,0
strong,17,Logistic Regression,0.2,0.8,20,0,0.2495439065585112,0.4526908598759303,0,0,0,0,0
strong,17,Logistic Regression,0.2,0.8,87,0,0.7304968971174838,0.8962998819145241,1,1,0,0,0
strong,17,Logistic Regression,0.2,0.8,29,0,0.36620180895511034,0.03049461276684131,0,0,0,0,0
strong,17,Logistic Regression,0.2,0.8,141,1,0.3341387162175466,0.2030184794957805,0,0,0,0,0
strong,17,Logistic Regression,0.2,0.8,76,0,0.21330431528180727,0.11579552653073825,0,0,0,0,0
strong,17,Logistic Regression,0.2,0.8,159,1,0.40148718486290613,0.9381014026829241,0,1,1,1,0
strong,17,Logistic Regression,0.2,0.8,162,1,0.2962399243789645,0.2715827281819479,0,0,0,0,0
strong,17,Logistic Regression,0.2,0.8,8,0,0.26587290428566435,0.07959093104812658,0,0,0,0,0
strong,17,Logistic Regression,0.3,0.7,78,0,0.5817067425810815,0.1970922168511803,1,0,1,1,0
strong,17,Logistic Regression,0.3,0.7,97,0,0.6893771817537621,0.8138521293846265,1,1,0,0,0
strong,17,Logistic Regression,0.3,0.7,29,0,0.36620180895511034,0.03049461276684131,0,0,0,0,0
strong,17,Logistic Regression,0.3,0.7,141,1,0.3341387162175466,0.2030184794957805,0,0,0,0,0
strong,17,Logistic Regression,0.3,0.7,159,1,0.40148718486290613,0.9381014026829241,0,1,1,1,0
strong,17,Logistic Regression,0.4,0.6,78,0,0.5817067425810815,0.1970922168511803,1,0,1,1,0
strong,17,Logistic Regression,0.4,0.6,159,1,0.40148718486290613,0.9381014026829241,0,1,1,1,0
strong,17,Random Forest,0.2,0.8,44,0,0.25,0.22,0,0,0,0,0
strong,17,Random Forest,0.2,0.8,107,1,0.63,0.59,1,1,0,0,0
strong,17,Random Forest,0.2,0.8,78,0,0.3,0.31,0,0,0,0,0
strong,17,Random Forest,0.2,0.8,97,0,0.21,0.2,0,0,0,0,0
strong,17,Random Forest,0.2,0.8,172,1,0.67,0.64,1,1,0,0,0
strong,17,Random Forest,0.2,0.8,49,0,0.21,0.2,0,0,0,0,0
strong,17,Random Forest,0.2,0.8,20,0,0.26,0.34,0,0,0,0,0
strong,17,Random Forest,0.2,0.8,87,0,0.41,0.46,0,0,0,0,0
strong,17,Random Forest,0.2,0.8,43,0,0.27,0.3,0,0,0,0,0
strong,17,Random Forest,0.2,0.8,190,1,0.73,0.69,1,1,0,0,0
strong,17,Random Forest,0.2,0.8,141,1,0.55,0.44,1,0,1,0,1
strong,17,Random Forest,0.2,0.8,193,1,0.78,0.69,1,1,0,0,0
strong,17,Random Forest,0.2,0.8,119,1,0.79,0.7,1,1,0,0,0
strong,17,Random Forest,0.2,0.8,159,1,0.75,0.77,1,1,0,0,0
strong,17,Random Forest,0.2,0.8,162,1,0.75,0.82,1,1,0,0,0
strong,17,Random Forest,0.2,0.8,47,0,0.43,0.39,0,0,0,0,0
strong,17,Random Forest,0.2,0.8,64,0,0.24,0.23,0,0,0,0,0
strong,17,Random Forest,0.2,0.8,173,1,0.7,0.67,1,1,0,0,0
strong,17,Random Forest,0.3,0.7,107,1,0.63,0.59,1,1,0,0,0
strong,17,Random Forest,0.3,0.7,172,1,0.67,0.64,1,1,0,0,0
strong,17,Random Forest,0.3,0.7,87,0,0.41,0.46,0,0,0,0,0
strong,17,Random Forest,0.3,0.7,141,1,0.55,0.44,1,0,1,0,1
strong,17,Random Forest,0.3,0.7,47,0,0.43,0.39,0,0,0,0,0
strong,17,Random Forest,0.4,0.6,87,0,0.41,0.46,0,0,0,0,0
strong,17,Random Forest,0.4,0.6,141,1,0.55,0.44,1,0,1,0,1
strong,17,Random Forest,0.4,0.6,47,0,0.43,0.39,0,0,0,0,0
strong,17,XGBoost,0.2,0.8,107,1,0.6625140905380249,0.7339117527008057,1,1,0,0,0
strong,17,XGBoost,0.2,0.8,49,0,0.2073139101266861,0.20601685345172882,0,0,0,0,0
strong,17,XGBoost,0.2,0.8,87,0,0.38166892528533936,0.5649814009666443,0,1,1,0,1
strong,17,XGBoost,0.2,0.8,141,1,0.5478978753089905,0.4827148914337158,1,0,1,0,1
strong,17,XGBoost,0.2,0.8,159,1,0.6632706522941589,0.9183194041252136,1,1,0,0,0
strong,17,XGBoost,0.2,0.8,47,0,0.4728188216686249,0.5229406952857971,0,1,1,0,1
strong,17,XGBoost,0.3,0.7,107,1,0.6625140905380249,0.7339117527008057,1,1,0,0,0
strong,17,XGBoost,0.3,0.7,87,0,0.38166892528533936,0.5649814009666443,0,1,1,0,1
strong,17,XGBoost,0.3,0.7,141,1,0.5478978753089905,0.4827148914337158,1,0,1,0,1
strong,17,XGBoost,0.3,0.7,159,1,0.6632706522941589,0.9183194041252136,1,1,0,0,0
strong,17,XGBoost,0.3,0.7,47,0,0.4728188216686249,0.5229406952857971,0,1,1,0,1
strong,17,XGBoost,0.4,0.6,141,1,0.5478978753089905,0.4827148914337158,1,0,1,0,1
strong,17,XGBoost,0.4,0.6,47,0,0.4728188216686249,0.5229406952857971,0,1,1,0,1
strong,18,Logistic Regression,0.2,0.8,191,1,0.7803692448037028,0.9730168716426925,1,1,0,0,0
strong,18,Logistic Regression,0.2,0.8,69,0,0.24511589174781986,0.8055112693341026,0,1,1,0,1
strong,18,Logistic Regression,0.2,0.8,78,0,0.5917536085338206,0.31171033214030647,1,0,1,1,0
strong,18,Logistic Regression,0.2,0.8,76,0,0.25138711195849467,0.15086244575884417,0,0,0,0,0
strong,18,Logistic Regression,0.2,0.8,145,1,0.7838200977280584,0.13597755247873985,1,0,1,0,1
strong,18,Logistic Regression,0.2,0.8,97,0,0.659889127932452,0.420839598934568,1,0,1,1,0
strong,18,Logistic Regression,0.2,0.8,196,1,0.7808162477808901,0.8515441215945859,1,1,0,0,0
strong,18,Logistic Regression,0.2,0.8,66,0,0.7930695972339206,0.9290372604628228,1,1,0,0,0
strong,18,Logistic Regression,0.2,0.8,181,1,0.6250081126971709,0.9952542678839679,1,1,0,0,0
strong,18,Logistic Regression,0.2,0.8,20,0,0.7403292419278359,0.8700908151967082,1,1,0,0,0
strong,18,Logistic Regression,0.2,0.8,8,0,0.7050105736210092,0.08397911050332112,1,0,1,1,0
strong,18,Logistic Regression,0.3,0.7,78,0,0.5917536085338206,0.31171033214030647,1,0,1,1,0
strong,18,Logistic Regression,0.3,0.7,97,0,0.659889127932452,0.420839598934568,1,0,1,1,0
strong,18,Logistic Regression,0.3,0.7,181,1,0.6250081126971709,0.9952542678839679,1,1,0,0,0
strong,18,Logistic Regression,0.4,0.6,78,0,0.5917536085338206,0.31171033214030647,1,0,1,1,0
strong,18,Random Forest,0.2,0.8,143,1,0.77,0.76,1,1,0,0,0
strong,18,Random Forest,0.2,0.8,153,1,0.66,0.76,1,1,0,0,0
strong,18,Random Forest,0.2,0.8,64,0,0.29,0.2,0,0,0,0,0
strong,18,Random Forest,0.2,0.8,144,1,0.71,0.68,1,1,0,0,0
strong,18,Random Forest,0.2,0.8,69,0,0.24,0.24,0,0,0,0,0
strong,18,Random Forest,0.2,0.8,53,0,0.24,0.21,0,0,0,0,0
strong,18,Random Forest,0.2,0.8,121,1,0.72,0.64,1,1,0,0,0
strong,18,Random Forest,0.2,0.8,78,0,0.32,0.4,0,0,0,0,0
strong,18,Random Forest,0.2,0.8,133,1,0.73,0.77,1,1,0,0,0
strong,18,Random Forest,0.2,0.8,84,0,0.42,0.51,0,1,1,0,1
strong,18,Random Forest,0.2,0.8,177,1,0.46,0.33,0,0,0,0,0
strong,18,Random Forest,0.2,0.8,196,1,0.68,0.71,1,1,0,0,0
strong,18,Random Forest,0.2,0.8,180,1,0.79,0.85,1,1,0,0,0
strong,18,Random Forest,0.2,0.8,66,0,0.33,0.32,0,0,0,0,0
strong,18,Random Forest,0.2,0.8,181,1,0.77,0.79,1,1,0,0,0
strong,18,Random Forest,0.2,0.8,131,1,0.77,0.8,1,1,0,0,0
strong,18,Random Forest,0.2,0.8,20,0,0.24,0.37,0,0,0,0,0
strong,18,Random Forest,0.2,0.8,109,1,0.43,0.62,0,1,1,1,0
strong,18,Random Forest,0.2,0.8,8,0,0.24,0.18,0,0,0,0,0
strong,18,Random Forest,0.3,0.7,153,1,0.66,0.76,1,1,0,0,0
strong,18,Random Forest,0.3,0.7,78,0,0.32,0.4,0,0,0,0,0
strong,18,Random Forest,0.3,0.7,84,0,0.42,0.51,0,1,1,0,1
strong,18,Random Forest,0.3,0.7,177,1,0.46,0.33,0,0,0,0,0
strong,18,Random Forest,0.3,0.7,196,1,0.68,0.71,1,1,0,0,0
strong,18,Random Forest,0.3,0.7,66,0,0.33,0.32,0,0,0,0,0
strong,18,Random Forest,0.3,0.7,109,1,0.43,0.62,0,1,1,1,0
strong,18,Random Forest,0.4,0.6,84,0,0.42,0.51,0,1,1,0,1
strong,18,Random Forest,0.4,0.6,177,1,0.46,0.33,0,0,0,0,0
strong,18,Random Forest,0.4,0.6,109,1,0.43,0.62,0,1,1,1,0
strong,18,XGBoost,0.2,0.8,64,0,0.24922969937324524,0.057751767337322235,0,0,0,0,0
strong,18,XGBoost,0.2,0.8,84,0,0.6130800843238831,0.8341984748840332,1,1,0,0,0
strong,18,XGBoost,0.2,0.8,177,1,0.3287726044654846,0.10181562602519989,0,0,0,0,0
strong,18,XGBoost,0.3,0.7,84,0,0.6130800843238831,0.8341984748840332,1,1,0,0,0
strong,18,XGBoost,0.3,0.7,177,1,0.3287726044654846,0.10181562602519989,0,0,0,0,0
strong,19,Logistic Regression,0.2,0.8,9,0,0.6728611992862696,0.6869624185402673,1,1,0,0,0
strong,19,Logistic Regression,0.2,0.8,92,0,0.5281940415620616,0.6529827074226097,1,1,0,0,0
strong,19,Logistic Regression,0.2,0.8,40,0,0.29317995862621815,0.01768720740779754,0,0,0,0,0
strong,19,Logistic Regression,0.2,0.8,87,0,0.7200048698570239,0.6749812524587432,1,1,0,0,0
strong,19,Logistic Regression,0.2,0.8,141,1,0.35460424865080264,0.6871548360235719,0,1,1,1,0
strong,19,Logistic Regression,0.2,0.8,151,1,0.7476022234232302,0.892917667369365,1,1,0,0,0
strong,19,Logistic Regression,0.2,0.8,183,1,0.5331092994280008,0.9696169135191371,1,1,0,0,0
strong,19,Logistic Regression,0.2,0.8,78,0,0.624127224040666,0.3636019082190364,1,0,1,1,0
strong,19,Logistic Regression,0.2,0.8,66,0,0.6110462021812297,0.9693340458024213,1,1,0,0,0
strong,19,Logistic Regression,0.2,0.8,37,0,0.2698601104542021,0.0013376467042021025,0,0,0,0,0
strong,19,Logistic Regression,0.2,0.8,1,0,0.2504350337911484,0.5219853109019023,0,1,1,0,1
strong,19,Logistic Regression,0.2,0.8,97,0,0.7578739428231787,0.6915013091529528,1,1,0,0,0
strong,19,Logistic Regression,0.3,0.7,9,0,0.6728611992862696,0.6869624185402673,1,1,0,0,0
strong,19,Logistic Regression,0.3,0.7,92,0,0.5281940415620616,0.6529827074226097,1,1,0,0,0
strong,19,Logistic Regression,0.3,0.7,141,1,0.35460424865080264,0.6871548360235719,0,1,1,1,0
strong,19,Logistic Regression,0.3,0.7,183,1,0.5331092994280008,0.9696169135191371,1,1,0,0,0
strong,19,Logistic Regression,0.3,0.7,78,0,0.624127224040666,0.3636019082190364,1,0,1,1,0
strong,19,Logistic Regression,0.3,0.7,66,0,0.6110462021812297,0.9693340458024213,1,1,0,0,0
strong,19,Logistic Regression,0.4,0.6,92,0,0.5281940415620616,0.6529827074226097,1,1,0,0,0
strong,19,Logistic Regression,0.4,0.6,183,1,0.5331092994280008,0.9696169135191371,1,1,0,0,0
strong,19,Random Forest,0.2,0.8,9,0,0.35,0.34,0,0,0,0,0
strong,19,Random Forest,0.2,0.8,92,0,0.27,0.24,0,0,0,0,0
strong,19,Random Forest,0.2,0.8,150,1,0.72,0.78,1,1,0,0,0
strong,19,Random Forest,0.2,0.8,16,0,0.46,0.56,0,1,1,0,1
strong,19,Random Forest,0.2,0.8,68,0,0.57,0.5,1,1,0,0,0
strong,19,Random Forest,0.2,0.8,198,1,0.69,0.63,1,1,0,0,0
strong,19,Random Forest,0.2,0.8,129,1,0.75,0.75,1,1,0,0,0
strong,19,Random Forest,0.2,0.8,173,1,0.68,0.73,1,1,0,0,0
strong,19,Random Forest,0.2,0.8,87,0,0.46,0.43,0,0,0,0,0
strong,19,Random Forest,0.2,0.8,141,1,0.59,0.61,1,1,0,0,0
strong,19,Random Forest,0.2,0.8,183,1,0.62,0.59,1,1,0,0,0
strong,19,Random Forest,0.2,0.8,78,0,0.35,0.31,0,0,0,0,0
strong,19,Random Forest,0.2,0.8,66,0,0.23,0.31,0,0,0,0,0
strong,19,Random Forest,0.2,0.8,37,0,0.47,0.44,0,0,0,0,0
strong,19,Random Forest,0.2,0.8,109,1,0.54,0.61,1,1,0,0,0
strong,19,Random Forest,0.2,0.8,1,0,0.59,0.56,1,1,0,0,0
strong,19,Random Forest,0.2,0.8,143,1,0.66,0.64,1,1,0,0,0
strong,19,Random Forest,0.2,0.8,134,1,0.75,0.82,1,1,0,0,0
strong,19,Random Forest,0.2,0.8,148,1,0.78,0.74,1,1,0,0,0
strong,19,Random Forest,0.3,0.7,9,0,0.35,0.34,0,0,0,0,0
strong,19,Random Forest,0.3,0.7,16,0,0.46,0.56,0,1,1,0,1
strong,19,Random Forest,0.3,0.7,68,0,0.57,0.5,1,1,0,0,0
strong,19,Random Forest,0.3,0.7,198,1,0.69,0.63,1,1,0,0,0
strong,19,Random Forest,0.3,0.7,173,1,0.68,0.73,1,1,0,0,0
strong,19,Random Forest,0.3,0.7,87,0,0.46,0.43,0,0,0,0,0
strong,19,Random Forest,0.3,0.7,141,1,0.59,0.61,1,1,0,0,0
strong,19,Random Forest,0.3,0.7,183,1,0.62,0.59,1,1,0,0,0
strong,19,Random Forest,0.3,0.7,78,0,0.35,0.31,0,0,0,0,0
strong,19,Random Forest,0.3,0.7,37,0,0.47,0.44,0,0,0,0,0
strong,19,Random Forest,0.3,0.7,109,1,0.54,0.61,1,1,0,0,0
strong,19,Random Forest,0.3,0.7,1,0,0.59,0.56,1,1,0,0,0
strong,19,Random Forest,0.3,0.7,143,1,0.66,0.64,1,1,0,0,0
strong,19,Random Forest,0.4,0.6,16,0,0.46,0.56,0,1,1,0,1
strong,19,Random Forest,0.4,0.6,68,0,0.57,0.5,1,1,0,0,0
strong,19,Random Forest,0.4,0.6,87,0,0.46,0.43,0,0,0,0,0
strong,19,Random Forest,0.4,0.6,141,1,0.59,0.61,1,1,0,0,0
strong,19,Random Forest,0.4,0.6,37,0,0.47,0.44,0,0,0,0,0
strong,19,Random Forest,0.4,0.6,109,1,0.54,0.61,1,1,0,0,0
strong,19,Random Forest,0.4,0.6,1,0,0.59,0.56,1,1,0,0,0
strong,19,XGBoost,0.2,0.8,16,0,0.5238908529281616,0.6801552772521973,1,1,0,0,0
strong,19,XGBoost,0.2,0.8,68,0,0.44756513833999634,0.5008516907691956,0,1,1,0,1
strong,19,XGBoost,0.2,0.8,87,0,0.4314366281032562,0.3261951804161072,0,0,0,0,0
strong,19,XGBoost,0.2,0.8,141,1,0.6756346225738525,0.6452676653862,1,1,0,0,0
strong,19,XGBoost,0.2,0.8,183,1,0.7964236736297607,0.7126703262329102,1,1,0,0,0
strong,19,XGBoost,0.2,0.8,37,0,0.35677370429039,0.1962532252073288,0,0,0,0,0
strong,19,XGBoost,0.2,0.8,109,1,0.2154269814491272,0.3668617904186249,0,0,0,0,0
strong,19,XGBoost,0.2,0.8,1,0,0.6218973398208618,0.8283037543296814,1,1,0,0,0
strong,19,XGBoost,0.2,0.8,143,1,0.5183561444282532,0.7168123126029968,1,1,0,0,0
strong,19,XGBoost,0.3,0.7,16,0,0.5238908529281616,0.6801552772521973,1,1,0,0,0
strong,19,XGBoost,0.3,0.7,68,0,0.44756513833999634,0.5008516907691956,0,1,1,0,1
strong,19,XGBoost,0.3,0.7,87,0,0.4314366281032562,0.3261951804161072,0,0,0,0,0
strong,19,XGBoost,0.3,0.7,141,1,0.6756346225738525,0.6452676653862,1,1,0,0,0
strong,19,XGBoost,0.3,0.7,37,0,0.35677370429039,0.1962532252073288,0,0,0,0,0
strong,19,XGBoost,0.3,0.7,1,0,0.6218973398208618,0.8283037543296814,1,1,0,0,0
strong,19,XGBoost,0.3,0.7,143,1,0.5183561444282532,0.7168123126029968,1,1,0,0,0
strong,19,XGBoost,0.4,0.6,16,0,0.5238908529281616,0.6801552772521973,1,1,0,0,0
strong,19,XGBoost,0.4,0.6,68,0,0.44756513833999634,0.5008516907691956,0,1,1,0,1
strong,19,XGBoost,0.4,0.6,87,0,0.4314366281032562,0.3261951804161072,0,0,0,0,0
strong,19,XGBoost,0.4,0.6,143,1,0.5183561444282532,0.7168123126029968,1,1,0,0,0
strong,20,Logistic Regression,0.2,0.8,191,1,0.6542454186129941,0.9860330194973661,1,1,0,0,0
strong,20,Logistic Regression,0.2,0.8,69,0,0.2476234182817695,0.8801129662986682,0,1,1,0,1
strong,20,Logistic Regression,0.2,0.8,66,0,0.6639257879379212,0.9477560871669914,1,1,0,0,0
strong,20,Logistic Regression,0.2,0.8,145,1,0.7304115673026617,0.2270107033713577,1,0,1,0,1
strong,20,Logistic Regression,0.2,0.8,2,0,0.2472755009273666,0.017621111239260936,0,0,0,0,0
strong,20,Logistic Regression,0.2,0.8,158,1,0.6570479961527981,0.8651399134355703,1,1,0,0,0
strong,20,Logistic Regression,0.2,0.8,75,0,0.4500924347143587,0.0907578752295132,0,0,0,0,0
strong,20,Logistic Regression,0.2,0.8,54,0,0.6684623512249374,0.0025526339182950952,1,0,1,1,0
strong,20,Logistic Regression,0.2,0.8,79,0,0.39742090418914766,0.45602190107860385,0,0,0,0,0
strong,20,Logistic Regression,0.2,0.8,20,0,0.7403825348538635,0.5180983463072607,1,1,0,0,0
strong,20,Logistic Regression,0.2,0.8,181,1,0.7320208055643913,0.995245750446951,1,1,0,0,0
strong,20,Logistic Regression,0.2,0.8,113,1,0.6490764451373965,0.984521204851337,1,1,0,0,0
strong,20,Logistic Regression,0.2,0.8,97,0,0.6580811179378162,0.4584518657249356,1,0,1,1,0
strong,20,Logistic Regression,0.3,0.7,191,1,0.6542454186129941,0.9860330194973661,1,1,0,0,0
strong,20,Logistic Regression,0.3,0.7,66,0,0.6639257879379212,0.9477560871669914,1,1,0,0,0
strong,20,Logistic Regression,0.3,0.7,158,1,0.6570479961527981,0.8651399134355703,1,1,0,0,0
strong,20,Logistic Regression,0.3,0.7,75,0,0.4500924347143587,0.0907578752295132,0,0,0,0,0
strong,20,Logistic Regression,0.3,0.7,54,0,0.6684623512249374,0.0025526339182950952,1,0,1,1,0
strong,20,Logistic Regression,0.3,0.7,79,0,0.39742090418914766,0.45602190107860385,0,0,0,0,0
strong,20,Logistic Regression,0.3,0.7,113,1,0.6490764451373965,0.984521204851337,1,1,0,0,0
strong,20,Logistic Regression,0.3,0.7,97,0,0.6580811179378162,0.4584518657249356,1,0,1,1,0
strong,20,Logistic Regression,0.4,0.6,75,0,0.4500924347143587,0.0907578752295132,0,0,0,0,0
strong,20,Random Forest,0.2,0.8,69,0,0.22,0.28,0,0,0,0,0
strong,20,Random Forest,0.2,0.8,66,0,0.23,0.29,0,0,0,0,0
strong,20,Random Forest,0.2,0.8,64,0,0.31,0.31,0,0,0,0,0
strong,20,Random Forest,0.2,0.8,153,1,0.71,0.74,1,1,0,0,0
strong,20,Random Forest,0.2,0.8,88,0,0.37,0.34,0,0,0,0,0
strong,20,Random Forest,0.2,0.8,150,1,0.76,0.79,1,1,0,0,0
strong,20,Random Forest,0.2,0.8,148,1,0.62,0.65,1,1,0,0,0
strong,20,Random Forest,0.2,0.8,158,1,0.75,0.81,1,1,0,0,0
strong,20,Random Forest,0.2,0.8,131,1,0.78,0.77,1,1,0,0,0
strong,20,Random Forest,0.2,0.8,198,1,0.63,0.47,1,0,1,0,1
strong,20,Random Forest,0.2,0.8,196,1,0.64,0.65,1,1,0,0,0
strong,20,Random Forest,0.2,0.8,75,0,0.43,0.4,0,0,0,0,0
strong,20,Random Forest,0.2,0.8,161,1,0.75,0.88,1,1,0,0,0
strong,20,Random Forest,0.2,0.8,117,1,0.76,0.88,1,1,0,0,0
strong,20,Random Forest,0.2,0.8,79,0,0.55,0.46,1,0,1,1,0
strong,20,Random Forest,0.2,0.8,133,1,0.68,0.75,1,1,0,0,0
strong,20,Random Forest,0.2,0.8,43,0,0.25,0.13,0,0,0,0,0
strong,20,Random Forest,0.2,0.8,199,1,0.74,0.78,1,1,0,0,0
strong,20,Random Forest,0.2,0.8,20,0,0.24,0.34,0,0,0,0,0
strong,20,Random Forest,0.2,0.8,129,1,0.74,0.75,1,1,0,0,0
strong,20,Random Forest,0.2,0.8,181,1,0.73,0.85,1,1,0,0,0
strong,20,Random Forest,0.2,0.8,113,1,0.63,0.79,1,1,0,0,0
strong,20,Random Forest,0.2,0.8,56,0,0.29,0.29,0,0,0,0,0
strong,20,Random Forest,0.2,0.8,91,0,0.52,0.35,1,0,1,1,0
strong,20,Random Forest,0.2,0.8,143,1,0.76,0.74,1,1,0,0,0
strong,20,Random Forest,0.3,0.7,64,0,0.31,0.31,0,0,0,0,0
strong,20,Random Forest,0.3,0.7,88,0,0.37,0.34,0,0,0,0,0
strong,20,Random Forest,0.3,0.7,148,1,0.62,0.65,1,1,0,0,0
strong,20,Random Forest,0.3,0.7,198,1,0.63,0.47,1,0,1,0,1
strong,20,Random Forest,0.3,0.7,196,1,0.64,0.65,1,1,0,0,0
strong,20,Random Forest,0.3,0.7,75,0,0.43,0.4,0,0,0,0,0
strong,20,Random Forest,0.3,0.7,79,0,0.55,0.46,1,0,1,1,0
strong,20,Random Forest,0.3,0.7,133,1,0.68,0.75,1,1,0,0,0
strong,20,Random Forest,0.3,0.7,113,1,0.63,0.79,1,1,0,0,0
strong,20,Random Forest,0.3,0.7,91,0,0.52,0.35,1,0,1,1,0
strong,20,Random Forest,0.4,0.6,75,0,0.43,0.4,0,0,0,0,0
strong,20,Random Forest,0.4,0.6,79,0,0.55,0.46,1,0,1,1,0
strong,20,Random Forest,0.4,0.6,91,0,0.52,0.35,1,0,1,1,0
strong,20,XGBoost,0.2,0.8,64,0,0.7701347470283508,0.4787677228450775,1,0,1,1,0
strong,20,XGBoost,0.2,0.8,88,0,0.2941567897796631,0.16850700974464417,0,0,0,0,0
strong,20,XGBoost,0.2,0.8,79,0,0.7100361585617065,0.6958198547363281,1,1,0,0,0
strong,20,XGBoost,0.2,0.8,91,0,0.7566622495651245,0.49184706807136536,1,0,1,1,0
strong,21,Logistic Regression,0.2,0.8,136,1,0.737109937302786,0.152844869017683,1,0,1,0,1
strong,21,Logistic Regression,0.2,0.8,15,0,0.5252336551393426,0.950414985162179,1,1,0,0,0
strong,21,Logistic Regression,0.2,0.8,37,0,0.3840243854722619,0.006521320147837752,0,0,0,0,0
strong,21,Logistic Regression,0.2,0.8,183,1,0.4943314434737573,0.7414393027455389,0,1,1,1,0
strong,21,Logistic Regression,0.2,0.8,20,0,0.7295625142829495,0.7144823939348798,1,1,0,0,0
strong,21,Logistic Regression,0.2,0.8,97,0,0.6011106078679171,0.1605885687949235,1,0,1,1,0
strong,21,Logistic Regression,0.2,0.8,69,0,0.30821149615827675,0.9973665062989779,0,1,1,0,1
strong,21,Logistic Regression,0.2,0.8,181,1,0.6076178268169378,0.9847755784527376,1,1,0,0,0
strong,21,Logistic Regression,0.2,0.8,54,0,0.5301984905429531,0.004513033324484188,1,0,1,1,0
strong,21,Logistic Regression,0.2,0.8,75,0,0.4524571753013924,0.5191902344225838,0,1,1,0,1
strong,21,Logistic Regression,0.3,0.7,15,0,0.5252336551393426,0.950414985162179,1,1,0,0,0
strong,21,Logistic Regression,0.3,0.7,37,0,0.3840243854722619,0.006521320147837752,0,0,0,0,0
strong,21,Logistic Regression,0.3,0.7,183,1,0.4943314434737573,0.7414393027455389,0,1,1,1,0
strong,21,Logistic Regression,0.3,0.7,97,0,0.6011106078679171,0.1605885687949235,1,0,1,1,0
strong,21,Logistic Regression,0.3,0.7,69,0,0.30821149615827675,0.9973665062989779,0,1,1,0,1
strong,21,Logistic Regression,0.3,0.7,181,1,0.6076178268169378,0.9847755784527376,1,1,0,0,0
strong,21,Logistic Regression,0.3,0.7,54,0,0.5301984905429531,0.004513033324484188,1,0,1,1,0
strong,21,Logistic Regression,0.3,0.7,75,0,0.4524571753013924,0.5191902344225838,0,1,1,0,1
strong,21,Logistic Regression,0.4,0.6,15,0,0.5252336551393426,0.950414985162179,1,1,0,0,0
strong,21,Logistic Regression,0.4,0.6,183,1,0.4943314434737573,0.7414393027455389,0,1,1,1,0
strong,21,Logistic Regression,0.4,0.6,54,0,0.5301984905429531,0.004513033324484188,1,0,1,1,0
strong,21,Logistic Regression,0.4,0.6,75,0,0.4524571753013924,0.5191902344225838,0,1,1,0,1
strong,21,Random Forest,0.2,0.8,91,0,0.37,0.36,0,0,0,0,0
strong,21,Random Forest,0.2,0.8,136,1,0.75,0.75,1,1,0,0,0
strong,21,Random Forest,0.2,0.8,65,0,0.38,0.38,0,0,0,0,0
strong,21,Random Forest,0.2,0.8,134,1,0.73,0.74,1,1,0,0,0
strong,21,Random Forest,0.2,0.8,144,1,0.7,0.77,1,1,0,0,0
strong,21,Random Forest,0.2,0.8,37,0,0.61,0.37,1,0,1,1,0
strong,21,Random Forest,0.2,0.8,84,0,0.43,0.49,0,0,0,0,0
strong,21,Random Forest,0.2,0.8,183,1,0.62,0.69,1,1,0,0,0
strong,21,Random Forest,0.2,0.8,35,0,0.32,0.33,0,0,0,0,0
strong,21,Random Forest,0.2,0.8,123,1,0.65,0.78,1,1,0,0,0
strong,21,Random Forest,0.2,0.8,20,0,0.21,0.31,0,0,0,0,0
strong,21,Random Forest,0.2,0.8,119,1,0.66,0.58,1,1,0,0,0
strong,21,Random Forest,0.2,0.8,102,1,0.79,0.63,1,1,0,0,0
strong,21,Random Forest,0.2,0.8,36,0,0.22,0.18,0,0,0,0,0
strong,21,Random Forest,0.2,0.8,75,0,0.61,0.45,1,0,1,1,0
strong,21,Random Forest,0.3,0.7,91,0,0.37,0.36,0,0,0,0,0
strong,21,Random Forest,0.3,0.7,65,0,0.38,0.38,0,0,0,0,0
strong,21,Random Forest,0.3,0.7,37,0,0.61,0.37,1,0,1,1,0
strong,21,Random Forest,0.3,0.7,84,0,0.43,0.49,0,0,0,0,0
strong,21,Random Forest,0.3,0.7,183,1,0.62,0.69,1,1,0,0,0
strong,21,Random Forest,0.3,0.7,35,0,0.32,0.33,0,0,0,0,0
strong,21,Random Forest,0.3,0.7,123,1,0.65,0.78,1,1,0,0,0
strong,21,Random Forest,0.3,0.7,119,1,0.66,0.58,1,1,0,0,0
strong,21,Random Forest,0.3,0.7,75,0,0.61,0.45,1,0,1,1,0
strong,21,Random Forest,0.4,0.6,84,0,0.43,0.49,0,0,0,0,0
strong,21,XGBoost,0.2,0.8,37,0,0.40339395403862,0.35848432779312134,0,0,0,0,0
strong,21,XGBoost,0.2,0.8,84,0,0.7617056369781494,0.7448483109474182,1,1,0,0,0
strong,21,XGBoost,0.2,0.8,123,1,0.7629720568656921,0.921432614326477,1,1,0,0,0
strong,21,XGBoost,0.2,0.8,119,1,0.4478209912776947,0.5763161778450012,0,1,1,1,0
strong,21,XGBoost,0.2,0.8,75,0,0.29111889004707336,0.295667827129364,0,0,0,0,0
strong,21,XGBoost,0.3,0.7,37,0,0.40339395403862,0.35848432779312134,0,0,0,0,0
strong,21,XGBoost,0.3,0.7,119,1,0.4478209912776947,0.5763161778450012,0,1,1,1,0
strong,21,XGBoost,0.4,0.6,37,0,0.40339395403862,0.35848432779312134,0,0,0,0,0
strong,21,XGBoost,0.4,0.6,119,1,0.4478209912776947,0.5763161778450012,0,1,1,1,0
strong,22,Logistic Regression,0.2,0.8,15,0,0.6766864412016091,0.31457567022418914,1,0,1,1,0
strong,22,Logistic Regression,0.2,0.8,192,1,0.7562477620894354,0.9670545466206247,1,1,0,0,0
strong,22,Logistic Regression,0.2,0.8,76,0,0.29336261551902104,0.3034899735239956,0,0,0,0,0
strong,22,Logistic Regression,0.2,0.8,147,1,0.3854419985055834,0.4210496761555381,0,0,0,0,0
strong,22,Logistic Regression,0.2,0.8,1,0,0.2750996150771437,0.3339122004972269,0,0,0,0,0
strong,22,Logistic Regression,0.2,0.8,37,0,0.2683386048405869,0.03554017973781115,0,0,0,0,0
strong,22,Logistic Regression,0.2,0.8,120,1,0.689652944747606,0.5973443317146346,1,1,0,0,0
strong,22,Logistic Regression,0.2,0.8,123,1,0.23976882983862483,0.8758503546923538,0,1,1,1,0
strong,22,Logistic Regression,0.2,0.8,78,0,0.7113247258053388,0.09480175727501339,1,0,1,1,0
strong,22,Logistic Regression,0.3,0.7,15,0,0.6766864412016091,0.31457567022418914,1,0,1,1,0
strong,22,Logistic Regression,0.3,0.7,147,1,0.3854419985055834,0.4210496761555381,0,0,0,0,0
strong,22,Logistic Regression,0.3,0.7,120,1,0.689652944747606,0.5973443317146346,1,1,0,0,0
strong,22,Random Forest,0.2,0.8,192,1,0.68,0.72,1,1,0,0,0
strong,22,Random Forest,0.2,0.8,164,1,0.79,0.81,1,1,0,0,0
strong,22,Random Forest,0.2,0.8,88,0,0.31,0.37,0,0,0,0,0
strong,22,Random Forest,0.2,0.8,64,0,0.24,0.17,0,0,0,0,0
strong,22,Random Forest,0.2,0.8,45,0,0.3,0.37,0,0,0,0,0
strong,22,Random Forest,0.2,0.8,165,1,0.7,0.66,1,1,0,0,0
strong,22,Random Forest,0.2,0.8,68,0,0.55,0.55,1,1,0,0,0
strong,22,Random Forest,0.2,0.8,190,1,0.72,0.65,1,1,0,0,0
strong,22,Random Forest,0.2,0.8,148,1,0.71,0.61,1,1,0,0,0
strong,22,Random Forest,0.2,0.8,47,0,0.42,0.52,0,1,1,0,1
strong,22,Random Forest,0.2,0.8,91,0,0.5,0.43,1,0,1,1,0
strong,22,Random Forest,0.2,0.8,1,0,0.49,0.52,0,1,1,0,1
strong,22,Random Forest,0.2,0.8,176,1,0.65,0.63,1,1,0,0,0
strong,22,Random Forest,0.2,0.8,37,0,0.52,0.32,1,0,1,1,0
strong,22,Random Forest,0.2,0.8,120,1,0.73,0.69,1,1,0,0,0
strong,22,Random Forest,0.2,0.8,177,1,0.49,0.5,0,1,1,1,0
strong,22,Random Forest,0.2,0.8,21,0,0.25,0.36,0,0,0,0,0
strong,22,Random Forest,0.2,0.8,123,1,0.62,0.71,1,1,0,0,0
strong,22,Random Forest,0.2,0.8,78,0,0.34,0.38,0,0,0,0,0
strong,22,Random Forest,0.2,0.8,128,1,0.75,0.89,1,1,0,0,0
strong,22,Random Forest,0.3,0.7,192,1,0.68,0.72,1,1,0,0,0
strong,22,Random Forest,0.3,0.7,88,0,0.31,0.37,0,0,0,0,0
strong,22,Random Forest,0.3,0.7,68,0,0.55,0.55,1,1,0,0,0
strong,22,Random Forest,0.3,0.7,47,0,0.42,0.52,0,1,1,0,1
strong,22,Random Forest,0.3,0.7,91,0,0.5,0.43,1,0,1,1,0
strong,22,Random Forest,0.3,0.7,1,0,0.49,0.52,0,1,1,0,1
strong,22,Random Forest,0.3,0.7,176,1,0.65,0.63,1,1,0,0,0
strong,22,Random Forest,0.3,0.7,37,0,0.52,0.32,1,0,1,1,0
strong,22,Random Forest,0.3,0.7,177,1,0.49,0.5,0,1,1,1,0
strong,22,Random Forest,0.3,0.7,123,1,0.62,0.71,1,1,0,0,0
strong,22,Random Forest,0.3,0.7,78,0,0.34,0.38,0,0,0,0,0
strong,22,Random Forest,0.4,0.6,68,0,0.55,0.55,1,1,0,0,0
strong,22,Random Forest,0.4,0.6,47,0,0.42,0.52,0,1,1,0,1
strong,22,Random Forest,0.4,0.6,91,0,0.5,0.43,1,0,1,1,0
strong,22,Random Forest,0.4,0.6,1,0,0.49,0.52,0,1,1,0,1
strong,22,Random Forest,0.4,0.6,37,0,0.52,0.32,1,0,1,1,0
strong,22,Random Forest,0.4,0.6,177,1,0.49,0.5,0,1,1,1,0
strong,22,XGBoost,0.2,0.8,88,0,0.3829272389411926,0.4168892204761505,0,0,0,0,0
strong,22,XGBoost,0.2,0.8,68,0,0.7781190276145935,0.7958205938339233,1,1,0,0,0
strong,22,XGBoost,0.2,0.8,47,0,0.4143444001674652,0.19445422291755676,0,0,0,0,0
strong,22,XGBoost,0.2,0.8,1,0,0.7885910272598267,0.5084487199783325,1,1,0,0,0
strong,22,XGBoost,0.2,0.8,176,1,0.5186505317687988,0.36623868346214294,1,0,1,0,1
strong,22,XGBoost,0.2,0.8,37,0,0.41162362694740295,0.38249659538269043,0,0,0,0,0
strong,22,XGBoost,0.2,0.8,21,0,0.34903663396835327,0.14588701725006104,0,0,0,0,0
strong,22,XGBoost,0.3,0.7,88,0,0.3829272389411926,0.4168892204761505,0,0,0,0,0
strong,22,XGBoost,0.3,0.7,47,0,0.4143444001674652,0.19445422291755676,0,0,0,0,0
strong,22,XGBoost,0.3,0.7,176,1,0.5186505317687988,0.36623868346214294,1,0,1,0,1
strong,22,XGBoost,0.3,0.7,37,0,0.41162362694740295,0.38249659538269043,0,0,0,0,0
strong,22,XGBoost,0.3,0.7,21,0,0.34903663396835327,0.14588701725006104,0,0,0,0,0
strong,22,XGBoost,0.4,0.6,47,0,0.4143444001674652,0.19445422291755676,0,0,0,0,0
strong,22,XGBoost,0.4,0.6,176,1,0.5186505317687988,0.36623868346214294,1,0,1,0,1
strong,22,XGBoost,0.4,0.6,37,0,0.41162362694740295,0.38249659538269043,0,0,0,0,0
strong,23,Logistic Regression,0.2,0.8,192,1,0.7955841733138406,0.9702670528664816,1,1,0,0,0
strong,23,Logistic Regression,0.2,0.8,34,0,0.20168448083826887,0.027650050675189015,0,0,0,0,0
strong,23,Logistic Regression,0.2,0.8,183,1,0.3034608532920284,0.8729058671631335,0,1,1,1,0
strong,23,Logistic Regression,0.2,0.8,97,0,0.40650615922676336,0.38617363710500685,0,0,0,0,0
strong,23,Logistic Regression,0.2,0.8,75,0,0.47083834833810967,0.009462473175348533,0,0,0,0,0
strong,23,Logistic Regression,0.2,0.8,8,0,0.7448965313675162,0.6520516295740898,1,1,0,0,0
strong,23,Logistic Regression,0.2,0.8,119,1,0.6968899514828282,0.6880457319673968,1,1,0,0,0
strong,23,Logistic Regression,0.2,0.8,162,1,0.4794039268304887,0.6894421446003275,0,1,1,1,0
strong,23,Logistic Regression,0.2,0.8,181,1,0.7250057770815108,0.9838447849820392,1,1,0,0,0
strong,23,Logistic Regression,0.3,0.7,183,1,0.3034608532920284,0.8729058671631335,0,1,1,1,0
strong,23,Logistic Regression,0.3,0.7,97,0,0.40650615922676336,0.38617363710500685,0,0,0,0,0
strong,23,Logistic Regression,0.3,0.7,75,0,0.47083834833810967,0.009462473175348533,0,0,0,0,0
strong,23,Logistic Regression,0.3,0.7,119,1,0.6968899514828282,0.6880457319673968,1,1,0,0,0
strong,23,Logistic Regression,0.3,0.7,162,1,0.4794039268304887,0.6894421446003275,0,1,1,1,0
strong,23,Logistic Regression,0.4,0.6,97,0,0.40650615922676336,0.38617363710500685,0,0,0,0,0
strong,23,Logistic Regression,0.4,0.6,75,0,0.47083834833810967,0.009462473175348533,0,0,0,0,0
strong,23,Logistic Regression,0.4,0.6,162,1,0.4794039268304887,0.6894421446003275,0,1,1,1,0
strong,23,Random Forest,0.2,0.8,192,1,0.77,0.79,1,1,0,0,0
strong,23,Random Forest,0.2,0.8,34,0,0.22,0.3,0,0,0,0,0
strong,23,Random Forest,0.2,0.8,66,0,0.21,0.32,0,0,0,0,0
strong,23,Random Forest,0.2,0.8,9,0,0.33,0.44,0,0,0,0,0
strong,23,Random Forest,0.2,0.8,68,0,0.6,0.45,1,0,1,1,0
strong,23,Random Forest,0.2,0.8,183,1,0.77,0.72,1,1,0,0,0
strong,23,Random Forest,0.2,0.8,97,0,0.22,0.16,0,0,0,0,0
strong,23,Random Forest,0.2,0.8,47,0,0.5,0.63,1,1,0,0,0
strong,23,Random Forest,0.2,0.8,75,0,0.61,0.53,1,1,0,0,0
strong,23,Random Forest,0.2,0.8,13,0,0.21,0.17,0,0,0,0,0
strong,23,Random Forest,0.2,0.8,136,1,0.73,0.59,1,1,0,0,0
strong,23,Random Forest,0.2,0.8,84,0,0.49,0.5,0,1,1,0,1
strong,23,Random Forest,0.2,0.8,59,0,0.24,0.25,0,0,0,0,0
strong,23,Random Forest,0.2,0.8,20,0,0.27,0.4,0,0,0,0,0
strong,23,Random Forest,0.2,0.8,119,1,0.76,0.67,1,1,0,0,0
strong,23,Random Forest,0.2,0.8,177,1,0.56,0.39,1,0,1,0,1
strong,23,Random Forest,0.2,0.8,55,0,0.21,0.21,0,0,0,0,0
strong,23,Random Forest,0.2,0.8,52,0,0.24,0.15,0,0,0,0,0
strong,23,Random Forest,0.2,0.8,162,1,0.74,0.8,1,1,0,0,0
strong,23,Random Forest,0.2,0.8,91,0,0.45,0.26,0,0,0,0,0
strong,23,Random Forest,0.3,0.7,9,0,0.33,0.44,0,0,0,0,0
strong,23,Random Forest,0.3,0.7,68,0,0.6,0.45,1,0,1,1,0
strong,23,Random Forest,0.3,0.7,47,0,0.5,0.63,1,1,0,0,0
strong,23,Random Forest,0.3,0.7,75,0,0.61,0.53,1,1,0,0,0
strong,23,Random Forest,0.3,0.7,84,0,0.49,0.5,0,1,1,0,1
strong,23,Random Forest,0.3,0.7,177,1,0.56,0.39,1,0,1,0,1
strong,23,Random Forest,0.3,0.7,91,0,0.45,0.26,0,0,0,0,0
strong,23,Random Forest,0.4,0.6,47,0,0.5,0.63,1,1,0,0,0
strong,23,Random Forest,0.4,0.6,84,0,0.49,0.5,0,1,1,0,1
strong,23,Random Forest,0.4,0.6,177,1,0.56,0.39,1,0,1,0,1
strong,23,Random Forest,0.4,0.6,91,0,0.45,0.26,0,0,0,0,0
strong,23,XGBoost,0.2,0.8,68,0,0.6543497443199158,0.5176244974136353,1,1,0,0,0
strong,23,XGBoost,0.2,0.8,47,0,0.654396653175354,0.7840667366981506,1,1,0,0,0
strong,23,XGBoost,0.2,0.8,119,1,0.7661187648773193,0.8047152161598206,1,1,0,0,0
strong,23,XGBoost,0.2,0.8,177,1,0.6406934261322021,0.25947004556655884,1,0,1,0,1
strong,23,XGBoost,0.2,0.8,91,0,0.6066433191299438,0.3549518883228302,1,0,1,1,0
strong,23,XGBoost,0.3,0.7,68,0,0.6543497443199158,0.5176244974136353,1,1,0,0,0
strong,23,XGBoost,0.3,0.7,47,0,0.654396653175354,0.7840667366981506,1,1,0,0,0
strong,23,XGBoost,0.3,0.7,177,1,0.6406934261322021,0.25947004556655884,1,0,1,0,1
strong,23,XGBoost,0.3,0.7,91,0,0.6066433191299438,0.3549518883228302,1,0,1,1,0
strong,24,Logistic Regression,0.2,0.8,75,0,0.2623207777509146,0.0038100390618064335,0,0,0,0,0
strong,24,Logistic Regression,0.2,0.8,87,0,0.5901741595542817,0.8703802511492551,1,1,0,0,0
strong,24,Logistic Regression,0.2,0.8,79,0,0.32867598881444277,0.548990785052233,0,1,1,0,1
strong,24,Logistic Regression,0.2,0.8,45,0,0.2880229370419548,0.2796970336529893,0,0,0,0,0
strong,24,Logistic Regression,0.2,0.8,69,0,0.3890293811664487,0.7746175465983726,0,1,1,0,1
strong,24,Logistic Regression,0.2,0.8,21,0,0.21054932512570637,0.020924649481843798,0,0,0,0,0
strong,24,Logistic Regression,0.2,0.8,76,0,0.31708931401774304,0.221982417423959,0,0,0,0,0
strong,24,Logistic Regression,0.2,0.8,8,0,0.21919798755545933,0.011767306629500292,0,0,0,0,0
strong,24,Logistic Regression,0.3,0.7,87,0,0.5901741595542817,0.8703802511492551,1,1,0,0,0
strong,24,Logistic Regression,0.3,0.7,79,0,0.32867598881444277,0.548990785052233,0,1,1,0,1
strong,24,Logistic Regression,0.3,0.7,69,0,0.3890293811664487,0.7746175465983726,0,1,1,0,1
strong,24,Logistic Regression,0.3,0.7,76,0,0.31708931401774304,0.221982417423959,0,0,0,0,0
strong,24,Logistic Regression,0.4,0.6,87,0,0.5901741595542817,0.8703802511492551,1,1,0,0,0
strong,24,Random Forest,0.2,0.8,196,1,0.71,0.68,1,1,0,0,0
strong,24,Random Forest,0.2,0.8,177,1,0.57,0.54,1,1,0,0,0
strong,24,Random Forest,0.2,0.8,91,0,0.46,0.42,0,0,0,0,0
strong,24,Random Forest,0.2,0.8,123,1,0.64,0.7,1,1,0,0,0
strong,24,Random Forest,0.2,0.8,162,1,0.72,0.79,1,1,0,0,0
strong,24,Random Forest,0.2,0.8,172,1,0.77,0.86,1,1,0,0,0
strong,24,Random Forest,0.2,0.8,75,0,0.53,0.44,1,0,1,1,0
strong,24,Random Forest,0.2,0.8,87,0,0.33,0.47,0,0,0,0,0
strong,24,Random Forest,0.2,0.8,79,0,0.53,0.48,1,0,1,1,0
strong,24,Random Forest,0.2,0.8,45,0,0.28,0.3,0,0,0,0,0
strong,24,Random Forest,0.2,0.8,133,1,0.72,0.77,1,1,0,0,0
strong,24,Random Forest,0.2,0.8,21,0,0.23,0.3,0,0,0,0,0
strong,24,Random Forest,0.2,0.8,9,0,0.36,0.35,0,0,0,0,0
strong,24,Random Forest,0.2,0.8,58,0,0.51,0.48,1,0,1,1,0
strong,24,Random Forest,0.3,0.7,177,1,0.57,0.54,1,1,0,0,0
strong,24,Random Forest,0.3,0.7,91,0,0.46,0.42,0,0,0,0,0
strong,24,Random Forest,0.3,0.7,123,1,0.64,0.7,1,1,0,0,0
strong,24,Random Forest,0.3,0.7,75,0,0.53,0.44,1,0,1,1,0
strong,24,Random Forest,0.3,0.7,87,0,0.33,0.47,0,0,0,0,0
strong,24,Random Forest,0.3,0.7,79,0,0.53,0.48,1,0,1,1,0
strong,24,Random Forest,0.3,0.7,9,0,0.36,0.35,0,0,0,0,0
strong,24,Random Forest,0.3,0.7,58,0,0.51,0.48,1,0,1,1,0
strong,24,Random Forest,0.4,0.6,177,1,0.57,0.54,1,1,0,0,0
strong,24,Random Forest,0.4,0.6,91,0,0.46,0.42,0,0,0,0,0
strong,24,Random Forest,0.4,0.6,75,0,0.53,0.44,1,0,1,1,0
strong,24,Random Forest,0.4,0.6,79,0,0.53,0.48,1,0,1,1,0
strong,24,Random Forest,0.4,0.6,58,0,0.51,0.48,1,0,1,1,0
strong,24,XGBoost,0.2,0.8,177,1,0.7399885654449463,0.2778322696685791,1,0,1,0,1
strong,24,XGBoost,0.2,0.8,75,0,0.2202964872121811,0.08830514550209045,0,0,0,0,0
strong,24,XGBoost,0.2,0.8,87,0,0.5394372940063477,0.5468184947967529,1,1,0,0,0
strong,24,XGBoost,0.2,0.8,79,0,0.6323140859603882,0.7848954796791077,1,1,0,0,0
strong,24,XGBoost,0.2,0.8,21,0,0.2574101984500885,0.15681855380535126,0,0,0,0,0
strong,24,XGBoost,0.2,0.8,9,0,0.36268338561058044,0.4117210805416107,0,0,0,0,0
strong,24,XGBoost,0.3,0.7,87,0,0.5394372940063477,0.5468184947967529,1,1,0,0,0
strong,24,XGBoost,0.3,0.7,79,0,0.6323140859603882,0.7848954796791077,1,1,0,0,0
strong,24,XGBoost,0.3,0.7,9,0,0.36268338561058044,0.4117210805416107,0,0,0,0,0
strong,24,XGBoost,0.4,0.6,87,0,0.5394372940063477,0.5468184947967529,1,1,0,0,0
strong,25,Logistic Regression,0.2,0.8,47,0,0.7782603346169384,0.7990123494567064,1,1,0,0,0
strong,25,Logistic Regression,0.2,0.8,15,0,0.5190533970165501,0.46703648493318634,1,0,1,1,0
strong,25,Logistic Regression,0.2,0.8,181,1,0.7071505808938137,0.982591093953026,1,1,0,0,0
strong,25,Logistic Regression,0.2,0.8,92,0,0.5401949671113718,0.3846322651556446,1,0,1,1,0
strong,25,Logistic Regression,0.2,0.8,182,1,0.7034986701272898,0.9781490291117427,1,1,0,0,0
strong,25,Logistic Regression,0.2,0.8,159,1,0.20100571759927097,0.34817978434506747,0,0,0,0,0
strong,25,Logistic Regression,0.2,0.8,141,1,0.3064336166881334,0.25751808723852637,0,0,0,0,0
strong,25,Logistic Regression,0.2,0.8,67,0,0.21594915912121251,0.04399655834248754,0,0,0,0,0
strong,25,Logistic Regression,0.2,0.8,180,1,0.5599536318378038,0.5163740820595011,1,1,0,0,0
strong,25,Logistic Regression,0.2,0.8,8,0,0.4063887146586519,0.292831773687792,0,0,0,0,0
strong,25,Logistic Regression,0.2,0.8,192,1,0.6684196373324283,0.9763351527615225,1,1,0,0,0
strong,25,Logistic Regression,0.2,0.8,82,0,0.29121890152312846,0.58701926347776,0,1,1,0,1
strong,25,Logistic Regression,0.2,0.8,147,1,0.5092214109637968,0.6355473483351198,1,1,0,0,0
strong,25,Logistic Regression,0.2,0.8,119,1,0.7988922083133065,0.8735626763139873,1,1,0,0,0
strong,25,Logistic Regression,0.2,0.8,120,1,0.6657441373467547,0.3380515897046267,1,0,1,0,1
strong,25,Logistic Regression,0.2,0.8,75,0,0.2442154958097921,0.062444215283074644,0,0,0,0,0
strong,25,Logistic Regression,0.3,0.7,15,0,0.5190533970165501,0.46703648493318634,1,0,1,1,0
strong,25,Logistic Regression,0.3,0.7,92,0,0.5401949671113718,0.3846322651556446,1,0,1,1,0
strong,25,Logistic Regression,0.3,0.7,141,1,0.3064336166881334,0.25751808723852637,0,0,0,0,0
strong,25,Logistic Regression,0.3,0.7,180,1,0.5599536318378038,0.5163740820595011,1,1,0,0,0
strong,25,Logistic Regression,0.3,0.7,8,0,0.4063887146586519,0.292831773687792,0,0,0,0,0
strong,25,Logistic Regression,0.3,0.7,192,1,0.6684196373324283,0.9763351527615225,1,1,0,0,0
strong,25,Logistic Regression,0.3,0.7,147,1,0.5092214109637968,0.6355473483351198,1,1,0,0,0
strong,25,Logistic Regression,0.3,0.7,120,1,0.6657441373467547,0.3380515897046267,1,0,1,0,1
strong,25,Logistic Regression,0.4,0.6,15,0,0.5190533970165501,0.46703648493318634,1,0,1,1,0
strong,25,Logistic Regression,0.4,0.6,92,0,0.5401949671113718,0.3846322651556446,1,0,1,1,0
strong,25,Logistic Regression,0.4,0.6,180,1,0.5599536318378038,0.5163740820595011,1,1,0,0,0
strong,25,Logistic Regression,0.4,0.6,8,0,0.4063887146586519,0.292831773687792,0,0,0,0,0
strong,25,Logistic Regression,0.4,0.6,147,1,0.5092214109637968,0.6355473483351198,1,1,0,0,0
strong,25,Random Forest,0.2,0.8,153,1,0.78,0.84,1,1,0,0,0
strong,25,Random Forest,0.2,0.8,47,0,0.45,0.46,0,0,0,0,0
strong,25,Random Forest,0.2,0.8,68,0,0.47,0.46,0,0,0,0,0
strong,25,Random Forest,0.2,0.8,181,1,0.78,0.86,1,1,0,0,0
strong,25,Random Forest,0.2,0.8,92,0,0.32,0.27,0,0,0,0,0
strong,25,Random Forest,0.2,0.8,159,1,0.67,0.66,1,1,0,0,0
strong,25,Random Forest,0.2,0.8,141,1,0.69,0.56,1,1,0,0,0
strong,25,Random Forest,0.2,0.8,67,0,0.22,0.18,0,0,0,0,0
strong,25,Random Forest,0.2,0.8,8,0,0.24,0.27,0,0,0,0,0
strong,25,Random Forest,0.2,0.8,192,1,0.72,0.79,1,1,0,0,0
strong,25,Random Forest,0.2,0.8,199,1,0.75,0.76,1,1,0,0,0
strong,25,Random Forest,0.2,0.8,114,1,0.77,0.7,1,1,0,0,0
strong,25,Random Forest,0.2,0.8,72,0,0.25,0.41,0,0,0,0,0
strong,25,Random Forest,0.2,0.8,109,1,0.55,0.58,1,1,0,0,0
strong,25,Random Forest,0.2,0.8,82,0,0.21,0.17,0,0,0,0,0
strong,25,Random Forest,0.2,0.8,119,1,0.7,0.55,1,1,0,0,0
strong,25,Random Forest,0.2,0.8,21,0,0.31,0.35,0,0,0,0,0
strong,25,Random Forest,0.2,0.8,91,0,0.51,0.41,1,0,1,1,0
strong,25,Random Forest,0.2,0.8,75,0,0.5,0.45,1,0,1,1,0
strong,25,Random Forest,0.3,0.7,47,0,0.45,0.46,0,0,0,0,0
strong,25,Random Forest,0.3,0.7,68,0,0.47,0.46,0,0,0,0,0
strong,25,Random Forest,0.3,0.7,92,0,0.32,0.27,0,0,0,0,0
strong,25,Random Forest,0.3,0.7,159,1,0.67,0.66,1,1,0,0,0
strong,25,Random Forest,0.3,0.7,141,1,0.69,0.56,1,1,0,0,0
strong,25,Random Forest,0.3,0.7,109,1,0.55,0.58,1,1,0,0,0
strong,25,Random Forest,0.3,0.7,21,0,0.31,0.35,0,0,0,0,0
strong,25,Random Forest,0.3,0.7,91,0,0.51,0.41,1,0,1,1,0
strong,25,Random Forest,0.3,0.7,75,0,0.5,0.45,1,0,1,1,0
strong,25,Random Forest,0.4,0.6,47,0,0.45,0.46,0,0,0,0,0
strong,25,Random Forest,0.4,0.6,68,0,0.47,0.46,0,0,0,0,0
strong,25,Random Forest,0.4,0.6,109,1,0.55,0.58,1,1,0,0,0
strong,25,Random Forest,0.4,0.6,91,0,0.51,0.41,1,0,1,1,0
strong,25,Random Forest,0.4,0.6,75,0,0.5,0.45,1,0,1,1,0
strong,25,XGBoost,0.2,0.8,47,0,0.36099615693092346,0.6541813611984253,0,1,1,0,1
strong,25,XGBoost,0.2,0.8,68,0,0.25064653158187866,0.30962511897087097,0,0,0,0,0
strong,25,XGBoost,0.2,0.8,159,1,0.6961018443107605,0.7058296203613281,1,1,0,0,0
strong,25,XGBoost,0.2,0.8,141,1,0.7643389105796814,0.6743348240852356,1,1,0,0,0
strong,25,XGBoost,0.2,0.8,119,1,0.5530197024345398,0.5080606937408447,1,1,0,0,0
strong,25,XGBoost,0.2,0.8,21,0,0.2701846957206726,0.3723869323730469,0,0,0,0,0
strong,25,XGBoost,0.2,0.8,91,0,0.5902395844459534,0.5115075707435608,1,1,0,0,0
strong,25,XGBoost,0.2,0.8,75,0,0.279215544462204,0.24928654730319977,0,0,0,0,0
strong,25,XGBoost,0.3,0.7,47,0,0.36099615693092346,0.6541813611984253,0,1,1,0,1
strong,25,XGBoost,0.3,0.7,159,1,0.6961018443107605,0.7058296203613281,1,1,0,0,0
strong,25,XGBoost,0.3,0.7,119,1,0.5530197024345398,0.5080606937408447,1,1,0,0,0
strong,25,XGBoost,0.3,0.7,91,0,0.5902395844459534,0.5115075707435608,1,1,0,0,0
strong,25,XGBoost,0.4,0.6,119,1,0.5530197024345398,0.5080606937408447,1,1,0,0,0
strong,25,XGBoost,0.4,0.6,91,0,0.5902395844459534,0.5115075707435608,1,1,0,0,0
strong,26,Logistic Regression,0.2,0.8,45,0,0.371171856843413,0.5158075081236646,0,1,1,0,1
strong,26,Logistic Regression,0.2,0.8,113,1,0.6528900850022554,0.9590060777823004,1,1,0,0,0
strong,26,Logistic Regression,0.2,0.8,88,0,0.23858416667741647,0.21794103999150793,0,0,0,0,0
strong,26,Logistic Regression,0.2,0.8,117,1,0.653760090417855,0.8697241836256502,1,1,0,0,0
strong,26,Logistic Regression,0.2,0.8,192,1,0.6344800090635495,0.987479643256617,1,1,0,0,0
strong,26,Logistic Regression,0.2,0.8,56,0,0.22212205526070353,0.14104933006835124,0,0,0,0,0
strong,26,Logistic Regression,0.2,0.8,122,1,0.7147703892977476,0.9971996978420594,1,1,0,0,0
strong,26,Logistic Regression,0.2,0.8,78,0,0.3660376436095829,0.09867171978019545,0,0,0,0,0
strong,26,Logistic Regression,0.2,0.8,120,1,0.5475446628198467,0.4657281279087298,1,0,1,0,1
strong,26,Logistic Regression,0.2,0.8,183,1,0.3270131645958952,0.7759853208447334,0,1,1,1,0
strong,26,Logistic Regression,0.2,0.8,180,1,0.7675019209664677,0.9239248258685855,1,1,0,0,0
strong,26,Logistic Regression,0.2,0.8,158,1,0.5088776430861222,0.9095330786635437,1,1,0,0,0
strong,26,Logistic Regression,0.3,0.7,45,0,0.371171856843413,0.5158075081236646,0,1,1,0,1
strong,26,Logistic Regression,0.3,0.7,113,1,0.6528900850022554,0.9590060777823004,1,1,0,0,0
strong,26,Logistic Regression,0.3,0.7,117,1,0.653760090417855,0.8697241836256502,1,1,0,0,0
strong,26,Logistic Regression,0.3,0.7,192,1,0.6344800090635495,0.987479643256617,1,1,0,0,0
strong,26,Logistic Regression,0.3,0.7,78,0,0.3660376436095829,0.09867171978019545,0,0,0,0,0
strong,26,Logistic Regression,0.3,0.7,120,1,0.5475446628198467,0.4657281279087298,1,0,1,0,1
strong,26,Logistic Regression,0.3,0.7,183,1,0.3270131645958952,0.7759853208447334,0,1,1,1,0
strong,26,Logistic Regression,0.3,0.7,158,1,0.5088776430861222,0.9095330786635437,1,1,0,0,0
strong,26,Logistic Regression,0.4,0.6,120,1,0.5475446628198467,0.4657281279087298,1,0,1,0,1
strong,26,Logistic Regression,0.4,0.6,158,1,0.5088776430861222,0.9095330786635437,1,1,0,0,0
strong,26,Random Forest,0.2,0.8,45,0,0.28,0.26,0,0,0,0,0
strong,26,Random Forest,0.2,0.8,72,0,0.33,0.5,0,1,1,0,1
strong,26,Random Forest,0.2,0.8,148,1,0.79,0.72,1,1,0,0,0
strong,26,Random Forest,0.2,0.8,113,1,0.69,0.71,1,1,0,0,0
strong,26,Random Forest,0.2,0.8,88,0,0.41,0.28,0,0,0,0,0
strong,26,Random Forest,0.2,0.8,162,1,0.68,0.83,1,1,0,0,0
strong,26,Random Forest,0.2,0.8,43,0,0.23,0.18,0,0,0,0,0
strong,26,Random Forest,0.2,0.8,198,1,0.62,0.43,1,0,1,0,1
strong,26,Random Forest,0.2,0.8,189,1,0.78,0.85,1,1,0,0,0
strong,26,Random Forest,0.2,0.8,78,0,0.28,0.43,0,0,0,0,0
strong,26,Random Forest,0.2,0.8,120,1,0.74,0.59,1,1,0,0,0
strong,26,Random Forest,0.2,0.8,183,1,0.78,0.71,1,1,0,0,0
strong,26,Random Forest,0.2,0.8,91,0,0.56,0.41,1,0,1,1,0
strong,26,Random Forest,0.2,0.8,65,0,0.48,0.37,0,0,0,0,0
strong,26,Random Forest,0.2,0.8,158,1,0.78,0.89,1,1,0,0,0
strong,26,Random Forest,0.3,0.7,72,0,0.33,0.5,0,1,1,0,1
strong,26,Random Forest,0.3,0.7,113,1,0.69,0.71,1,1,0,0,0
strong,26,Random Forest,0.3,0.7,88,0,0.41,0.28,0,0,0,0,0
strong,26,Random Forest,0.3,0.7,162,1,0.68,0.83,1,1,0,0,0
strong,26,Random Forest,0.3,0.7,198,1,0.62,0.43,1,0,1,0,1
strong,26,Random Forest,0.3,0.7,91,0,0.56,0.41,1,0,1,1,0
strong,26,Random Forest,0.3,0.7,65,0,0.48,0.37,0,0,0,0,0
strong,26,Random Forest,0.4,0.6,88,0,0.41,0.28,0,0,0,0,0
strong,26,Random Forest,0.4,0.6,91,0,0.56,0.41,1,0,1,1,0
strong,26,Random Forest,0.4,0.6,65,0,0.48,0.37,0,0,0,0,0
strong,26,XGBoost,0.2,0.8,45,0,0.27981239557266235,0.21433322131633759,0,0,0,0,0
strong,26,XGBoost,0.2,0.8,88,0,0.44252675771713257,0.2667653560638428,0,0,0,0,0
strong,26,XGBoost,0.2,0.8,21,0,0.22230856120586395,0.3187863230705261,0,0,0,0,0
strong,26,XGBoost,0.2,0.8,162,1,0.7936646938323975,0.9597275257110596,1,1,0,0,0
strong,26,XGBoost,0.3,0.7,88,0,0.44252675771713257,0.2667653560638428,0,0,0,0,0
strong,26,XGBoost,0.4,0.6,88,0,0.44252675771713257,0.2667653560638428,0,0,0,0,0
strong,27,Logistic Regression,0.2,0.8,78,0,0.6931621806074018,0.12115494002451904,1,0,1,1,0
strong,27,Logistic Regression,0.2,0.8,191,1,0.7865962403815218,0.9834540317455871,1,1,0,0,0
strong,27,Logistic Regression,0.2,0.8,20,0,0.7920888257713931,0.517233290763983,1,1,0,0,0
strong,27,Logistic Regression,0.2,0.8,8,0,0.2767365959841616,0.027389233278392596,0,0,0,0,0
strong,27,Logistic Regression,0.2,0.8,69,0,0.3708682367929723,0.9531557663835019,0,1,1,0,1
strong,27,Logistic Regression,0.3,0.7,78,0,0.6931621806074018,0.12115494002451904,1,0,1,1,0
strong,27,Logistic Regression,0.3,0.7,69,0,0.3708682367929723,0.9531557663835019,0,1,1,0,1
strong,27,Random Forest,0.2,0.8,78,0,0.29,0.37,0,0,0,0,0
strong,27,Random Forest,0.2,0.8,49,0,0.25,0.32,0,0,0,0,0
strong,27,Random Forest,0.2,0.8,58,0,0.44,0.39,0,0,0,0,0
strong,27,Random Forest,0.2,0.8,35,0,0.4,0.34,0,0,0,0,0
strong,27,Random Forest,0.2,0.8,84,0,0.55,0.5,1,1,0,0,0
strong,27,Random Forest,0.2,0.8,72,0,0.31,0.5,0,1,1,0,1
strong,27,Random Forest,0.2,0.8,64,0,0.31,0.28,0,0,0,0,0
strong,27,Random Forest,0.2,0.8,173,1,0.78,0.75,1,1,0,0,0
strong,27,Random Forest,0.2,0.8,119,1,0.54,0.64,1,1,0,0,0
strong,27,Random Forest,0.2,0.8,20,0,0.23,0.37,0,0,0,0,0
strong,27,Random Forest,0.2,0.8,123,1,0.56,0.66,1,1,0,0,0
strong,27,Random Forest,0.2,0.8,114,1,0.74,0.64,1,1,0,0,0
strong,27,Random Forest,0.2,0.8,198,1,0.64,0.52,1,1,0,0,0
strong,27,Random Forest,0.2,0.8,188,1,0.77,0.72,1,1,0,0,0
strong,27,Random Forest,0.2,0.8,176,1,0.63,0.71,1,1,0,0,0
strong,27,Random Forest,0.3,0.7,58,0,0.44,0.39,0,0,0,0,0
strong,27,Random Forest,0.3,0.7,35,0,0.4,0.34,0,0,0,0,0
strong,27,Random Forest,0.3,0.7,84,0,0.55,0.5,1,1,0,0,0
strong,27,Random Forest,0.3,0.7,72,0,0.31,0.5,0,1,1,0,1
strong,27,Random Forest,0.3,0.7,64,0,0.31,0.28,0,0,0,0,0
strong,27,Random Forest,0.3,0.7,119,1,0.54,0.64,1,1,0,0,0
strong,27,Random Forest,0.3,0.7,123,1,0.56,0.66,1,1,0,0,0
strong,27,Random Forest,0.3,0.7,198,1,0.64,0.52,1,1,0,0,0
strong,27,Random Forest,0.3,0.7,176,1,0.63,0.71,1,1,0,0,0
strong,27,Random Forest,0.4,0.6,58,0,0.44,0.39,0,0,0,0,0
strong,27,Random Forest,0.4,0.6,84,0,0.55,0.5,1,1,0,0,0
strong,27,Random Forest,0.4,0.6,119,1,0.54,0.64,1,1,0,0,0
strong,27,Random Forest,0.4,0.6,123,1,0.56,0.66,1,1,0,0,0
strong,27,XGBoost,0.2,0.8,35,0,0.3640202581882477,0.21766407787799835,0,0,0,0,0
strong,27,XGBoost,0.2,0.8,119,1,0.48520711064338684,0.5536485314369202,0,1,1,1,0
strong,27,XGBoost,0.2,0.8,176,1,0.4858546555042267,0.6576477289199829,0,1,1,1,0
strong,27,XGBoost,0.3,0.7,35,0,0.3640202581882477,0.21766407787799835,0,0,0,0,0
strong,27,XGBoost,0.3,0.7,119,1,0.48520711064338684,0.5536485314369202,0,1,1,1,0
strong,27,XGBoost,0.3,0.7,176,1,0.4858546555042267,0.6576477289199829,0,1,1,1,0
strong,27,XGBoost,0.4,0.6,119,1,0.48520711064338684,0.5536485314369202,0,1,1,1,0
strong,27,XGBoost,0.4,0.6,176,1,0.4858546555042267,0.6576477289199829,0,1,1,1,0
strong,28,Logistic Regression,0.2,0.8,23,0,0.2047482028156666,0.7353806912956186,0,1,1,0,1
strong,28,Logistic Regression,0.2,0.8,107,1,0.33389875577108397,0.7530853445327783,0,1,1,1,0
strong,28,Logistic Regression,0.2,0.8,20,0,0.6225000624556373,0.4422707261831341,1,0,1,1,0
strong,28,Logistic Regression,0.2,0.8,21,0,0.343021185529032,0.05739172076925909,0,0,0,0,0
strong,28,Logistic Regression,0.2,0.8,188,1,0.6577509596377744,0.9968435787579266,1,1,0,0,0
strong,28,Logistic Regression,0.2,0.8,87,0,0.744548842879949,0.9422111132699295,1,1,0,0,0
strong,28,Logistic Regression,0.2,0.8,31,0,0.3643662983312129,0.5986022749243078,0,1,1,0,1
strong,28,Logistic Regression,0.2,0.8,15,0,0.4865637467347467,0.12431531097833257,0,0,0,0,0
strong,28,Logistic Regression,0.2,0.8,158,1,0.7549817494659485,0.9305996225743786,1,1,0,0,0
strong,28,Logistic Regression,0.2,0.8,2,0,0.3575187525008302,0.018257187817500756,0,0,0,0,0
strong,28,Logistic Regression,0.2,0.8,181,1,0.7566566879658516,0.9710013276583744,1,1,0,0,0
strong,28,Logistic Regression,0.2,0.8,1,0,0.3555700474586303,0.4862776285319309,0,0,0,0,0
strong,28,Logistic Regression,0.2,0.8,8,0,0.4554254726137711,0.055897767534229925,0,0,0,0,0
strong,28,Logistic Regression,0.2,0.8,97,0,0.647505649922209,0.8067412692597008,1,1,0,0,0
strong,28,Logistic Regression,0.3,0.7,107,1,0.33389875577108397,0.7530853445327783,0,1,1,1,0
strong,28,Logistic Regression,0.3,0.7,20,0,0.6225000624556373,0.4422707261831341,1,0,1,1,0
strong,28,Logistic Regression,0.3,0.7,21,0,0.343021185529032,0.05739172076925909,0,0,0,0,0
strong,28,Logistic Regression,0.3,0.7,188,1,0.6577509596377744,0.9968435787579266,1,1,0,0,0
strong,28,Logistic Regression,0.3,0.7,31,0,0.3643662983312129,0.5986022749243078,0,1,1,0,1
strong,28,Logistic Regression,0.3,0.7,15,0,0.4865637467347467,0.12431531097833257,0,0,0,0,0
strong,28,Logistic Regression,0.3,0.7,2,0,0.3575187525008302,0.018257187817500756,0,0,0,0,0
strong,28,Logistic Regression,0.3,0.7,1,0,0.3555700474586303,0.4862776285319309,0,0,0,0,0
strong,28,Logistic Regression,0.3,0.7,8,0,0.4554254726137711,0.055897767534229925,0,0,0,0,0
strong,28,Logistic Regression,0.3,0.7,97,0,0.647505649922209,0.8067412692597008,1,1,0,0,0
strong,28,Logistic Regression,0.4,0.6,15,0,0.4865637467347467,0.12431531097833257,0,0,0,0,0
strong,28,Logistic Regression,0.4,0.6,8,0,0.4554254726137711,0.055897767534229925,0,0,0,0,0
strong,28,Random Forest,0.2,0.8,143,1,0.75,0.81,1,1,0,0,0
strong,28,Random Forest,0.2,0.8,117,1,0.77,0.84,1,1,0,0,0
strong,28,Random Forest,0.2,0.8,107,1,0.6,0.67,1,1,0,0,0
strong,28,Random Forest,0.2,0.8,148,1,0.73,0.59,1,1,0,0,0
strong,28,Random Forest,0.2,0.8,140,1,0.47,0.61,0,1,1,1,0
strong,28,Random Forest,0.2,0.8,153,1,0.62,0.8,1,1,0,0,0
strong,28,Random Forest,0.2,0.8,21,0,0.23,0.34,0,0,0,0,0
strong,28,Random Forest,0.2,0.8,188,1,0.77,0.76,1,1,0,0,0
strong,28,Random Forest,0.2,0.8,64,0,0.26,0.27,0,0,0,0,0
strong,28,Random Forest,0.2,0.8,87,0,0.45,0.56,0,1,1,0,1
strong,28,Random Forest,0.2,0.8,196,1,0.7,0.68,1,1,0,0,0
strong,28,Random Forest,0.2,0.8,31,0,0.6,0.58,1,1,0,0,0
strong,28,Random Forest,0.2,0.8,144,1,0.73,0.74,1,1,0,0,0
strong,28,Random Forest,0.2,0.8,158,1,0.78,0.79,1,1,0,0,0
strong,28,Random Forest,0.2,0.8,181,1,0.75,0.85,1,1,0,0,0
strong,28,Random Forest,0.2,0.8,1,0,0.48,0.5,0,1,1,0,1
strong,28,Random Forest,0.2,0.8,72,0,0.34,0.38,0,0,0,0,0
strong,28,Random Forest,0.2,0.8,164,1,0.77,0.7,1,1,0,0,0
strong,28,Random Forest,0.3,0.7,107,1,0.6,0.67,1,1,0,0,0
strong,28,Random Forest,0.3,0.7,140,1,0.47,0.61,0,1,1,1,0
strong,28,Random Forest,0.3,0.7,153,1,0.62,0.8,1,1,0,0,0
strong,28,Random Forest,0.3,0.7,87,0,0.45,0.56,0,1,1,0,1
strong,28,Random Forest,0.3,0.7,31,0,0.6,0.58,1,1,0,0,0
strong,28,Random Forest,0.3,0.7,1,0,0.48,0.5,0,1,1,0,1
strong,28,Random Forest,0.3,0.7,72,0,0.34,0.38,0,0,0,0,0
strong,28,Random Forest,0.4,0.6,140,1,0.47,0.61,0,1,1,1,0
strong,28,Random Forest,0.4,0.6,87,0,0.45,0.56,0,1,1,0,1
strong,28,Random Forest,0.4,0.6,1,0,0.48,0.5,0,1,1,0,1
strong,28,XGBoost,0.2,0.8,107,1,0.6641880869865417,0.7654924988746643,1,1,0,0,0
strong,28,XGBoost,0.2,0.8,140,1,0.7892947196960449,0.7190151810646057,1,1,0,0,0
strong,28,XGBoost,0.2,0.8,21,0,0.3178960680961609,0.10391740500926971,0,0,0,0,0
strong,28,XGBoost,0.2,0.8,87,0,0.6661983132362366,0.7464888095855713,1,1,0,0,0
strong,28,XGBoost,0.2,0.8,31,0,0.27015385031700134,0.5097936987876892,0,1,1,0,1
strong,28,XGBoost,0.2,0.8,1,0,0.647810697555542,0.5929605960845947,1,1,0,0,0
strong,28,XGBoost,0.3,0.7,107,1,0.6641880869865417,0.7654924988746643,1,1,0,0,0
strong,28,XGBoost,0.3,0.7,21,0,0.3178960680961609,0.10391740500926971,0,0,0,0,0
strong,28,XGBoost,0.3,0.7,87,0,0.6661983132362366,0.7464888095855713,1,1,0,0,0
strong,28,XGBoost,0.3,0.7,1,0,0.647810697555542,0.5929605960845947,1,1,0,0,0
strong,29,Logistic Regression,0.2,0.8,144,1,0.2834553708188102,0.5780676125219263,0,1,1,1,0
strong,29,Logistic Regression,0.2,0.8,69,0,0.6872791427528854,0.9961977960651434,1,1,0,0,0
strong,29,Logistic Regression,0.2,0.8,54,0,0.21672001544803493,0.0010014561774802544,0,0,0,0,0
strong,29,Logistic Regression,0.2,0.8,75,0,0.47576016718625236,0.24999027707996663,0,0,0,0,0
strong,29,Logistic Regression,0.2,0.8,151,1,0.7482241661213938,0.8674246833207431,1,1,0,0,0
strong,29,Logistic Regression,0.2,0.8,15,0,0.7742426280871726,0.9745589880002874,1,1,0,0,0
strong,29,Logistic Regression,0.2,0.8,117,1,0.7513539258795302,0.8201154047652848,1,1,0,0,0
strong,29,Logistic Regression,0.2,0.8,56,0,0.27095949068882963,0.08799432605159618,0,0,0,0,0
strong,29,Logistic Regression,0.2,0.8,76,0,0.308929904623839,0.6092211007860477,0,1,1,0,1
strong,29,Logistic Regression,0.2,0.8,30,0,0.3043440539657896,0.11542585805501407,0,0,0,0,0
strong,29,Logistic Regression,0.2,0.8,40,0,0.2982012256314916,0.07771991122527186,0,0,0,0,0
strong,29,Logistic Regression,0.2,0.8,1,0,0.26807907888733057,0.42016895451385816,0,0,0,0,0
strong,29,Logistic Regression,0.2,0.8,192,1,0.6234437779903693,0.9954069375162614,1,1,0,0,0
strong,29,Logistic Regression,0.2,0.8,78,0,0.5271529913691584,0.06626265835017506,1,0,1,1,0
strong,29,Logistic Regression,0.2,0.8,183,1,0.31630542799689826,0.745190386816353,0,1,1,1,0
strong,29,Logistic Regression,0.2,0.8,120,1,0.7902121257647174,0.6794757077331108,1,1,0,0,0
strong,29,Logistic Regression,0.3,0.7,69,0,0.6872791427528854,0.9961977960651434,1,1,0,0,0
strong,29,Logistic Regression,0.3,0.7,75,0,0.47576016718625236,0.24999027707996663,0,0,0,0,0
strong,29,Logistic Regression,0.3,0.7,76,0,0.308929904623839,0.6092211007860477,0,1,1,0,1
strong,29,Logistic Regression,0.3,0.7,30,0,0.3043440539657896,0.11542585805501407,0,0,0,0,0
strong,29,Logistic Regression,0.3,0.7,192,1,0.6234437779903693,0.9954069375162614,1,1,0,0,0
strong,29,Logistic Regression,0.3,0.7,78,0,0.5271529913691584,0.06626265835017506,1,0,1,1,0
strong,29,Logistic Regression,0.3,0.7,183,1,0.31630542799689826,0.745190386816353,0,1,1,1,0
strong,29,Logistic Regression,0.4,0.6,75,0,0.47576016718625236,0.24999027707996663,0,0,0,0,0
strong,29,Logistic Regression,0.4,0.6,78,0,0.5271529913691584,0.06626265835017506,1,0,1,1,0
strong,29,Random Forest,0.2,0.8,196,1,0.75,0.73,1,1,0,0,0
strong,29,Random Forest,0.2,0.8,54,0,0.22,0.15,0,0,0,0,0
strong,29,Random Forest,0.2,0.8,75,0,0.44,0.44,0,0,0,0,0
strong,29,Random Forest,0.2,0.8,140,1,0.61,0.58,1,1,0,0,0
strong,29,Random Forest,0.2,0.8,56,0,0.22,0.2,0,0,0,0,0
strong,29,Random Forest,0.2,0.8,91,0,0.48,0.37,0,0,0,0,0
strong,29,Random Forest,0.2,0.8,176,1,0.72,0.71,1,1,0,0,0
strong,29,Random Forest,0.2,0.8,68,0,0.69,0.58,1,1,0,0,0
strong,29,Random Forest,0.2,0.8,1,0,0.57,0.46,1,0,1,1,0
strong,29,Random Forest,0.2,0.8,165,1,0.77,0.84,1,1,0,0,0
strong,29,Random Forest,0.2,0.8,58,0,0.5,0.5,1,1,0,0,0
strong,29,Random Forest,0.2,0.8,43,0,0.3,0.15,0,0,0,0,0
strong,29,Random Forest,0.2,0.8,192,1,0.68,0.77,1,1,0,0,0
strong,29,Random Forest,0.2,0.8,78,0,0.35,0.3,0,0,0,0,0
strong,29,Random Forest,0.2,0.8,183,1,0.76,0.59,1,1,0,0,0
strong,29,Random Forest,0.2,0.8,120,1,0.78,0.67,1,1,0,0,0
strong,29,Random Forest,0.3,0.7,75,0,0.44,0.44,0,0,0,0,0
strong,29,Random Forest,0.3,0.7,140,1,0.61,0.58,1,1,0,0,0
strong,29,Random Forest,0.3,0.7,91,0,0.48,0.37,0,0,0,0,0
strong,29,Random Forest,0.3,0.7,68,0,0.69,0.58,1,1,0,0,0
strong,29,Random Forest,0.3,0.7,1,0,0.57,0.46,1,0,1,1,0
strong,29,Random Forest,0.3,0.7,58,0,0.5,0.5,1,1,0,0,0
strong,29,Random Forest,0.3,0.7,192,1,0.68,0.77,1,1,0,0,0
strong,29,Random Forest,0.3,0.7,78,0,0.35,0.3,0,0,0,0,0
strong,29,Random Forest,0.4,0.6,75,0,0.44,0.44,0,0,0,0,0
strong,29,Random Forest,0.4,0.6,91,0,0.48,0.37,0,0,0,0,0
strong,29,Random Forest,0.4,0.6,1,0,0.57,0.46,1,0,1,1,0
strong,29,Random Forest,0.4,0.6,58,0,0.5,0.5,1,1,0,0,0
strong,29,XGBoost,0.2,0.8,140,1,0.7624706029891968,0.7656116485595703,1,1,0,0,0
strong,29,XGBoost,0.2,0.8,176,1,0.5289584398269653,0.3076102137565613,1,0,1,0,1
strong,29,XGBoost,0.2,0.8,1,0,0.7250986695289612,0.8505809307098389,1,1,0,0,0
strong,29,XGBoost,0.3,0.7,176,1,0.5289584398269653,0.3076102137565613,1,0,1,0,1
strong,29,XGBoost,0.4,0.6,176,1,0.5289584398269653,0.3076102137565613,1,0,1,0,1
strong,30,Logistic Regression,0.2,0.8,180,1,0.7212622141795431,0.8875966947178702,1,1,0,0,0
strong,30,Logistic Regression,0.2,0.8,2,0,0.5103929964240589,0.036318649294999054,1,0,1,1,0
strong,30,Logistic Regression,0.2,0.8,69,0,0.5766995241875844,0.9617626254445061,1,1,0,0,0
strong,30,Logistic Regression,0.2,0.8,79,0,0.5307554557550566,0.5444252187257692,1,1,0,0,0
strong,30,Logistic Regression,0.2,0.8,92,0,0.36637318241243816,0.32496340319762634,0,0,0,0,0
strong,30,Logistic Regression,0.2,0.8,107,1,0.6522456075122632,0.9726957418082789,1,1,0,0,0
strong,30,Logistic Regression,0.2,0.8,188,1,0.7131482260605218,0.9989141227218628,1,1,0,0,0
strong,30,Logistic Regression,0.2,0.8,76,0,0.33422886736196883,0.14434305907165246,0,0,0,0,0
strong,30,Logistic Regression,0.2,0.8,71,0,0.25277677681229227,0.07291174126944469,0,0,0,0,0
strong,30,Logistic Regression,0.2,0.8,191,1,0.7872774687844634,0.9910170031257801,1,1,0,0,0
strong,30,Logistic Regression,0.2,0.8,21,0,0.45154887022963447,0.07602353003862053,0,0,0,0,0
strong,30,Logistic Regression,0.2,0.8,158,1,0.641750559741055,0.9474531730073423,1,1,0,0,0
strong,30,Logistic Regression,0.2,0.8,75,0,0.4217469633007788,0.041082031165723676,0,0,0,0,0
strong,30,Logistic Regression,0.2,0.8,97,0,0.668992151315304,0.7673385858315762,1,1,0,0,0
strong,30,Logistic Regression,0.2,0.8,56,0,0.2986471963752935,0.027566677749092137,0,0,0,0,0
strong,30,Logistic Regression,0.3,0.7,2,0,0.5103929964240589,0.036318649294999054,1,0,1,1,0
strong,30,Logistic Regression,0.3,0.7,69,0,0.5766995241875844,0.9617626254445061,1,1,0,0,0
strong,30,Logistic Regression,0.3,0.7,79,0,0.5307554557550566,0.5444252187257692,1,1,0,0,0
strong,30,Logistic Regression,0.3,0.7,92,0,0.36637318241243816,0.32496340319762634,0,0,0,0,0
strong,30,Logistic Regression,0.3,0.7,107,1,0.6522456075122632,0.9726957418082789,1,1,0,0,0
strong,30,Logistic Regression,0.3,0.7,76,0,0.33422886736196883,0.14434305907165246,0,0,0,0,0
strong,30,Logistic Regression,0.3,0.7,21,0,0.45154887022963447,0.07602353003862053,0,0,0,0,0
strong,30,Logistic Regression,0.3,0.7,158,1,0.641750559741055,0.9474531730073423,1,1,0,0,0
strong,30,Logistic Regression,0.3,0.7,75,0,0.4217469633007788,0.041082031165723676,0,0,0,0,0
strong,30,Logistic Regression,0.3,0.7,97,0,0.668992151315304,0.7673385858315762,1,1,0,0,0
strong,30,Logistic Regression,0.4,0.6,2,0,0.5103929964240589,0.036318649294999054,1,0,1,1,0
strong,30,Logistic Regression,0.4,0.6,69,0,0.5766995241875844,0.9617626254445061,1,1,0,0,0
strong,30,Logistic Regression,0.4,0.6,79,0,0.5307554557550566,0.5444252187257692,1,1,0,0,0
strong,30,Logistic Regression,0.4,0.6,21,0,0.45154887022963447,0.07602353003862053,0,0,0,0,0
strong,30,Logistic Regression,0.4,0.6,75,0,0.4217469633007788,0.041082031165723676,0,0,0,0,0
strong,30,Random Forest,0.2,0.8,73,0,0.21,0.25,0,0,0,0,0
strong,30,Random Forest,0.2,0.8,64,0,0.26,0.3,0,0,0,0,0
strong,30,Random Forest,0.2,0.8,65,0,0.47,0.37,0,0,0,0,0
strong,30,Random Forest,0.2,0.8,59,0,0.34,0.34,0,0,0,0,0
strong,30,Random Forest,0.2,0.8,79,0,0.34,0.47,0,0,0,0,0
strong,30,Random Forest,0.2,0.8,5,0,0.36,0.3,0,0,0,0,0
strong,30,Random Forest,0.2,0.8,9,0,0.47,0.45,0,0,0,0,0
strong,30,Random Forest,0.2,0.8,196,1,0.77,0.75,1,1,0,0,0
strong,30,Random Forest,0.2,0.8,92,0,0.28,0.26,0,0,0,0,0
strong,30,Random Forest,0.2,0.8,107,1,0.68,0.79,1,1,0,0,0
strong,30,Random Forest,0.2,0.8,188,1,0.71,0.87,1,1,0,0,0
strong,30,Random Forest,0.2,0.8,87,0,0.41,0.44,0,0,0,0,0
strong,30,Random Forest,0.2,0.8,140,1,0.62,0.69,1,1,0,0,0
strong,30,Random Forest,0.2,0.8,198,1,0.6,0.58,1,1,0,0,0
strong,30,Random Forest,0.2,0.8,153,1,0.69,0.77,1,1,0,0,0
strong,30,Random Forest,0.2,0.8,67,0,0.27,0.36,0,0,0,0,0
strong,30,Random Forest,0.2,0.8,117,1,0.77,0.86,1,1,0,0,0
strong,30,Random Forest,0.2,0.8,21,0,0.26,0.33,0,0,0,0,0
strong,30,Random Forest,0.2,0.8,75,0,0.54,0.45,1,0,1,1,0
strong,30,Random Forest,0.2,0.8,56,0,0.21,0.34,0,0,0,0,0
strong,30,Random Forest,0.3,0.7,65,0,0.47,0.37,0,0,0,0,0
strong,30,Random Forest,0.3,0.7,59,0,0.34,0.34,0,0,0,0,0
strong,30,Random Forest,0.3,0.7,79,0,0.34,0.47,0,0,0,0,0
strong,30,Random Forest,0.3,0.7,5,0,0.36,0.3,0,0,0,0,0
strong,30,Random Forest,0.3,0.7,9,0,0.47,0.45,0,0,0,0,0
strong,30,Random Forest,0.3,0.7,107,1,0.68,0.79,1,1,0,0,0
strong,30,Random Forest,0.3,0.7,87,0,0.41,0.44,0,0,0,0,0
strong,30,Random Forest,0.3,0.7,140,1,0.62,0.69,1,1,0,0,0
strong,30,Random Forest,0.3,0.7,198,1,0.6,0.58,1,1,0,0,0
strong,30,Random Forest,0.3,0.7,153,1,0.69,0.77,1,1,0,0,0
strong,30,Random Forest,0.3,0.7,75,0,0.54,0.45,1,0,1,1,0
strong,30,Random Forest,0.4,0.6,65,0,0.47,0.37,0,0,0,0,0
strong,30,Random Forest,0.4,0.6,9,0,0.47,0.45,0,0,0,0,0
strong,30,Random Forest,0.4,0.6,87,0,0.41,0.44,0,0,0,0,0
strong,30,Random Forest,0.4,0.6,75,0,0.54,0.45,1,0,1,1,0
strong,30,XGBoost,0.2,0.8,79,0,0.7247799038887024,0.8464120626449585,1,1,0,0,0
strong,30,XGBoost,0.2,0.8,9,0,0.5058561563491821,0.7824098467826843,1,1,0,0,0
strong,30,XGBoost,0.2,0.8,107,1,0.7032899856567383,0.729705274105072,1,1,0,0,0
strong,30,XGBoost,0.2,0.8,87,0,0.732589840888977,0.6581900119781494,1,1,0,0,0
strong,30,XGBoost,0.2,0.8,21,0,0.2949574589729309,0.30660030245780945,0,0,0,0,0
strong,30,XGBoost,0.2,0.8,75,0,0.5304684638977051,0.5451014637947083,1,1,0,0,0
strong,30,XGBoost,0.3,0.7,9,0,0.5058561563491821,0.7824098467826843,1,1,0,0,0
strong,30,XGBoost,0.3,0.7,75,0,0.5304684638977051,0.5451014637947083,1,1,0,0,0
strong,30,XGBoost,0.4,0.6,9,0,0.5058561563491821,0.7824098467826843,1,1,0,0,0
strong,30,XGBoost,0.4,0.6,75,0,0.5304684638977051,0.5451014637947083,1,1,0,0,0
